g,i,hr,xland,p,y,xwater,omegaland,omegawater,omegasupply,omegalabor,theta,omegawater_unit,sigma,CS_land,CS_labor,CS_supply
BANTA-CARBONA I.D.,Alfalfa,San Joaquin River,1136.600343,290.4258221,6.981811447,4.13,571.5529897,50,305.9903326,377.9325908,1.86,50,0.17,0.281872792,0.186385019,0.150905255
CENTRAL CALIFORNIA I.D.,Alfalfa,San Joaquin River,15502.5206,290.4258221,6.981811447,4.13,571.5529897,50,305.9903326,377.9325908,1.86,50,0.17,0.281872792,0.186385019,0.150905255
CITY OF TRACY,Alfalfa,San Joaquin River,154.9026085,290.4258221,6.981811447,4.13,571.5529897,50,305.9903326,377.9325908,1.86,50,0.17,0.281872792,0.186385019,0.150905255
COLUMBIA CANAL CO.,Alfalfa,San Joaquin River,135.399622,290.4258221,6.981811447,4.13,571.5529897,50,305.9903326,377.9325908,1.86,50,0.17,0.281872792,0.186385019,0.150905255
FIREBAUGH CANAL W.D.,Alfalfa,San Joaquin River,746.7873738,290.4258221,6.981811447,4.13,571.5529897,50,305.9903326,377.9325908,1.86,50,0.17,0.281872792,0.186385019,0.150905255
FRESNO SLOUGH W.D.,Alfalfa,Tulare Lake,67.73993738,279.620574,8.447932227,4.52,665.8443232,50,356.4707553,440.2816094,1.86,50,0.17,0.281872792,0.186385019,0.150905255
GRASSLANDS W.D.,Alfalfa,San Joaquin River,312.2935051,290.4258221,6.981811447,4.13,571.5529897,50,305.9903326,377.9325908,1.86,50,0.17,0.281872792,0.186385019,0.150905255
HENRY MILLER RECLAMATION DIST. 2131,Alfalfa,San Joaquin River,3600.08608,290.4258221,6.981811447,4.13,571.5529897,50,305.9903326,377.9325908,1.86,50,0.17,0.281872792,0.186385019,0.150905255
JAMES I.D.,Alfalfa,Tulare Lake,227.3565798,279.620574,8.447932227,4.52,665.8443232,50,356.4707553,440.2816094,1.86,50,0.17,0.281872792,0.186385019,0.150905255
LAGUNA W.D.,Alfalfa,San Joaquin River,179.8933666,290.4258221,6.981811447,4.13,571.5529897,50,305.9903326,377.9325908,1.86,50,0.17,0.281872792,0.186385019,0.150905255
PANOCHE W.D.,Alfalfa,San Joaquin River,708.9394652,290.4258221,6.981811447,4.13,571.5529897,50,305.9903326,377.9325908,1.86,50,0.17,0.281872792,0.186385019,0.150905255
PATTERSON W.D.,Alfalfa,San Joaquin River,1507.844487,290.4258221,6.981811447,4.13,571.5529897,50,305.9903326,377.9325908,1.86,50,0.17,0.281872792,0.186385019,0.150905255
PLEASANT VALLEY W.D.,Alfalfa,Tulare Lake,82.24043533,279.620574,8.447932227,4.52,665.8443232,50,356.4707553,440.2816094,1.86,50,0.17,0.281872792,0.186385019,0.150905255
SAN LUIS W.D.,Alfalfa,San Joaquin River,340.1407355,290.4258221,6.981811447,4.13,571.5529897,50,305.9903326,377.9325908,1.86,50,0.17,0.281872792,0.186385019,0.150905255
SANTA CLARA VALLEY W.D.,Alfalfa,San Francisco Bay,51.44895924,261.3108833,4.962762579,3.85,365.539366,50,195.6975367,241.7085417,1.86,50,0.17,0.281872792,0.186385019,0.150905255
THE WEST SIDE I.D.,Alfalfa,San Joaquin River,256.8128433,290.4258221,6.981811447,4.13,571.5529897,50,305.9903326,377.9325908,1.86,50,0.17,0.281872792,0.186385019,0.150905255
TRANQUILLITY I.D.,Alfalfa,Tulare Lake,175.7310436,279.620574,8.447932227,4.52,665.8443232,50,356.4707553,440.2816094,1.86,50,0.17,0.281872792,0.186385019,0.150905255
Turner Island Water District,Alfalfa,San Joaquin River,170.9672097,290.4258221,6.981811447,4.13,571.5529897,50,305.9903326,377.9325908,1.86,50,0.17,0.281872792,0.186385019,0.150905255
WEST STANISLAUS I.D.,Alfalfa,San Joaquin River,135.0036879,290.4258221,6.981811447,4.13,571.5529897,50,305.9903326,377.9325908,1.86,50,0.17,0.281872792,0.186385019,0.150905255
WESTLANDS W.D.,Alfalfa,Tulare Lake,1536.386533,279.620574,8.447932227,4.52,665.8443232,50,356.4707553,440.2816094,1.86,50,0.17,0.281872792,0.186385019,0.150905255
BANTA-CARBONA I.D.,Almonds,San Joaquin River,7003.788882,4775.762292,1.018616781,4.13,1058.311098,50,455.3980167,1465.658482,0.4,50,0.17,0.217550368,0.301286212,0.093613311
Byron Bethany (CVP),Almonds,San Joaquin River,1076.12308,4775.762292,1.018616781,4.13,1058.311098,50,455.3980167,1465.658482,0.4,50,0.17,0.217550368,0.301286212,0.093613311
CENTRAL CALIFORNIA I.D.,Almonds,San Joaquin River,33821.37262,4775.762292,1.018616781,4.13,1058.311098,50,455.3980167,1465.658482,0.4,50,0.17,0.217550368,0.301286212,0.093613311
COLUMBIA CANAL CO.,Almonds,San Joaquin River,10935.78501,4775.762292,1.018616781,4.13,1058.311098,50,455.3980167,1465.658482,0.4,50,0.17,0.217550368,0.301286212,0.093613311
DEL PUERTO WATER DISTRICT,Almonds,San Joaquin River,21532.32722,4775.762292,1.018616781,4.13,1058.311098,50,455.3980167,1465.658482,0.4,50,0.17,0.217550368,0.301286212,0.093613311
FIREBAUGH CANAL W.D.,Almonds,San Joaquin River,1905.470631,4775.762292,1.018616781,4.13,1058.311098,50,455.3980167,1465.658482,0.4,50,0.17,0.217550368,0.301286212,0.093613311
HENRY MILLER RECLAMATION DIST. 2131,Almonds,San Joaquin River,2652.04422,4775.762292,1.018616781,4.13,1058.311098,50,455.3980167,1465.658482,0.4,50,0.17,0.217550368,0.301286212,0.093613311
JAMES I.D.,Almonds,Tulare Lake,10105.66119,4875.001978,1.131453803,4.14,1199.972916,50,516.3560008,1661.846395,0.4,50,0.17,0.217550368,0.301286212,0.093613311
PACHECO W.D.,Almonds,San Joaquin River,1768.696978,4775.762292,1.018616781,4.13,1058.311098,50,455.3980167,1465.658482,0.4,50,0.17,0.217550368,0.301286212,0.093613311
PANOCHE W.D.,Almonds,San Joaquin River,4703.571025,4775.762292,1.018616781,4.13,1058.311098,50,455.3980167,1465.658482,0.4,50,0.17,0.217550368,0.301286212,0.093613311
PATTERSON W.D.,Almonds,San Joaquin River,4405.788463,4775.762292,1.018616781,4.13,1058.311098,50,455.3980167,1465.658482,0.4,50,0.17,0.217550368,0.301286212,0.093613311
SAN LUIS W.D.,Almonds,San Joaquin River,16553.73403,4775.762292,1.018616781,4.13,1058.311098,50,455.3980167,1465.658482,0.4,50,0.17,0.217550368,0.301286212,0.093613311
THE WEST SIDE I.D.,Almonds,San Joaquin River,2509.241807,4775.762292,1.018616781,4.13,1058.311098,50,455.3980167,1465.658482,0.4,50,0.17,0.217550368,0.301286212,0.093613311
TRANQUILLITY I.D.,Almonds,Tulare Lake,4492.196381,4875.001978,1.131453803,4.14,1199.972916,50,516.3560008,1661.846395,0.4,50,0.17,0.217550368,0.301286212,0.093613311
WEST STANISLAUS I.D.,Almonds,San Joaquin River,10227.86387,4775.762292,1.018616781,4.13,1058.311098,50,455.3980167,1465.658482,0.4,50,0.17,0.217550368,0.301286212,0.093613311
WESTLANDS W.D.,Almonds,Tulare Lake,85442.53598,4875.001978,1.131453803,4.14,1199.972916,50,516.3560008,1661.846395,0.4,50,0.17,0.217550368,0.301286212,0.093613311
BANTA-CARBONA I.D.,Beans Dry,San Joaquin River,338.6613804,1593.773361,1.285477627,2.21,174.4872294,50,145.5634067,1032.584353,1.68,50,0.17,0.085167238,0.504004546,0.071049516
CENTRAL CALIFORNIA I.D.,Beans Dry,San Joaquin River,370.6111696,1593.773361,1.285477627,2.21,174.4872294,50,145.5634067,1032.584353,1.68,50,0.17,0.085167238,0.504004546,0.071049516
DEL PUERTO WATER DISTRICT,Beans Dry,San Joaquin River,632.0224832,1593.773361,1.285477627,2.21,174.4872294,50,145.5634067,1032.584353,1.68,50,0.17,0.085167238,0.504004546,0.071049516
PANOCHE W.D.,Beans Dry,San Joaquin River,154.583728,1593.773361,1.285477627,2.21,174.4872294,50,145.5634067,1032.584353,1.68,50,0.17,0.085167238,0.504004546,0.071049516
PATTERSON W.D.,Beans Dry,San Joaquin River,42.99670708,1593.773361,1.285477627,2.21,174.4872294,50,145.5634067,1032.584353,1.68,50,0.17,0.085167238,0.504004546,0.071049516
SANTA CLARA VALLEY W.D.,Beans Dry,San Francisco Bay,273.3319809,2081.677186,2.666642109,2.08,472.7708342,50,394.4021201,2797.773609,1.68,50,0.17,0.085167238,0.504004546,0.071049516
THE WEST SIDE I.D.,Beans Dry,San Joaquin River,46.49114046,1593.773361,1.285477627,2.21,174.4872294,50,145.5634067,1032.584353,1.68,50,0.17,0.085167238,0.504004546,0.071049516
WEST STANISLAUS I.D.,Beans Dry,San Joaquin River,946.4918189,1593.773361,1.285477627,2.21,174.4872294,50,145.5634067,1032.584353,1.68,50,0.17,0.085167238,0.504004546,0.071049516
WESTLANDS W.D.,Beans Dry,Tulare Lake,2634.203367,1326.519215,1.43231235,1.92,161.8168873,50,134.99336,957.6035241,1.68,50,0.17,0.085167238,0.504004546,0.071049516
SAN BENITO CO. W.D.,Berries,Central Coast,58.94612018,3173.779594,32.91702622,1.42,4726.112738,50,43531.43091,40464.20104,0.25,50,0.17,0.045238346,0.387323291,0.416682812
SANTA CLARA VALLEY W.D.,Berries,San Francisco Bay,17.51726105,4365.17382,23.99255765,1.75,4737.888206,50,43639.89276,40565.02069,0.25,50,0.17,0.045238346,0.387323291,0.416682812
WESTLANDS W.D.,Berries,Tulare Lake,2.915794563,7027.33636,10.36058171,2.39,3293.681512,50,30337.54739,28199.96014,0.25,50,0.17,0.045238346,0.387323291,0.416682812
BANTA-CARBONA I.D.,Corn,San Joaquin River,276.1600003,77.55530093,25.22861255,2.42,172.4592834,50,171.1787431,1093.099489,0.3,50,0.17,0.088141761,0.558669339,0.087487293
CENTRAL CALIFORNIA I.D.,Corn,San Joaquin River,26341.9987,77.55530093,25.22861255,2.42,172.4592834,50,171.1787431,1093.099489,0.3,50,0.17,0.088141761,0.558669339,0.087487293
COLUMBIA CANAL CO.,Corn,San Joaquin River,46.81321903,77.55530093,25.22861255,2.42,172.4592834,50,171.1787431,1093.099489,0.3,50,0.17,0.088141761,0.558669339,0.087487293
DEL PUERTO WATER DISTRICT,Corn,San Joaquin River,720.3183693,77.55530093,25.22861255,2.42,172.4592834,50,171.1787431,1093.099489,0.3,50,0.17,0.088141761,0.558669339,0.087487293
FIREBAUGH CANAL W.D.,Corn,San Joaquin River,317.7256519,77.55530093,25.22861255,2.42,172.4592834,50,171.1787431,1093.099489,0.3,50,0.17,0.088141761,0.558669339,0.087487293
GRASSLANDS W.D.,Corn,San Joaquin River,6.831384013,77.55530093,25.22861255,2.42,172.4592834,50,171.1787431,1093.099489,0.3,50,0.17,0.088141761,0.558669339,0.087487293
HENRY MILLER RECLAMATION DIST. 2131,Corn,San Joaquin River,5017.80244,77.55530093,25.22861255,2.42,172.4592834,50,171.1787431,1093.099489,0.3,50,0.17,0.088141761,0.558669339,0.087487293
JAMES I.D.,Corn,Tulare Lake,3148.344507,161.4386617,22.01452234,2.28,313.2553796,50,310.9294039,1985.508049,0.3,50,0.17,0.088141761,0.558669338,0.087487293
PACHECO W.D.,Corn,San Joaquin River,84.18721923,77.55530093,25.22861255,2.42,172.4592834,50,171.1787431,1093.099489,0.3,50,0.17,0.088141761,0.558669339,0.087487293
PANOCHE W.D.,Corn,San Joaquin River,579.5089786,77.55530093,25.22861255,2.42,172.4592834,50,171.1787431,1093.099489,0.3,50,0.17,0.088141761,0.558669339,0.087487293
PATTERSON W.D.,Corn,San Joaquin River,1189.649435,77.55530093,25.22861255,2.42,172.4592834,50,171.1787431,1093.099489,0.3,50,0.17,0.088141761,0.558669339,0.087487293
SAN BENITO CO. W.D.,Corn,Central Coast,66.93662324,526.0114442,13.71643442,2.27,635.9429352,50,631.2209481,4030.800103,0.3,50,0.17,0.088141761,0.558669338,0.087487293
SAN LUIS W.D.,Corn,San Joaquin River,1079.624162,77.55530093,25.22861255,2.42,172.4592834,50,171.1787431,1093.099489,0.3,50,0.17,0.088141761,0.558669339,0.087487293
SANTA CLARA VALLEY W.D.,Corn,San Francisco Bay,517.8284123,592.8076036,11.59681099,2.3,605.946201,50,601.4469448,3840.671661,0.3,50,0.17,0.088141761,0.558669339,0.087487293
THE WEST SIDE I.D.,Corn,San Joaquin River,276.0452611,77.55530093,25.22861255,2.42,172.4592834,50,171.1787431,1093.099489,0.3,50,0.17,0.088141761,0.558669339,0.087487293
TRANQUILLITY I.D.,Corn,Tulare Lake,220.6909679,161.4386617,22.01452234,2.28,313.2553796,50,310.9294039,1985.508049,0.3,50,0.17,0.088141761,0.558669338,0.087487293
Turner Island Water District,Corn,San Joaquin River,199.7856786,77.55530093,25.22861255,2.42,172.4592834,50,171.1787431,1093.099489,0.3,50,0.17,0.088141761,0.558669339,0.087487293
WEST STANISLAUS I.D.,Corn,San Joaquin River,441.3094998,77.55530093,25.22861255,2.42,172.4592834,50,171.1787431,1093.099489,0.3,50,0.17,0.088141761,0.558669339,0.087487293
WESTLANDS W.D.,Corn,Tulare Lake,7775.839724,161.4386617,22.01452234,2.28,313.2553796,50,310.9294039,1985.508049,0.3,50,0.17,0.088141761,0.558669338,0.087487293
CENTRAL CALIFORNIA I.D.,Cotton,San Joaquin River,13328.48645,3399.208415,0.729719844,3.63,368.4467917,50,194.0424094,1104.405231,0.68,50,0.17,0.148539114,0.445240339,0.078228087
COLUMBIA CANAL CO.,Cotton,San Joaquin River,15.17210531,3399.208415,0.729719844,3.63,368.4467917,50,194.0424094,1104.405231,0.68,50,0.17,0.148539114,0.445240339,0.078228087
EAGLE FIELD W.D.,Cotton,San Joaquin River,1032.97327,3399.208415,0.729719844,3.63,368.4467917,50,194.0424094,1104.405231,0.68,50,0.17,0.148539114,0.445240339,0.078228087
FIREBAUGH CANAL W.D.,Cotton,San Joaquin River,2644.850688,3399.208415,0.729719844,3.63,368.4467917,50,194.0424094,1104.405231,0.68,50,0.17,0.148539114,0.445240339,0.078228087
FRESNO SLOUGH W.D.,Cotton,Tulare Lake,102.3418655,3710.758752,0.813814056,3.75,448.568462,50,236.2384667,1344.566888,0.68,50,0.17,0.148539114,0.445240339,0.078228087
GRASSLANDS W.D.,Cotton,San Joaquin River,32.37274313,3399.208415,0.729719844,3.63,368.4467917,50,194.0424094,1104.405231,0.68,50,0.17,0.148539114,0.445240339,0.078228087
HENRY MILLER RECLAMATION DIST. 2131,Cotton,San Joaquin River,8039.667186,3399.208415,0.729719844,3.63,368.4467917,50,194.0424094,1104.405231,0.68,50,0.17,0.148539114,0.445240339,0.078228087
JAMES I.D.,Cotton,Tulare Lake,1815.04729,3710.758752,0.813814056,3.75,448.568462,50,236.2384667,1344.566888,0.68,50,0.17,0.148539114,0.445240339,0.078228087
ORO LOMA W.D.,Cotton,San Joaquin River,74.97303315,3399.208415,0.729719844,3.63,368.4467917,50,194.0424094,1104.405231,0.68,50,0.17,0.148539114,0.445240339,0.078228087
PACHECO W.D.,Cotton,San Joaquin River,118.8977846,3399.208415,0.729719844,3.63,368.4467917,50,194.0424094,1104.405231,0.68,50,0.17,0.148539114,0.445240339,0.078228087
PANOCHE W.D.,Cotton,San Joaquin River,2978.103485,3399.208415,0.729719844,3.63,368.4467917,50,194.0424094,1104.405231,0.68,50,0.17,0.148539114,0.445240339,0.078228087
SAN LUIS W.D.,Cotton,San Joaquin River,1275.056641,3399.208415,0.729719844,3.63,368.4467917,50,194.0424094,1104.405231,0.68,50,0.17,0.148539114,0.445240339,0.078228087
TRANQUILLITY I.D.,Cotton,Tulare Lake,298.4951164,3710.758752,0.813814056,3.75,448.568462,50,236.2384667,1344.566888,0.68,50,0.17,0.148539114,0.445240339,0.078228087
Turner Island Water District,Cotton,San Joaquin River,1102.8674,3399.208415,0.729719844,3.63,368.4467917,50,194.0424094,1104.405231,0.68,50,0.17,0.148539114,0.445240339,0.078228087
WESTLANDS W.D.,Cotton,Tulare Lake,20363.84089,3710.758752,0.813814056,3.75,448.568462,50,236.2384667,1344.566888,0.68,50,0.17,0.148539114,0.445240339,0.078228087
CENTRAL CALIFORNIA I.D.,Cucurbits,San Joaquin River,3085.973773,384.0603914,14.86947686,2.3,267.5771745,50,3732.550159,1306.069593,0.05,50,0.17,0.046854775,0.228702604,0.653597591
DEL PUERTO WATER DISTRICT,Cucurbits,San Joaquin River,707.0967716,384.0603914,14.86947686,2.3,267.5771745,50,3732.550159,1306.069593,0.05,50,0.17,0.046854775,0.228702604,0.653597591
FIREBAUGH CANAL W.D.,Cucurbits,San Joaquin River,1047.821321,384.0603914,14.86947686,2.3,267.5771745,50,3732.550159,1306.069593,0.05,50,0.17,0.046854775,0.228702604,0.653597591
HENRY MILLER RECLAMATION DIST. 2131,Cucurbits,San Joaquin River,1919.334444,384.0603914,14.86947686,2.3,267.5771745,50,3732.550159,1306.069593,0.05,50,0.17,0.046854775,0.228702604,0.653597591
PACHECO W.D.,Cucurbits,San Joaquin River,108.6223468,384.0603914,14.86947686,2.3,267.5771745,50,3732.550159,1306.069593,0.05,50,0.17,0.046854775,0.228702604,0.653597591
PANOCHE W.D.,Cucurbits,San Joaquin River,1659.583285,384.0603914,14.86947686,2.3,267.5771745,50,3732.550159,1306.069593,0.05,50,0.17,0.046854775,0.228702604,0.653597591
PATTERSON W.D.,Cucurbits,San Joaquin River,202.1898291,384.0603914,14.86947686,2.3,267.5771745,50,3732.550159,1306.069593,0.05,50,0.17,0.046854775,0.228702604,0.653597591
SAN BENITO CO. W.D.,Cucurbits,Central Coast,239.732704,711.6013188,16.77063156,1.66,559.165047,50,7800.035966,2729.337683,0.05,50,0.17,0.046854775,0.228702604,0.653597591
SAN LUIS W.D.,Cucurbits,San Joaquin River,691.3802151,384.0603914,14.86947686,2.3,267.5771745,50,3732.550159,1306.069593,0.05,50,0.17,0.046854775,0.228702604,0.653597591
SANTA CLARA VALLEY W.D.,Cucurbits,San Francisco Bay,397.0760552,620.0615846,11.79928567,1.35,342.8028277,50,4781.90545,1673.253149,0.05,50,0.17,0.046854775,0.228702604,0.653597591
THE WEST SIDE I.D.,Cucurbits,San Joaquin River,22.48834412,384.0603914,14.86947686,2.3,267.5771745,50,3732.550159,1306.069593,0.05,50,0.17,0.046854775,0.228702604,0.653597591
TRANQUILLITY I.D.,Cucurbits,Tulare Lake,242.5581636,654.3961754,16.06524008,2.44,492.5857301,50,6871.292173,2404.357716,0.05,50,0.17,0.046854775,0.228702604,0.653597591
Turner Island Water District,Cucurbits,San Joaquin River,190.1281233,384.0603914,14.86947686,2.3,267.5771745,50,3732.550159,1306.069593,0.05,50,0.17,0.046854775,0.228702604,0.653597591
WEST STANISLAUS I.D.,Cucurbits,San Joaquin River,185.073951,384.0603914,14.86947686,2.3,267.5771745,50,3732.550159,1306.069593,0.05,50,0.17,0.046854775,0.228702604,0.653597591
WESTLANDS W.D.,Cucurbits,Tulare Lake,13062.52963,654.3961754,16.06524008,2.44,492.5857301,50,6871.292173,2404.357716,0.05,50,0.17,0.046854775,0.228702604,0.653597591
BANTA-CARBONA I.D.,Field and Grain,San Joaquin River,146.8652744,194.8087562,3.454627792,2.92,127.4152524,25,76.29216237,327.7457084,0.74,25,0.17,0.189326621,0.486998112,0.113362702
BROADVIEW W.D.,Field and Grain,San Joaquin River,4764.912193,194.8087562,3.454627792,2.92,127.4152524,25,76.29216237,327.7457084,0.74,25,0.17,0.189326621,0.486998112,0.113362702
Byron Bethany (CVP),Field and Grain,San Joaquin River,1170.387636,194.8087562,3.454627792,2.92,127.4152524,25,76.29216237,327.7457084,0.74,25,0.17,0.189326621,0.486998112,0.113362702
CENTRAL CALIFORNIA I.D.,Field and Grain,San Joaquin River,4727.835628,194.8087562,3.454627792,2.92,127.4152524,25,76.29216237,327.7457084,0.74,25,0.17,0.189326621,0.486998112,0.113362702
CITY OF TRACY,Field and Grain,San Joaquin River,139.5354986,194.8087562,3.454627792,2.92,127.4152524,25,76.29216237,327.7457084,0.74,25,0.17,0.189326621,0.486998112,0.113362702
COLUMBIA CANAL CO.,Field and Grain,San Joaquin River,12.25061981,194.8087562,3.454627792,2.92,127.4152524,25,76.29216237,327.7457084,0.74,25,0.17,0.189326621,0.486998112,0.113362702
DEL PUERTO WATER DISTRICT,Field and Grain,San Joaquin River,2156.735989,194.8087562,3.454627792,2.92,127.4152524,25,76.29216237,327.7457084,0.74,25,0.17,0.189326621,0.486998112,0.113362702
FIREBAUGH CANAL W.D.,Field and Grain,San Joaquin River,1866.82392,194.8087562,3.454627792,2.92,127.4152524,25,76.29216237,327.7457084,0.74,25,0.17,0.189326621,0.486998112,0.113362702
FRESNO SLOUGH W.D.,Field and Grain,Tulare Lake,91.36137583,289.315121,2.652255461,3.26,145.2774366,25,86.98746477,373.6919674,0.74,25,0.17,0.189326621,0.486998112,0.113362702
GRASSLANDS W.D.,Field and Grain,San Joaquin River,484.2565142,194.8087562,3.454627792,2.92,127.4152524,25,76.29216237,327.7457084,0.74,25,0.17,0.189326621,0.486998112,0.113362702
HENRY MILLER RECLAMATION DIST. 2131,Field and Grain,San Joaquin River,3930.346126,194.8087562,3.454627792,2.92,127.4152524,25,76.29216237,327.7457084,0.74,25,0.17,0.189326621,0.486998112,0.113362702
JAMES I.D.,Field and Grain,Tulare Lake,164.2545862,289.315121,2.652255461,3.26,145.2774366,25,86.98746477,373.6919674,0.74,25,0.17,0.189326621,0.486998112,0.113362702
LAGUNA W.D.,Field and Grain,San Joaquin River,200.9997694,194.8087562,3.454627792,2.92,127.4152524,25,76.29216237,327.7457084,0.74,25,0.17,0.189326621,0.486998112,0.113362702
MERCY SPRINGS W.D.,Field and Grain,San Joaquin River,170.316609,194.8087562,3.454627792,2.92,127.4152524,25,76.29216237,327.7457084,0.74,25,0.17,0.189326621,0.486998112,0.113362702
ORO LOMA W.D.,Field and Grain,San Joaquin River,56.78375885,194.8087562,3.454627792,2.92,127.4152524,25,76.29216237,327.7457084,0.74,25,0.17,0.189326621,0.486998112,0.113362702
PACHECO W.D.,Field and Grain,San Joaquin River,281.603157,194.8087562,3.454627792,2.92,127.4152524,25,76.29216237,327.7457084,0.74,25,0.17,0.189326621,0.486998112,0.113362702
PANOCHE W.D.,Field and Grain,San Joaquin River,2941.343044,194.8087562,3.454627792,2.92,127.4152524,25,76.29216237,327.7457084,0.74,25,0.17,0.189326621,0.486998112,0.113362702
PATTERSON W.D.,Field and Grain,San Joaquin River,346.032142,194.8087562,3.454627792,2.92,127.4152524,25,76.29216237,327.7457084,0.74,25,0.17,0.189326621,0.486998112,0.113362702
PLEASANT VALLEY W.D.,Field and Grain,Tulare Lake,5207.275974,289.315121,2.652255461,3.26,145.2774366,25,86.98746477,373.6919674,0.74,25,0.17,0.189326621,0.486998112,0.113362702
SAN BENITO CO. W.D.,Field and Grain,Central Coast,3129.446081,255.5234925,2.245253001,2.88,108.619501,25,65.03786991,279.3980676,0.74,25,0.17,0.189326621,0.486998112,0.113362702
SAN LUIS W.D.,Field and Grain,San Joaquin River,3912.822766,194.8087562,3.454627792,2.92,127.4152524,25,76.29216237,327.7457084,0.74,25,0.17,0.189326621,0.486998112,0.113362702
SANTA CLARA VALLEY W.D.,Field and Grain,San Francisco Bay,4508.8111,188.7820128,2.299231437,2.38,82.17788957,25,49.2054819,211.3832538,0.74,25,0.17,0.189326621,0.486998112,0.113362702
THE WEST SIDE I.D.,Field and Grain,San Joaquin River,1236.609202,194.8087562,3.454627792,2.92,127.4152524,25,76.29216237,327.7457084,0.74,25,0.17,0.189326621,0.486998112,0.113362702
TRANQUILLITY I.D.,Field and Grain,Tulare Lake,181.0480689,289.315121,2.652255461,3.26,145.2774366,25,86.98746477,373.6919674,0.74,25,0.17,0.189326621,0.486998112,0.113362702
Turner Island Water District,Field and Grain,San Joaquin River,1043.742892,194.8087562,3.454627792,2.92,127.4152524,25,76.29216237,327.7457084,0.74,25,0.17,0.189326621,0.486998112,0.113362702
WEST STANISLAUS I.D.,Field and Grain,San Joaquin River,192.5722329,194.8087562,3.454627792,2.92,127.4152524,25,76.29216237,327.7457084,0.74,25,0.17,0.189326621,0.486998112,0.113362702
WESTLANDS W.D.,Field and Grain,Tulare Lake,68547.1855,289.315121,2.652255461,3.26,145.2774366,25,86.98746477,373.6919674,0.74,25,0.17,0.189326621,0.486998112,0.113362702
BANTA-CARBONA I.D.,Grapes,San Joaquin River,230.4610366,1686.199914,10.80135885,3.1,5693.452825,50,6051.355455,4549.189642,0.13,50,0.17,0.312599493,0.249773629,0.332250166
Byron Bethany (CVP),Grapes,San Joaquin River,11.31627138,1686.199914,10.80135885,3.1,5693.452825,50,6051.355455,4549.189642,0.13,50,0.17,0.312599493,0.249773629,0.332250166
CENTRAL CALIFORNIA I.D.,Grapes,San Joaquin River,426.9213886,1686.199914,10.80135885,3.1,5693.452825,50,6051.355455,4549.189642,0.13,50,0.17,0.312599493,0.249773629,0.332250166
COLUMBIA CANAL CO.,Grapes,San Joaquin River,31.56189444,1686.199914,10.80135885,3.1,5693.452825,50,6051.355455,4549.189642,0.13,50,0.17,0.312599493,0.249773629,0.332250166
DEL PUERTO WATER DISTRICT,Grapes,San Joaquin River,510.9827322,1686.199914,10.80135885,3.1,5693.452825,50,6051.355455,4549.189642,0.13,50,0.17,0.312599493,0.249773629,0.332250166
HENRY MILLER RECLAMATION DIST. 2131,Grapes,San Joaquin River,41.67305644,1686.199914,10.80135885,3.1,5693.452825,50,6051.355455,4549.189642,0.13,50,0.17,0.312599493,0.249773629,0.332250166
JAMES I.D.,Grapes,Tulare Lake,1400.977366,1422.002244,11.72196241,4.01,2204.421494,50,7245.758443,5033.01877,0.13,50,0.17,0.132249498,0.30194507,0.434693599
PANOCHE W.D.,Grapes,San Joaquin River,2561.35883,1686.199914,10.80135885,3.1,5693.452825,50,6051.355455,4549.189642,0.13,50,0.17,0.312599493,0.249773629,0.332250166
PATTERSON W.D.,Grapes,San Joaquin River,18.49255497,1686.199914,10.80135885,3.1,5693.452825,50,6051.355455,4549.189642,0.13,50,0.17,0.312599493,0.249773629,0.332250166
SAN BENITO CO. W.D.,Grapes,Central Coast,162.5060611,1828.539429,9.7576058,2.46,2359.617613,50,7755.875763,5387.354353,0.13,50,0.17,0.132249498,0.30194507,0.434693599
SAN LUIS W.D.,Grapes,San Joaquin River,91.66181045,1686.199914,10.80135885,3.1,5693.452825,50,6051.355455,4549.189642,0.13,50,0.17,0.312599493,0.249773629,0.332250166
SANTA CLARA VALLEY W.D.,Grapes,San Francisco Bay,1635.614045,2182.634114,9.45983331,2.51,6454.352665,50,6860.087087,5157.164763,0.13,50,0.17,0.312599493,0.249773629,0.332250166
TRANQUILLITY I.D.,Grapes,Tulare Lake,127.6432007,1422.002244,11.72196241,4.01,2204.421494,50,7245.758443,5033.01877,0.13,50,0.17,0.132249498,0.30194507,0.434693599
WEST STANISLAUS I.D.,Grapes,San Joaquin River,704.4848463,1686.199914,10.80135885,3.1,5693.452825,50,6051.355455,4549.189642,0.13,50,0.17,0.312599493,0.249773629,0.332250166
WESTLANDS W.D.,Grapes,Tulare Lake,16335.50709,1422.002244,11.72196241,4.01,2204.421494,50,7245.758443,5033.01877,0.13,50,0.17,0.132249498,0.30194507,0.434693599
CENTRAL CALIFORNIA I.D.,Lettuce,San Joaquin River,133.8675199,1008,18.9,3.33,1600,65,12500,929,0.25,65,0.17,0.083984211,0.048763332,0.656126648
DEL PUERTO WATER DISTRICT,Lettuce,San Joaquin River,154.3508257,1008,18.9,3.33,1600,65,12500,929,0.25,65,0.17,0.083984211,0.048763332,0.656126648
SAN BENITO CO. W.D.,Lettuce,Central Coast,8320.721698,1008,18.9,1.37,1600,65,12500,929,0.25,65,0.17,0.083984211,0.048763332,0.656126648
SANTA CLARA VALLEY W.D.,Lettuce,San Francisco Bay,2336.693965,1008,18.9,1.68,1600,65,12500,929,0.25,65,0.17,0.083984211,0.048763332,0.656126648
TRANQUILLITY I.D.,Lettuce,Tulare Lake,35.96872676,1008,18.9,2.3,1600,65,12500,929,0.25,65,0.17,0.083984211,0.048763332,0.656126648
Turner Island Water District,Lettuce,San Joaquin River,125.544566,1008,18.9,3.33,1600,65,12500,929,0.25,65,0.17,0.083984211,0.048763332,0.656126648
WESTLANDS W.D.,Lettuce,Tulare Lake,3418.435187,1008,18.9,2.3,1600,65,12500,929,0.25,65,0.17,0.083984211,0.048763332,0.656126648
BROADVIEW W.D.,Onions and Garlic,San Joaquin River,30.40487345,1579.216395,6.547714821,1.48,1660.207976,50,2894.594244,4313.352488,0.41,50,0.17,0.160557684,0.417141646,0.279934415
CENTRAL CALIFORNIA I.D.,Onions and Garlic,San Joaquin River,939.8552181,1579.216395,6.547714821,1.48,1660.207976,50,2894.594244,4313.352488,0.41,50,0.17,0.160557684,0.417141646,0.279934415
DEL PUERTO WATER DISTRICT,Onions and Garlic,San Joaquin River,107.0342644,1579.216395,6.547714821,1.48,1660.207976,50,2894.594244,4313.352488,0.41,50,0.17,0.160557684,0.417141646,0.279934415
FIREBAUGH CANAL W.D.,Onions and Garlic,San Joaquin River,344.8108972,1579.216395,6.547714821,1.48,1660.207976,50,2894.594244,4313.352488,0.41,50,0.17,0.160557684,0.417141646,0.279934415
FRESNO SLOUGH W.D.,Onions and Garlic,Tulare Lake,92.06001764,2408.610949,10.63434095,1.25,4112.52293,50,7170.237324,10684.66196,0.41,50,0.17,0.160557684,0.417141646,0.279934415
HENRY MILLER RECLAMATION DIST. 2131,Onions and Garlic,San Joaquin River,946.5806862,1579.216395,6.547714821,1.48,1660.207976,50,2894.594244,4313.352488,0.41,50,0.17,0.160557684,0.417141646,0.279934415
JAMES I.D.,Onions and Garlic,Tulare Lake,73.48637504,2408.610949,10.63434095,1.25,4112.52293,50,7170.237324,10684.66196,0.41,50,0.17,0.160557684,0.417141646,0.279934415
PACHECO W.D.,Onions and Garlic,San Joaquin River,293.0802116,1579.216395,6.547714821,1.48,1660.207976,50,2894.594244,4313.352488,0.41,50,0.17,0.160557684,0.417141646,0.279934415
PANOCHE W.D.,Onions and Garlic,San Joaquin River,312.0014879,1579.216395,6.547714821,1.48,1660.207976,50,2894.594244,4313.352488,0.41,50,0.17,0.160557684,0.417141646,0.279934415
PLEASANT VALLEY W.D.,Onions and Garlic,Tulare Lake,352.0417019,2408.610949,10.63434095,1.25,4112.52293,50,7170.237324,10684.66196,0.41,50,0.17,0.160557684,0.417141646,0.279934415
SAN BENITO CO. W.D.,Onions and Garlic,Central Coast,238.1333259,1427.738608,20.08290673,1.59,4603.693171,50,8026.59904,11960.76135,0.41,50,0.17,0.160557684,0.417141646,0.279934415
SAN LUIS W.D.,Onions and Garlic,San Joaquin River,42.01553528,1579.216395,6.547714821,1.48,1660.207976,50,2894.594244,4313.352488,0.41,50,0.17,0.160557684,0.417141646,0.279934415
SANTA CLARA VALLEY W.D.,Onions and Garlic,San Francisco Bay,156.3016191,1577.95801,5.4088809,2,1370.35774,50,2389.23658,3560.2985,0.41,50,0.17,0.160557684,0.417141646,0.279934415
TRANQUILLITY I.D.,Onions and Garlic,Tulare Lake,396.3800186,2408.610949,10.63434095,1.25,4112.52293,50,7170.237324,10684.66196,0.41,50,0.17,0.160557684,0.417141646,0.279934415
Turner Island Water District,Onions and Garlic,San Joaquin River,785.5235376,1579.216395,6.547714821,1.48,1660.207976,50,2894.594244,4313.352488,0.41,50,0.17,0.160557684,0.417141646,0.279934415
WEST STANISLAUS I.D.,Onions and Garlic,San Joaquin River,136.1806309,1579.216395,6.547714821,1.48,1660.207976,50,2894.594244,4313.352488,0.41,50,0.17,0.160557684,0.417141646,0.279934415
WESTLANDS W.D.,Onions and Garlic,Tulare Lake,17632.66838,2408.610949,10.63434095,1.25,4112.52293,50,7170.237324,10684.66196,0.41,50,0.17,0.160557684,0.417141646,0.279934415
BANTA-CARBONA I.D.,Orchards,San Joaquin River,770.0378914,4762.917744,3.247388671,3.45,2203.997556,50,5347.052259,5630.387794,0.13,50,0.17,0.142496355,0.364024786,0.345706127
CENTRAL CALIFORNIA I.D.,Orchards,San Joaquin River,983.6340599,4762.917744,3.247388671,3.45,2203.997556,50,5347.052259,5630.387794,0.13,50,0.17,0.142496355,0.364024786,0.345706127
COLUMBIA CANAL CO.,Orchards,San Joaquin River,0.23093099,4762.917744,3.247388671,3.45,2203.997556,50,5347.052259,5630.387794,0.13,50,0.17,0.142496355,0.364024786,0.345706127
DEL PUERTO WATER DISTRICT,Orchards,San Joaquin River,3585.271711,4762.917744,3.247388671,3.45,2203.997556,50,5347.052259,5630.387794,0.13,50,0.17,0.142496355,0.364024786,0.345706127
FIREBAUGH CANAL W.D.,Orchards,San Joaquin River,451.1533949,4762.917744,3.247388671,3.45,2203.997556,50,5347.052259,5630.387794,0.13,50,0.17,0.142496355,0.364024786,0.345706127
HENRY MILLER RECLAMATION DIST. 2131,Orchards,San Joaquin River,89.74341271,4762.917744,3.247388671,3.45,2203.997556,50,5347.052259,5630.387794,0.13,50,0.17,0.142496355,0.364024786,0.345706127
JAMES I.D.,Orchards,Tulare Lake,69.88396,2277.681025,7.763328774,3.5,2519.675648,50,6112.909395,6436.827015,0.13,50,0.17,0.142496355,0.364024786,0.345706127
PANOCHE W.D.,Orchards,San Joaquin River,461.2066509,4762.917744,3.247388671,3.45,2203.997556,50,5347.052259,5630.387794,0.13,50,0.17,0.142496355,0.364024786,0.345706127
PATTERSON W.D.,Orchards,San Joaquin River,679.0234821,4762.917744,3.247388671,3.45,2203.997556,50,5347.052259,5630.387794,0.13,50,0.17,0.142496355,0.364024786,0.345706127
SAN BENITO CO. W.D.,Orchards,Central Coast,1081.168878,1190.158285,14.43863271,2.72,2448.694182,50,5940.703393,6255.495971,0.13,50,0.17,0.142496355,0.364024786,0.345706127
SAN LUIS W.D.,Orchards,San Joaquin River,937.3376077,4762.917744,3.247388671,3.45,2203.997556,50,5347.052259,5630.387794,0.13,50,0.17,0.142496355,0.364024786,0.345706127
SANTA CLARA VALLEY W.D.,Orchards,San Francisco Bay,1680.424039,3477.145422,5.627572715,3.12,2788.352819,50,6764.739008,7123.1965,0.13,50,0.17,0.142496355,0.364024786,0.345706127
THE WEST SIDE I.D.,Orchards,San Joaquin River,27.01309477,4762.917744,3.247388671,3.45,2203.997556,50,5347.052259,5630.387794,0.13,50,0.17,0.142496355,0.364024786,0.345706127
TRANQUILLITY I.D.,Orchards,Tulare Lake,54.23389703,2277.681025,7.763328774,3.5,2519.675648,50,6112.909395,6436.827015,0.13,50,0.17,0.142496355,0.364024786,0.345706127
WEST STANISLAUS I.D.,Orchards,San Joaquin River,912.5589146,4762.917744,3.247388671,3.45,2203.997556,50,5347.052259,5630.387794,0.13,50,0.17,0.142496355,0.364024786,0.345706127
WESTLANDS W.D.,Orchards,Tulare Lake,4800.071949,2277.681025,7.763328774,3.5,2519.675648,50,6112.909395,6436.827015,0.13,50,0.17,0.142496355,0.364024786,0.345706127
BANTA-CARBONA I.D.,Pasture,San Joaquin River,12.54883657,226.9343417,5,4.6,214.82356,10,128.6294506,552.5829799,0.51,10,0.17,0.189326621,0.486998112,0.113362702
Byron Bethany (CVP),Pasture,San Joaquin River,57.61231852,226.9343417,5,4.6,214.82356,10,128.6294506,552.5829799,0.51,10,0.17,0.189326621,0.486998112,0.113362702
CENTRAL CALIFORNIA I.D.,Pasture,San Joaquin River,2889.95792,226.9343417,5,4.6,214.82356,10,128.6294506,552.5829799,0.51,10,0.17,0.189326621,0.486998112,0.113362702
COLUMBIA CANAL CO.,Pasture,San Joaquin River,35.17888638,226.9343417,5,4.6,214.82356,10,128.6294506,552.5829799,0.51,10,0.17,0.189326621,0.486998112,0.113362702
DEL PUERTO WATER DISTRICT,Pasture,San Joaquin River,115.4088946,226.9343417,5,4.6,214.82356,10,128.6294506,552.5829799,0.51,10,0.17,0.189326621,0.486998112,0.113362702
FIREBAUGH CANAL W.D.,Pasture,San Joaquin River,11.98431594,226.9343417,5,4.6,214.82356,10,128.6294506,552.5829799,0.51,10,0.17,0.189326621,0.486998112,0.113362702
GRASSLANDS W.D.,Pasture,San Joaquin River,382.9851521,226.9343417,5,4.6,214.82356,10,128.6294506,552.5829799,0.51,10,0.17,0.189326621,0.486998112,0.113362702
HENRY MILLER RECLAMATION DIST. 2131,Pasture,San Joaquin River,543.2067388,226.9343417,5,4.6,214.82356,10,128.6294506,552.5829799,0.51,10,0.17,0.189326621,0.486998112,0.113362702
JAMES I.D.,Pasture,Tulare Lake,4.275104626,242.4206904,4.903405501,4.77,225.0500826,10,134.7527641,578.888299,0.51,10,0.17,0.189326621,0.486998112,0.113362702
MERCY SPRINGS W.D.,Pasture,San Joaquin River,2166.625533,226.9343417,5,4.6,214.82356,10,128.6294506,552.5829799,0.51,10,0.17,0.189326621,0.486998112,0.113362702
ORO LOMA W.D.,Pasture,San Joaquin River,826.3154645,226.9343417,5,4.6,214.82356,10,128.6294506,552.5829799,0.51,10,0.17,0.189326621,0.486998112,0.113362702
PANOCHE W.D.,Pasture,San Joaquin River,34.69743112,226.9343417,5,4.6,214.82356,10,128.6294506,552.5829799,0.51,10,0.17,0.189326621,0.486998112,0.113362702
PATTERSON W.D.,Pasture,San Joaquin River,274.3191549,226.9343417,5,4.6,214.82356,10,128.6294506,552.5829799,0.51,10,0.17,0.189326621,0.486998112,0.113362702
PLEASANT VALLEY W.D.,Pasture,Tulare Lake,129.0243946,242.4206904,4.903405501,4.77,225.0500826,10,134.7527641,578.888299,0.51,10,0.17,0.189326621,0.486998112,0.113362702
SAN BENITO CO. W.D.,Pasture,Central Coast,739.1398811,207.2507842,4.78638378,4.19,187.8085604,10,112.4537362,483.0932599,0.51,10,0.17,0.189326621,0.486998112,0.113362702
SAN LUIS W.D.,Pasture,San Joaquin River,63.69698389,226.9343417,5,4.6,214.82356,10,128.6294506,552.5829799,0.51,10,0.17,0.189326621,0.486998112,0.113362702
SANTA CLARA VALLEY W.D.,Pasture,San Francisco Bay,1060.879493,274.2759113,5,3.31,259.6386568,10,155.4632918,667.8592549,0.51,10,0.17,0.189326621,0.486998112,0.113362702
THE WEST SIDE I.D.,Pasture,San Joaquin River,209.6709714,226.9343417,5,4.6,214.82356,10,128.6294506,552.5829799,0.51,10,0.17,0.189326621,0.486998112,0.113362702
WEST STANISLAUS I.D.,Pasture,San Joaquin River,3.628317337,226.9343417,5,4.6,214.82356,10,128.6294506,552.5829799,0.51,10,0.17,0.189326621,0.486998112,0.113362702
WESTLANDS W.D.,Pasture,Tulare Lake,443.9962986,242.4206904,4.903405501,4.77,225.0500826,10,134.7527641,578.888299,0.51,10,0.17,0.189326621,0.486998112,0.113362702
BANTA-CARBONA I.D.,Pistachios,San Joaquin River,102.9100466,4897.401316,1.414819371,3.81,1806.45507,50,360.6739901,1788.102657,0.4,50,0.17,0.260711671,0.25806301,0.052053284
CENTRAL CALIFORNIA I.D.,Pistachios,San Joaquin River,4643.001498,4897.401316,1.414819371,3.81,1806.45507,50,360.6739901,1788.102657,0.4,50,0.17,0.260711671,0.25806301,0.052053284
COLUMBIA CANAL CO.,Pistachios,San Joaquin River,1979.485605,4897.401316,1.414819371,3.81,1806.45507,50,360.6739901,1788.102657,0.4,50,0.17,0.260711671,0.25806301,0.052053284
DEL PUERTO WATER DISTRICT,Pistachios,San Joaquin River,330.4084435,4897.401316,1.414819371,3.81,1806.45507,50,360.6739901,1788.102657,0.4,50,0.17,0.260711671,0.25806301,0.052053284
FIREBAUGH CANAL W.D.,Pistachios,San Joaquin River,6375.819351,4897.401316,1.414819371,3.81,1806.45507,50,360.6739901,1788.102657,0.4,50,0.17,0.260711671,0.25806301,0.052053284
HENRY MILLER RECLAMATION DIST. 2131,Pistachios,San Joaquin River,883.5962957,4897.401316,1.414819371,3.81,1806.45507,50,360.6739901,1788.102657,0.4,50,0.17,0.260711671,0.25806301,0.052053284
JAMES I.D.,Pistachios,Tulare Lake,3552.368541,5088.640658,1.460333567,3.82,1937.377827,50,386.8138227,1917.695323,0.4,50,0.17,0.260711671,0.258063009,0.052053284
MERCY SPRINGS W.D.,Pistachios,San Joaquin River,672.1307816,4897.401316,1.414819371,3.81,1806.45507,50,360.6739901,1788.102657,0.4,50,0.17,0.260711671,0.25806301,0.052053284
PACHECO W.D.,Pistachios,San Joaquin River,197.4011527,4897.401316,1.414819371,3.81,1806.45507,50,360.6739901,1788.102657,0.4,50,0.17,0.260711671,0.25806301,0.052053284
PANOCHE W.D.,Pistachios,San Joaquin River,10136.33739,4897.401316,1.414819371,3.81,1806.45507,50,360.6739901,1788.102657,0.4,50,0.17,0.260711671,0.25806301,0.052053284
PATTERSON W.D.,Pistachios,San Joaquin River,14.56268422,4897.401316,1.414819371,3.81,1806.45507,50,360.6739901,1788.102657,0.4,50,0.17,0.260711671,0.25806301,0.052053284
PLEASANT VALLEY W.D.,Pistachios,Tulare Lake,10408.81819,5088.640658,1.460333567,3.82,1937.377827,50,386.8138227,1917.695323,0.4,50,0.17,0.260711671,0.258063009,0.052053284
SAN LUIS W.D.,Pistachios,San Joaquin River,3964.671639,4897.401316,1.414819371,3.81,1806.45507,50,360.6739901,1788.102657,0.4,50,0.17,0.260711671,0.25806301,0.052053284
TRANQUILLITY I.D.,Pistachios,Tulare Lake,1305.040293,5088.640658,1.460333567,3.82,1937.377827,50,386.8138227,1917.695323,0.4,50,0.17,0.260711671,0.258063009,0.052053284
WESTLANDS W.D.,Pistachios,Tulare Lake,97170.38616,5088.640658,1.460333567,3.82,1937.377827,50,386.8138227,1917.695323,0.4,50,0.17,0.260711671,0.258063009,0.052053284
CENTRAL CALIFORNIA I.D.,Rice,San Joaquin River,2083.117257,573.2274458,4.688550562,4.83,335.3762229,50,192.0996255,1541.750862,0.2,50,0.17,0.124786237,0.573652143,0.071476115
PANOCHE W.D.,Safflower,San Joaquin River,225.1059234,575.1459791,1.245291589,2.41,140.0879779,50,80.89587456,303.8527971,0.74,50,0.17,0.195592287,0.424242424,0.112947658
WESTLANDS W.D.,Safflower,Tulare Lake,1536.409486,574.3765351,1.258,2.39,141.3282737,50,81.61210173,306.5430162,0.74,50,0.17,0.195592287,0.424242424,0.112947658
BANTA-CARBONA I.D.,Subtropical,San Joaquin River,158.7344127,950.3385633,4.405405823,3.25,846.2602958,50,1809.44916,670.5198364,0.13,50,0.17,0.202134149,0.160157528,0.432197361
Byron Bethany (CVP),Subtropical,San Joaquin River,3.622599999,950.3385633,4.405405823,3.25,846.2602958,50,1809.44916,670.5198364,0.13,50,0.17,0.202134149,0.160157528,0.432197361
CENTRAL CALIFORNIA I.D.,Subtropical,San Joaquin River,233.8920409,950.3385633,4.405405823,3.25,846.2602958,50,1809.44916,670.5198364,0.13,50,0.17,0.202134149,0.160157528,0.432197361
DEL PUERTO WATER DISTRICT,Subtropical,San Joaquin River,1080.420856,950.3385633,4.405405823,3.25,846.2602958,50,1809.44916,670.5198364,0.13,50,0.17,0.202134149,0.160157528,0.432197361
EAGLE FIELD W.D.,Subtropical,San Joaquin River,327.4861235,950.3385633,4.405405823,3.25,846.2602958,50,1809.44916,670.5198364,0.13,50,0.17,0.202134149,0.160157528,0.432197361
HENRY MILLER RECLAMATION DIST. 2131,Subtropical,San Joaquin River,5.25971301,950.3385633,4.405405823,3.25,846.2602958,50,1809.44916,670.5198364,0.13,50,0.17,0.202134149,0.160157528,0.432197361
PACHECO W.D.,Subtropical,San Joaquin River,131.0750472,950.3385633,4.405405823,3.25,846.2602958,50,1809.44916,670.5198364,0.13,50,0.17,0.202134149,0.160157528,0.432197361
PANOCHE W.D.,Subtropical,San Joaquin River,164.763964,950.3385633,4.405405823,3.25,846.2602958,50,1809.44916,670.5198364,0.13,50,0.17,0.202134149,0.160157528,0.432197361
PATTERSON W.D.,Subtropical,San Joaquin River,37.20244494,950.3385633,4.405405823,3.25,846.2602958,50,1809.44916,670.5198364,0.13,50,0.17,0.202134149,0.160157528,0.432197361
PLEASANT VALLEY W.D.,Subtropical,Tulare Lake,5.076625273,1157.720607,15.10914155,3.61,3535.763797,50,7560.067348,2801.501824,0.13,50,0.17,0.202134149,0.160157528,0.432197361
SAN BENITO CO. W.D.,Subtropical,Central Coast,53.92693115,2833.550317,6.019821828,2.61,3447.896795,50,7372.19268,2731.881912,0.13,50,0.17,0.202134149,0.160157528,0.432197361
SAN LUIS W.D.,Subtropical,San Joaquin River,539.9280683,950.3385633,4.405405823,3.25,846.2602958,50,1809.44916,670.5198364,0.13,50,0.17,0.202134149,0.160157528,0.432197361
SANTA CLARA VALLEY W.D.,Subtropical,San Francisco Bay,80.19754593,1623.939354,3.019839614,2.43,991.2732244,50,2119.511588,785.4183442,0.13,50,0.17,0.202134149,0.160157528,0.432197361
WEST STANISLAUS I.D.,Subtropical,San Joaquin River,635.1639456,950.3385633,4.405405823,3.25,846.2602958,50,1809.44916,670.5198364,0.13,50,0.17,0.202134149,0.160157528,0.432197361
WESTLANDS W.D.,Subtropical,Tulare Lake,3658.647001,1157.720607,15.10914155,3.61,3535.763797,50,7560.067348,2801.501824,0.13,50,0.17,0.202134149,0.160157528,0.432197361
SANTA CLARA VALLEY W.D.,Sunflowers,San Francisco Bay,168.536145,3544.154505,0.641760597,2.4,470.8453015,50,403.1518876,883.0229775,0.74,50,0.17,0.207010582,0.388227513,0.177248677
BANTA-CARBONA I.D.,Tomatoes,San Joaquin River,1016.431084,99.69467136,46.73447582,2.38,396.8321367,50,961.6082333,2531.592592,0.74,50,0.17,0.085172131,0.543356034,0.206390095
CENTRAL CALIFORNIA I.D.,Tomatoes,San Joaquin River,8077.35747,99.69467136,46.73447582,2.38,396.8321367,50,961.6082333,2531.592592,0.74,50,0.17,0.085172131,0.543356034,0.206390095
DEL PUERTO WATER DISTRICT,Tomatoes,San Joaquin River,2074.10606,99.69467136,46.73447582,2.38,396.8321367,50,961.6082333,2531.592592,0.74,50,0.17,0.085172131,0.543356034,0.206390095
FIREBAUGH CANAL W.D.,Tomatoes,San Joaquin River,3379.380452,99.69467136,46.73447582,2.38,396.8321367,50,961.6082333,2531.592592,0.74,50,0.17,0.085172131,0.543356034,0.206390095
HENRY MILLER RECLAMATION DIST. 2131,Tomatoes,San Joaquin River,9196.856756,99.69467136,46.73447582,2.38,396.8321367,50,961.6082333,2531.592592,0.74,50,0.17,0.085172131,0.543356034,0.206390095
JAMES I.D.,Tomatoes,Tulare Lake,981.8158533,97.3922824,54.70338716,2.22,453.7705173,50,1099.581977,2894.831275,0.74,50,0.17,0.085172131,0.543356034,0.206390095
PACHECO W.D.,Tomatoes,San Joaquin River,982.0439284,99.69467136,46.73447582,2.38,396.8321367,50,961.6082333,2531.592592,0.74,50,0.17,0.085172131,0.543356034,0.206390095
PANOCHE W.D.,Tomatoes,San Joaquin River,3508.747809,99.69467136,46.73447582,2.38,396.8321367,50,961.6082333,2531.592592,0.74,50,0.17,0.085172131,0.543356034,0.206390095
PATTERSON W.D.,Tomatoes,San Joaquin River,537.8733273,99.69467136,46.73447582,2.38,396.8321367,50,961.6082333,2531.592592,0.74,50,0.17,0.085172131,0.543356034,0.206390095
PLEASANT VALLEY W.D.,Tomatoes,Tulare Lake,533.1182668,97.3922824,54.70338716,2.22,453.7705173,50,1099.581977,2894.831275,0.74,50,0.17,0.085172131,0.543356034,0.206390095
SAN BENITO CO. W.D.,Tomatoes,Central Coast,356.0238036,1384.386105,17.43992832,2.09,646.4483125,50,13853.9945,5210.873416,1.06,50,0.17,0.026775148,0.215828402,0.573816568
SAN LUIS W.D.,Tomatoes,San Joaquin River,1779.729939,99.69467136,46.73447582,2.38,396.8321367,50,961.6082333,2531.592592,0.74,50,0.17,0.085172131,0.543356034,0.206390095
SANTA CLARA VALLEY W.D.,Tomatoes,San Francisco Bay,1684.501749,688.3142088,22.53639409,2.23,415.339315,50,8901.111617,3347.956135,1.06,50,0.17,0.026775148,0.215828402,0.573816568
THE WEST SIDE I.D.,Tomatoes,San Joaquin River,141.547396,99.69467136,46.73447582,2.38,396.8321367,50,961.6082333,2531.592592,0.74,50,0.17,0.085172131,0.543356034,0.206390095
TRANQUILLITY I.D.,Tomatoes,Tulare Lake,1058.599742,97.3922824,54.70338716,2.22,453.7705173,50,1099.581977,2894.831275,0.74,50,0.17,0.085172131,0.543356034,0.206390095
Turner Island Water District,Tomatoes,San Joaquin River,2279.145893,99.69467136,46.73447582,2.38,396.8321367,50,961.6082333,2531.592592,0.74,50,0.17,0.085172131,0.543356034,0.206390095
WEST STANISLAUS I.D.,Tomatoes,San Joaquin River,3207.253964,99.69467136,46.73447582,2.38,396.8321367,50,961.6082333,2531.592592,0.74,50,0.17,0.085172131,0.543356034,0.206390095
WESTLANDS W.D.,Tomatoes,Tulare Lake,53637.03196,97.3922824,54.70338716,2.22,453.7705173,50,1099.581977,2894.831275,0.74,50,0.17,0.085172131,0.543356034,0.206390095
BANTA-CARBONA I.D.,Truck,San Joaquin River,103.3700105,690.3355797,21.20927139,2.67,775.1695529,50,4298.997922,3487.484185,0.41,50,0.17,0.052943262,0.238191489,0.293617021
CENTRAL CALIFORNIA I.D.,Truck,San Joaquin River,15.47871927,690.3355797,21.20927139,2.67,775.1695529,50,4298.997922,3487.484185,0.41,50,0.17,0.052943262,0.238191489,0.293617021
COLUMBIA CANAL CO.,Truck,San Joaquin River,1.224042011,690.3355797,21.20927139,2.67,775.1695529,50,4298.997922,3487.484185,0.41,50,0.17,0.052943262,0.238191489,0.293617021
DEL PUERTO WATER DISTRICT,Truck,San Joaquin River,30.73905726,690.3355797,21.20927139,2.67,775.1695529,50,4298.997922,3487.484185,0.41,50,0.17,0.052943262,0.238191489,0.293617021
FIREBAUGH CANAL W.D.,Truck,San Joaquin River,331.0492186,690.3355797,21.20927139,2.67,775.1695529,50,4298.997922,3487.484185,0.41,50,0.17,0.052943262,0.238191489,0.293617021
HENRY MILLER RECLAMATION DIST. 2131,Truck,San Joaquin River,402.9058124,690.3355797,21.20927139,2.67,775.1695529,50,4298.997922,3487.484185,0.41,50,0.17,0.052943262,0.238191489,0.293617021
JAMES I.D.,Truck,Tulare Lake,113.4406109,1282.087936,19.71342086,1.85,1338.105966,50,7420.976155,6020.132467,0.41,50,0.17,0.052943262,0.238191489,0.293617021
PACHECO W.D.,Truck,San Joaquin River,296.5334098,690.3355797,21.20927139,2.67,775.1695529,50,4298.997922,3487.484185,0.41,50,0.17,0.052943262,0.238191489,0.293617021
PANOCHE W.D.,Truck,San Joaquin River,33.66395977,690.3355797,21.20927139,2.67,775.1695529,50,4298.997922,3487.484185,0.41,50,0.17,0.052943262,0.238191489,0.293617021
PLEASANT VALLEY W.D.,Truck,Tulare Lake,124.3772141,1282.087936,19.71342086,1.85,1338.105966,50,7420.976155,6020.132467,0.41,50,0.17,0.052943262,0.238191489,0.293617021
SAN BENITO CO. W.D.,Truck,Central Coast,3540.356805,1187.253943,17.43634578,1.09,1095.998079,50,6078.274679,4930.890219,0.41,50,0.17,0.052943262,0.238191489,0.293617021
SAN LUIS W.D.,Truck,San Joaquin River,187.5607235,690.3355797,21.20927139,2.67,775.1695529,50,4298.997922,3487.484185,0.41,50,0.17,0.052943262,0.238191489,0.293617021
SANTA CLARA VALLEY W.D.,Truck,San Francisco Bay,4530.331067,815.0818496,17.985083,1.35,776.1119457,50,4304.22432,3491.724005,0.41,50,0.17,0.052943262,0.238191489,0.293617021
THE WEST SIDE I.D.,Truck,San Joaquin River,50.38559602,690.3355797,21.20927139,2.67,775.1695529,50,4298.997922,3487.484185,0.41,50,0.17,0.052943262,0.238191489,0.293617021
TRANQUILLITY I.D.,Truck,Tulare Lake,4.018104268,1282.087936,19.71342086,1.85,1338.105966,50,7420.976155,6020.132467,0.41,50,0.17,0.052943262,0.238191489,0.293617021
Turner Island Water District,Truck,San Joaquin River,180.4103281,690.3355797,21.20927139,2.67,775.1695529,50,4298.997922,3487.484185,0.41,50,0.17,0.052943262,0.238191489,0.293617021
WESTLANDS W.D.,Truck,Tulare Lake,1907.185735,1282.087936,19.71342086,1.85,1338.105966,50,7420.976155,6020.132467,0.41,50,0.17,0.052943262,0.238191489,0.293617021
BANTA-CARBONA I.D.,Walnuts,San Joaquin River,2555.771055,1802.497789,1.658526763,4.95,765.1413122,50,268.1025111,816.5691828,0.13,50,0.17,0.25594369,0.273146576,0.089681664
Byron Bethany (CVP),Walnuts,San Joaquin River,71.37001691,1802.497789,1.658526763,4.95,765.1413122,50,268.1025111,816.5691828,0.13,50,0.17,0.25594369,0.273146576,0.089681664
CENTRAL CALIFORNIA I.D.,Walnuts,San Joaquin River,4176.461829,1802.497789,1.658526763,4.95,765.1413122,50,268.1025111,816.5691828,0.13,50,0.17,0.25594369,0.273146576,0.089681664
DEL PUERTO WATER DISTRICT,Walnuts,San Joaquin River,707.6428764,1802.497789,1.658526763,4.95,765.1413122,50,268.1025111,816.5691828,0.13,50,0.17,0.25594369,0.273146576,0.089681664
JAMES I.D.,Walnuts,Tulare Lake,155.2321168,1793.152974,1.862011475,3.43,854.5630697,50,299.4355436,912.0012941,0.13,50,0.17,0.25594369,0.273146576,0.089681664
PATTERSON W.D.,Walnuts,San Joaquin River,816.6580253,1802.497789,1.658526763,4.95,765.1413122,50,268.1025111,816.5691828,0.13,50,0.17,0.25594369,0.273146576,0.089681664
SAN BENITO CO. W.D.,Walnuts,Central Coast,1083.799025,2279.333378,0.866689676,2.03,505.610286,50,177.1638586,539.5941522,0.13,50,0.17,0.25594369,0.273146576,0.089681664
SANTA CLARA VALLEY W.D.,Walnuts,San Francisco Bay,557.5068701,2099.727093,1.587369044,2.51,853.0710134,50,298.912733,910.4089521,0.13,50,0.17,0.25594369,0.273146576,0.089681664
THE WEST SIDE I.D.,Walnuts,San Joaquin River,30.76304735,1802.497789,1.658526763,4.95,765.1413122,50,268.1025111,816.5691828,0.13,50,0.17,0.25594369,0.273146576,0.089681664
WEST STANISLAUS I.D.,Walnuts,San Joaquin River,621.6341422,1802.497789,1.658526763,4.95,765.1413122,50,268.1025111,816.5691828,0.13,50,0.17,0.25594369,0.273146576,0.089681664
WESTLANDS W.D.,Walnuts,Tulare Lake,413.9607853,1793.152974,1.862011475,3.43,854.5630697,50,299.4355436,912.0012941,0.13,50,0.17,0.25594369,0.273146576,0.089681664
