internal_id,crop_code,hr,direct_jobs_unfilitered,direct_value_add,total_jobs_unfiltered,total_revenue,total_value_add,total_jobs,direct_jobs
1,Alfalfa,Sacramento River,1,1,1.373747,1,3.221614,0.000001,0.000001
1,Almonds,Sacramento River,1,1,1.199049,1,1.1948,0.000001,0.000001
1,Berries,Sacramento River,1,1,1.68112,1,1.728657,0,0.000001
1,Cucurbits,Sacramento River,1,1,1.93033,1,1.928356,0,0.000001
1,Field and Grain,Sacramento River,1,1,2.297911,1,1.667022,0.000002,0.000001
1,Grapes,Sacramento River,1,1,1.68112,1,1.728657,0,0.000001
1,Orchards,Sacramento River,1,1,1.68112,1,1.728657,0,0.000001
1,Pasture,Sacramento River,1,1,1.746634,1,1.760549,0.000002,0.000001
1,Pistachios,Sacramento River,1,1,1.199049,1,1.1948,0.000001,0.000001
1,Subtropical,Sacramento River,1,1,1.68112,1,1.728657,0,0.000001
1,Truck,Sacramento River,1,1,1.93033,1,1.928356,0,0.000001
1,Walnuts,Sacramento River,1,1,1.199049,1,1.1948,0.000001,0.000001
10,Alfalfa,San Joaquin River,1,1,1.974478,1,2.989137,0.000002,0.000001
10,Almonds,San Joaquin River,1,1,1.395582,1,1.214135,0.000001,0.000001
10,Beans Dry,San Joaquin River,1,1,1.974478,1,2.989137,0.000002,0.000001
10,Corn,San Joaquin River,1,1,2.197284,1,1.680125,0.000002,0.000001
10,Cotton,San Joaquin River,1,1,1.698209,1,1.431111,0.000002,0.000001
10,Cucurbits,San Joaquin River,1,1,2.365597,1,1.970829,0.000002,0.000001
10,Field and Grain,San Joaquin River,1,1,2.197284,1,1.680125,0.000002,0.000001
10,Grapes,San Joaquin River,1,1,2.164433,1,1.781283,0.000002,0.000001
10,Lettuce,San Joaquin River,1,1,2.365597,1,1.970829,0.000002,0.000001
10,Onions and Garlic,San Joaquin River,1,1,2.365597,1,1.970829,0.000002,0.000001
10,Orchards,San Joaquin River,1,1,2.164433,1,1.781283,0.000002,0.000001
10,Pasture,San Joaquin River,1,1,2.2786443,1,2.445792,0.0000023,0.000001
10,Pistachios,San Joaquin River,1,1,1.395582,1,1.214135,0.000001,0.000001
10,Potatoes,San Joaquin River,1,1,2.365597,1,1.970829,0.000002,0.000001
10,Rice,San Joaquin River,1,1,2.197284,1,1.680125,0.000002,0.000001
10,Safflower,San Joaquin River,1,1,1.292013,1,1.132276,0.000001,0.000001
10,Subtropical,San Joaquin River,1,1,2.164433,1,1.781283,0.000002,0.000001
10,Tomatoes,San Joaquin River,1,1,2.365597,1,1.970829,0.000002,0.000001
10,Truck,San Joaquin River,1,1,2.365597,1,1.970829,0.000002,0.000001
10,Walnuts,San Joaquin River,1,1,1.395582,1,1.214135,0.000001,0.000001
11,Alfalfa,San Joaquin River,1,1,1.974478,1,2.989137,0.000002,0.000001
11,Almonds,San Joaquin River,1,1,1.395582,1,1.214135,0.000001,0.000001
11,Beans Dry,San Joaquin River,1,1,1.974478,1,2.989137,0.000002,0.000001
11,Berries,San Joaquin River,1,1,2.164433,1,1.781283,0.000002,0.000001
11,Corn,San Joaquin River,1,1,2.197284,1,1.680125,0.000002,0.000001
11,Cucurbits,San Joaquin River,1,1,2.365597,1,1.970829,0.000002,0.000001
11,Field and Grain,San Joaquin River,1,1,2.197284,1,1.680125,0.000002,0.000001
11,Grapes,San Joaquin River,1,1,2.164433,1,1.781283,0.000002,0.000001
11,Lettuce,San Joaquin River,1,1,2.365597,1,1.970829,0.000002,0.000001
11,Onions and Garlic,San Joaquin River,1,1,2.365597,1,1.970829,0.000002,0.000001
11,Orchards,San Joaquin River,1,1,2.164433,1,1.781283,0.000002,0.000001
11,Pasture,San Joaquin River,1,1,2.2786443,1,2.445792,0.0000023,0.000001
11,Pistachios,San Joaquin River,1,1,1.395582,1,1.214135,0.000001,0.000001
11,Potatoes,San Joaquin River,1,1,2.365597,1,1.970829,0.000002,0.000001
11,Rice,San Joaquin River,1,1,2.197284,1,1.680125,0.000002,0.000001
11,Safflower,San Joaquin River,1,1,1.292013,1,1.132276,0.000001,0.000001
11,Subtropical,San Joaquin River,1,1,2.164433,1,1.781283,0.000002,0.000001
11,Truck,San Joaquin River,1,1,2.365597,1,1.970829,0.000002,0.000001
11,Walnuts,San Joaquin River,1,1,1.395582,1,1.214135,0.000001,0.000001
12,Alfalfa,San Joaquin River,1,1,1.974478,1,2.989137,0.000002,0.000001
12,Almonds,San Joaquin River,1,1,1.395582,1,1.214135,0.000001,0.000001
12,Beans Dry,San Joaquin River,1,1,1.974478,1,2.989137,0.000002,0.000001
12,Berries,San Joaquin River,1,1,2.164433,1,1.781283,0.000002,0.000001
12,Corn,San Joaquin River,1,1,2.197284,1,1.680125,0.000002,0.000001
12,Cucurbits,San Joaquin River,1,1,2.365597,1,1.970829,0.000002,0.000001
12,Field and Grain,San Joaquin River,1,1,2.197284,1,1.680125,0.000002,0.000001
12,Grapes,San Joaquin River,1,1,2.164433,1,1.781283,0.000002,0.000001
12,Orchards,San Joaquin River,1,1,2.164433,1,1.781283,0.000002,0.000001
12,Pasture,San Joaquin River,1,1,2.2786443,1,2.445792,0.0000023,0.000001
12,Pistachios,San Joaquin River,1,1,1.395582,1,1.214135,0.000001,0.000001
12,Potatoes,San Joaquin River,1,1,2.365597,1,1.970829,0.000002,0.000001
12,Safflower,San Joaquin River,1,1,1.292013,1,1.132276,0.000001,0.000001
12,Subtropical,San Joaquin River,1,1,2.164433,1,1.781283,0.000002,0.000001
12,Truck,San Joaquin River,1,1,2.365597,1,1.970829,0.000002,0.000001
12,Walnuts,San Joaquin River,1,1,1.395582,1,1.214135,0.000001,0.000001
13,Alfalfa,San Joaquin River,1,1,1.974478,1,2.989137,0.000002,0.000001
13,Almonds,San Joaquin River,1,1,1.395582,1,1.214135,0.000001,0.000001
13,Beans Dry,San Joaquin River,1,1,1.974478,1,2.989137,0.000002,0.000001
13,Berries,San Joaquin River,1,1,2.164433,1,1.781283,0.000002,0.000001
13,Corn,San Joaquin River,1,1,2.197284,1,1.680125,0.000002,0.000001
13,Cotton,San Joaquin River,1,1,1.698209,1,1.431111,0.000002,0.000001
13,Cucurbits,San Joaquin River,1,1,2.365597,1,1.970829,0.000002,0.000001
13,Field and Grain,San Joaquin River,1,1,2.197284,1,1.680125,0.000002,0.000001
13,Grapes,San Joaquin River,1,1,2.164433,1,1.781283,0.000002,0.000001
13,Onions and Garlic,San Joaquin River,1,1,2.365597,1,1.970829,0.000002,0.000001
13,Orchards,San Joaquin River,1,1,2.164433,1,1.781283,0.000002,0.000001
13,Pasture,San Joaquin River,1,1,2.2786443,1,2.445792,0.0000023,0.000001
13,Pistachios,San Joaquin River,1,1,1.395582,1,1.214135,0.000001,0.000001
13,Potatoes,San Joaquin River,1,1,2.365597,1,1.970829,0.000002,0.000001
13,Rice,San Joaquin River,1,1,2.197284,1,1.680125,0.000002,0.000001
13,Safflower,San Joaquin River,1,1,1.292013,1,1.132276,0.000001,0.000001
13,Subtropical,San Joaquin River,1,1,2.164433,1,1.781283,0.000002,0.000001
13,Tomatoes,San Joaquin River,1,1,2.365597,1,1.970829,0.000002,0.000001
13,Truck,San Joaquin River,1,1,2.365597,1,1.970829,0.000002,0.000001
13,Walnuts,San Joaquin River,1,1,1.395582,1,1.214135,0.000001,0.000001
14A,Alfalfa,Tulare Lake,1,1,1.974478,1,2.989137,0.000002,0.000001
14A,Almonds,Tulare Lake,1,1,1.395582,1,1.214135,0.000001,0.000001
14A,Beans Dry,Tulare Lake,1,1,1.974478,1,2.989137,0.000002,0.000001
14A,Berries,Tulare Lake,1,1,2.164433,1,1.781283,0.000002,0.000001
14A,Corn,Tulare Lake,1,1,2.197284,1,1.680125,0.000002,0.000001
14A,Cotton,Tulare Lake,1,1,1.698209,1,1.431111,0.000002,0.000001
14A,Cucurbits,Tulare Lake,1,1,2.365597,1,1.970829,0.000002,0.000001
14A,Field and Grain,Tulare Lake,1,1,2.197284,1,1.680125,0.000002,0.000001
14A,Grapes,Tulare Lake,1,1,2.164433,1,1.781283,0.000002,0.000001
14A,Lettuce,Tulare Lake,1,1,2.365597,1,1.970829,0.000002,0.000001
14A,Onions and Garlic,Tulare Lake,1,1,2.365597,1,1.970829,0.000002,0.000001
14A,Orchards,Tulare Lake,1,1,2.164433,1,1.781283,0.000002,0.000001
14A,Pasture,Tulare Lake,1,1,2.2786443,1,2.445792,0.0000023,0.000001
14A,Pistachios,Tulare Lake,1,1,1.395582,1,1.214135,0.000001,0.000001
14A,Potatoes,Tulare Lake,1,1,2.365597,1,1.970829,0.000002,0.000001
14A,Subtropical,Tulare Lake,1,1,2.164433,1,1.781283,0.000002,0.000001
14A,Tomatoes,Tulare Lake,1,1,2.365597,1,1.970829,0.000002,0.000001
14A,Truck,Tulare Lake,1,1,2.365597,1,1.970829,0.000002,0.000001
14A,Walnuts,Tulare Lake,1,1,1.395582,1,1.214135,0.000001,0.000001
15A,Alfalfa,Tulare Lake,1,1,1.974478,1,2.989137,0.000002,0.000001
15A,Almonds,Tulare Lake,1,1,1.395582,1,1.214135,0.000001,0.000001
15A,Beans Dry,Tulare Lake,1,1,1.974478,1,2.989137,0.000002,0.000001
15A,Berries,Tulare Lake,1,1,2.164433,1,1.781283,0.000002,0.000001
15A,Corn,Tulare Lake,1,1,2.197284,1,1.680125,0.000002,0.000001
15A,Cotton,Tulare Lake,1,1,1.698209,1,1.431111,0.000002,0.000001
15A,Cucurbits,Tulare Lake,1,1,2.365597,1,1.970829,0.000002,0.000001
15A,Field and Grain,Tulare Lake,1,1,2.197284,1,1.680125,0.000002,0.000001
15A,Grapes,Tulare Lake,1,1,2.164433,1,1.781283,0.000002,0.000001
15A,Lettuce,Tulare Lake,1,1,2.365597,1,1.970829,0.000002,0.000001
15A,Onions and Garlic,Tulare Lake,1,1,2.365597,1,1.970829,0.000002,0.000001
15A,Orchards,Tulare Lake,1,1,2.164433,1,1.781283,0.000002,0.000001
15A,Pasture,Tulare Lake,1,1,2.2786443,1,2.445792,0.0000023,0.000001
15A,Pistachios,Tulare Lake,1,1,1.395582,1,1.214135,0.000001,0.000001
15A,Potatoes,Tulare Lake,1,1,2.365597,1,1.970829,0.000002,0.000001
15A,Safflower,Tulare Lake,1,1,1.292013,1,1.132276,0.000001,0.000001
15A,Subtropical,Tulare Lake,1,1,2.164433,1,1.781283,0.000002,0.000001
15A,Tomatoes,Tulare Lake,1,1,2.365597,1,1.970829,0.000002,0.000001
15A,Truck,Tulare Lake,1,1,2.365597,1,1.970829,0.000002,0.000001
15A,Walnuts,Tulare Lake,1,1,1.395582,1,1.214135,0.000001,0.000001
16,Alfalfa,Tulare Lake,1,1,1.974478,1,2.989137,0.000002,0.000001
16,Almonds,Tulare Lake,1,1,1.395582,1,1.214135,0.000001,0.000001
16,Beans Dry,Tulare Lake,1,1,1.974478,1,2.989137,0.000002,0.000001
16,Berries,Tulare Lake,1,1,2.164433,1,1.781283,0.000002,0.000001
16,Corn,Tulare Lake,1,1,2.197284,1,1.680125,0.000002,0.000001
16,Cotton,Tulare Lake,1,1,1.698209,1,1.431111,0.000002,0.000001
16,Cucurbits,Tulare Lake,1,1,2.365597,1,1.970829,0.000002,0.000001
16,Field and Grain,Tulare Lake,1,1,2.197284,1,1.680125,0.000002,0.000001
16,Grapes,Tulare Lake,1,1,2.164433,1,1.781283,0.000002,0.000001
16,Lettuce,Tulare Lake,1,1,2.365597,1,1.970829,0.000002,0.000001
16,Onions and Garlic,Tulare Lake,1,1,2.365597,1,1.970829,0.000002,0.000001
16,Orchards,Tulare Lake,1,1,2.164433,1,1.781283,0.000002,0.000001
16,Pasture,Tulare Lake,1,1,2.2786443,1,2.445792,0.0000023,0.000001
16,Pistachios,Tulare Lake,1,1,1.395582,1,1.214135,0.000001,0.000001
16,Safflower,Tulare Lake,1,1,1.292013,1,1.132276,0.000001,0.000001
16,Subtropical,Tulare Lake,1,1,2.164433,1,1.781283,0.000002,0.000001
16,Tomatoes,Tulare Lake,1,1,2.365597,1,1.970829,0.000002,0.000001
16,Truck,Tulare Lake,1,1,2.365597,1,1.970829,0.000002,0.000001
16,Walnuts,Tulare Lake,1,1,1.395582,1,1.214135,0.000001,0.000001
17,Alfalfa,Tulare Lake,1,1,1.974478,1,2.989137,0.000002,0.000001
17,Almonds,Tulare Lake,1,1,1.395582,1,1.214135,0.000001,0.000001
17,Beans Dry,Tulare Lake,1,1,1.974478,1,2.989137,0.000002,0.000001
17,Berries,Tulare Lake,1,1,2.164433,1,1.781283,0.000002,0.000001
17,Corn,Tulare Lake,1,1,2.197284,1,1.680125,0.000002,0.000001
17,Cotton,Tulare Lake,1,1,1.698209,1,1.431111,0.000002,0.000001
17,Cucurbits,Tulare Lake,1,1,2.365597,1,1.970829,0.000002,0.000001
17,Field and Grain,Tulare Lake,1,1,2.197284,1,1.680125,0.000002,0.000001
17,Grapes,Tulare Lake,1,1,2.164433,1,1.781283,0.000002,0.000001
17,Lettuce,Tulare Lake,1,1,2.365597,1,1.970829,0.000002,0.000001
17,Onions and Garlic,Tulare Lake,1,1,2.365597,1,1.970829,0.000002,0.000001
17,Orchards,Tulare Lake,1,1,2.164433,1,1.781283,0.000002,0.000001
17,Pasture,Tulare Lake,1,1,2.2786443,1,2.445792,0.0000023,0.000001
17,Pistachios,Tulare Lake,1,1,1.395582,1,1.214135,0.000001,0.000001
17,Subtropical,Tulare Lake,1,1,2.164433,1,1.781283,0.000002,0.000001
17,Tomatoes,Tulare Lake,1,1,2.365597,1,1.970829,0.000002,0.000001
17,Truck,Tulare Lake,1,1,2.365597,1,1.970829,0.000002,0.000001
17,Walnuts,Tulare Lake,1,1,1.395582,1,1.214135,0.000001,0.000001
18,Alfalfa,Tulare Lake,1,1,1.974478,1,2.989137,0.000002,0.000001
18,Almonds,Tulare Lake,1,1,1.395582,1,1.214135,0.000001,0.000001
18,Beans Dry,Tulare Lake,1,1,1.974478,1,2.989137,0.000002,0.000001
18,Berries,Tulare Lake,1,1,2.164433,1,1.781283,0.000002,0.000001
18,Corn,Tulare Lake,1,1,2.197284,1,1.680125,0.000002,0.000001
18,Cotton,Tulare Lake,1,1,1.698209,1,1.431111,0.000002,0.000001
18,Cucurbits,Tulare Lake,1,1,2.365597,1,1.970829,0.000002,0.000001
18,Field and Grain,Tulare Lake,1,1,2.197284,1,1.680125,0.000002,0.000001
18,Grapes,Tulare Lake,1,1,2.164433,1,1.781283,0.000002,0.000001
18,Lettuce,Tulare Lake,1,1,2.365597,1,1.970829,0.000002,0.000001
18,Orchards,Tulare Lake,1,1,2.164433,1,1.781283,0.000002,0.000001
18,Pasture,Tulare Lake,1,1,2.2786443,1,2.445792,0.0000023,0.000001
18,Pistachios,Tulare Lake,1,1,1.395582,1,1.214135,0.000001,0.000001
18,Potatoes,Tulare Lake,1,1,2.365597,1,1.970829,0.000002,0.000001
18,Subtropical,Tulare Lake,1,1,2.164433,1,1.781283,0.000002,0.000001
18,Tomatoes,Tulare Lake,1,1,2.365597,1,1.970829,0.000002,0.000001
18,Truck,Tulare Lake,1,1,2.365597,1,1.970829,0.000002,0.000001
18,Walnuts,Tulare Lake,1,1,1.395582,1,1.214135,0.000001,0.000001
19A,Alfalfa,Tulare Lake,1,1,1.974478,1,2.989137,0.000002,0.000001
19A,Almonds,Tulare Lake,1,1,1.395582,1,1.214135,0.000001,0.000001
19A,Beans Dry,Tulare Lake,1,1,1.974478,1,2.989137,0.000002,0.000001
19A,Corn,Tulare Lake,1,1,2.197284,1,1.680125,0.000002,0.000001
19A,Cotton,Tulare Lake,1,1,1.698209,1,1.431111,0.000002,0.000001
19A,Cucurbits,Tulare Lake,1,1,2.365597,1,1.970829,0.000002,0.000001
19A,Field and Grain,Tulare Lake,1,1,2.197284,1,1.680125,0.000002,0.000001
19A,Grapes,Tulare Lake,1,1,2.164433,1,1.781283,0.000002,0.000001
19A,Lettuce,Tulare Lake,1,1,2.365597,1,1.970829,0.000002,0.000001
19A,Onions and Garlic,Tulare Lake,1,1,2.365597,1,1.970829,0.000002,0.000001
19A,Orchards,Tulare Lake,1,1,2.164433,1,1.781283,0.000002,0.000001
19A,Pasture,Tulare Lake,1,1,2.2786443,1,2.445792,0.0000023,0.000001
19A,Pistachios,Tulare Lake,1,1,1.395582,1,1.214135,0.000001,0.000001
19A,Potatoes,Tulare Lake,1,1,2.365597,1,1.970829,0.000002,0.000001
19A,Subtropical,Tulare Lake,1,1,2.164433,1,1.781283,0.000002,0.000001
19A,Tomatoes,Tulare Lake,1,1,2.365597,1,1.970829,0.000002,0.000001
19A,Truck,Tulare Lake,1,1,2.365597,1,1.970829,0.000002,0.000001
19A,Walnuts,Tulare Lake,1,1,1.395582,1,1.214135,0.000001,0.000001
2,Alfalfa,Sacramento River,1,1,1.373747,1,3.221614,0.000001,0.000001
2,Almonds,Sacramento River,1,1,1.199049,1,1.1948,0.000001,0.000001
2,Beans Dry,Sacramento River,1,1,1.373747,1,3.221614,0.000001,0.000001
2,Berries,Sacramento River,1,1,1.68112,1,1.728657,0,0.000001
2,Corn,Sacramento River,1,1,2.297911,1,1.667022,0.000002,0.000001
2,Cucurbits,Sacramento River,1,1,1.93033,1,1.928356,0,0.000001
2,Field and Grain,Sacramento River,1,1,2.297911,1,1.667022,0.000002,0.000001
2,Grapes,Sacramento River,1,1,1.68112,1,1.728657,0,0.000001
2,Orchards,Sacramento River,1,1,1.68112,1,1.728657,0,0.000001
2,Pasture,Sacramento River,1,1,1.746634,1,1.760549,0.000002,0.000001
2,Pistachios,Sacramento River,1,1,1.199049,1,1.1948,0.000001,0.000001
2,Rice,Sacramento River,1,1,2.297911,1,1.667022,0.000002,0.000001
2,Safflower,Sacramento River,1,1,1.222109,1,1.118136,0.000001,0.000001
2,Subtropical,Sacramento River,1,1,1.68112,1,1.728657,0,0.000001
2,Sunflowers,Sacramento River,1,1,1.222109,1,1.118136,0.000001,0.000001
2,Tomatoes,Sacramento River,1,1,1.93033,1,1.928356,0,0.000001
2,Truck,Sacramento River,1,1,1.93033,1,1.928356,0,0.000001
2,Walnuts,Sacramento River,1,1,1.199049,1,1.1948,0.000001,0.000001
20,Alfalfa,Tulare Lake,1,1,1.974478,1,2.989137,0.000002,0.000001
20,Almonds,Tulare Lake,1,1,1.395582,1,1.214135,0.000001,0.000001
20,Beans Dry,Tulare Lake,1,1,1.974478,1,2.989137,0.000002,0.000001
20,Berries,Tulare Lake,1,1,2.164433,1,1.781283,0.000002,0.000001
20,Corn,Tulare Lake,1,1,2.197284,1,1.680125,0.000002,0.000001
20,Cotton,Tulare Lake,1,1,1.698209,1,1.431111,0.000002,0.000001
20,Cucurbits,Tulare Lake,1,1,2.365597,1,1.970829,0.000002,0.000001
20,Field and Grain,Tulare Lake,1,1,2.197284,1,1.680125,0.000002,0.000001
20,Grapes,Tulare Lake,1,1,2.164433,1,1.781283,0.000002,0.000001
20,Lettuce,Tulare Lake,1,1,2.365597,1,1.970829,0.000002,0.000001
20,Onions and Garlic,Tulare Lake,1,1,2.365597,1,1.970829,0.000002,0.000001
20,Orchards,Tulare Lake,1,1,2.164433,1,1.781283,0.000002,0.000001
20,Pasture,Tulare Lake,1,1,2.2786443,1,2.445792,0.0000023,0.000001
20,Pistachios,Tulare Lake,1,1,1.395582,1,1.214135,0.000001,0.000001
20,Potatoes,Tulare Lake,1,1,2.365597,1,1.970829,0.000002,0.000001
20,Safflower,Tulare Lake,1,1,1.292013,1,1.132276,0.000001,0.000001
20,Subtropical,Tulare Lake,1,1,2.164433,1,1.781283,0.000002,0.000001
20,Tomatoes,Tulare Lake,1,1,2.365597,1,1.970829,0.000002,0.000001
20,Truck,Tulare Lake,1,1,2.365597,1,1.970829,0.000002,0.000001
20,Walnuts,Tulare Lake,1,1,1.395582,1,1.214135,0.000001,0.000001
21A,Alfalfa,Tulare Lake,1,1,1.974478,1,2.989137,0.000002,0.000001
21A,Almonds,Tulare Lake,1,1,1.395582,1,1.214135,0.000001,0.000001
21A,Beans Dry,Tulare Lake,1,1,1.974478,1,2.989137,0.000002,0.000001
21A,Berries,Tulare Lake,1,1,2.164433,1,1.781283,0.000002,0.000001
21A,Corn,Tulare Lake,1,1,2.197284,1,1.680125,0.000002,0.000001
21A,Cotton,Tulare Lake,1,1,1.698209,1,1.431111,0.000002,0.000001
21A,Cucurbits,Tulare Lake,1,1,2.365597,1,1.970829,0.000002,0.000001
21A,Field and Grain,Tulare Lake,1,1,2.197284,1,1.680125,0.000002,0.000001
21A,Grapes,Tulare Lake,1,1,2.164433,1,1.781283,0.000002,0.000001
21A,Lettuce,Tulare Lake,1,1,2.365597,1,1.970829,0.000002,0.000001
21A,Onions and Garlic,Tulare Lake,1,1,2.365597,1,1.970829,0.000002,0.000001
21A,Orchards,Tulare Lake,1,1,2.164433,1,1.781283,0.000002,0.000001
21A,Pasture,Tulare Lake,1,1,2.2786443,1,2.445792,0.0000023,0.000001
21A,Pistachios,Tulare Lake,1,1,1.395582,1,1.214135,0.000001,0.000001
21A,Potatoes,Tulare Lake,1,1,2.365597,1,1.970829,0.000002,0.000001
21A,Safflower,Tulare Lake,1,1,1.292013,1,1.132276,0.000001,0.000001
21A,Subtropical,Tulare Lake,1,1,2.164433,1,1.781283,0.000002,0.000001
21A,Tomatoes,Tulare Lake,1,1,2.365597,1,1.970829,0.000002,0.000001
21A,Truck,Tulare Lake,1,1,2.365597,1,1.970829,0.000002,0.000001
21A,Walnuts,Tulare Lake,1,1,1.395582,1,1.214135,0.000001,0.000001
3A,Alfalfa,Sacramento River,1,1,1.373747,1,3.221614,0.000001,0.000001
3A,Almonds,Sacramento River,1,1,1.199049,1,1.1948,0.000001,0.000001
3A,Beans Dry,Sacramento River,1,1,1.373747,1,3.221614,0.000001,0.000001
3A,Berries,Sacramento River,1,1,1.68112,1,1.728657,0,0.000001
3A,Corn,Sacramento River,1,1,2.297911,1,1.667022,0.000002,0.000001
3A,Cotton,Sacramento River,1,1,2.00558,1,1.224593,0,0.000001
3A,Cucurbits,Sacramento River,1,1,1.93033,1,1.928356,0,0.000001
3A,Field and Grain,Sacramento River,1,1,2.297911,1,1.667022,0.000002,0.000001
3A,Grapes,Sacramento River,1,1,1.68112,1,1.728657,0,0.000001
3A,Lettuce,Sacramento River,1,1,1.93033,1,1.928356,0,0.000001
3A,Onions and Garlic,Sacramento River,1,1,1.93033,1,1.928356,0,0.000001
3A,Orchards,Sacramento River,1,1,1.68112,1,1.728657,0,0.000001
3A,Pasture,Sacramento River,1,1,1.746634,1,1.760549,0.000002,0.000001
3A,Pistachios,Sacramento River,1,1,1.199049,1,1.1948,0.000001,0.000001
3A,Rice,Sacramento River,1,1,2.297911,1,1.667022,0.000002,0.000001
3A,Safflower,Sacramento River,1,1,1.222109,1,1.118136,0.000001,0.000001
3A,Subtropical,Sacramento River,1,1,1.68112,1,1.728657,0,0.000001
3A,Sunflowers,Sacramento River,1,1,1.222109,1,1.118136,0.000001,0.000001
3A,Tomatoes,Sacramento River,1,1,1.93033,1,1.928356,0,0.000001
3A,Truck,Sacramento River,1,1,1.93033,1,1.928356,0,0.000001
3A,Walnuts,Sacramento River,1,1,1.199049,1,1.1948,0.000001,0.000001
4,Alfalfa,Sacramento River,1,1,1.373747,1,3.221614,0.000001,0.000001
4,Almonds,Sacramento River,1,1,1.199049,1,1.1948,0.000001,0.000001
4,Beans Dry,Sacramento River,1,1,1.373747,1,3.221614,0.000001,0.000001
4,Corn,Sacramento River,1,1,2.297911,1,1.667022,0.000002,0.000001
4,Cotton,Sacramento River,1,1,2.00558,1,1.224593,0,0.000001
4,Cucurbits,Sacramento River,1,1,1.93033,1,1.928356,0,0.000001
4,Field and Grain,Sacramento River,1,1,2.297911,1,1.667022,0.000002,0.000001
4,Onions and Garlic,Sacramento River,1,1,1.93033,1,1.928356,0,0.000001
4,Orchards,Sacramento River,1,1,1.68112,1,1.728657,0,0.000001
4,Pasture,Sacramento River,1,1,1.746634,1,1.760549,0.000002,0.000001
4,Rice,Sacramento River,1,1,2.297911,1,1.667022,0.000002,0.000001
4,Safflower,Sacramento River,1,1,1.222109,1,1.118136,0.000001,0.000001
4,Subtropical,Sacramento River,1,1,1.68112,1,1.728657,0,0.000001
4,Sunflowers,Sacramento River,1,1,1.222109,1,1.118136,0.000001,0.000001
4,Tomatoes,Sacramento River,1,1,1.93033,1,1.928356,0,0.000001
4,Truck,Sacramento River,1,1,1.93033,1,1.928356,0,0.000001
4,Walnuts,Sacramento River,1,1,1.199049,1,1.1948,0.000001,0.000001
5,Alfalfa,Sacramento River,1,1,1.373747,1,3.221614,0.000001,0.000001
5,Almonds,Sacramento River,1,1,1.199049,1,1.1948,0.000001,0.000001
5,Beans Dry,Sacramento River,1,1,1.373747,1,3.221614,0.000001,0.000001
5,Berries,Sacramento River,1,1,1.68112,1,1.728657,0,0.000001
5,Corn,Sacramento River,1,1,2.297911,1,1.667022,0.000002,0.000001
5,Cucurbits,Sacramento River,1,1,1.93033,1,1.928356,0,0.000001
5,Field and Grain,Sacramento River,1,1,2.297911,1,1.667022,0.000002,0.000001
5,Grapes,Sacramento River,1,1,1.68112,1,1.728657,0,0.000001
5,Orchards,Sacramento River,1,1,1.68112,1,1.728657,0,0.000001
5,Pasture,Sacramento River,1,1,1.746634,1,1.760549,0.000002,0.000001
5,Pistachios,Sacramento River,1,1,1.199049,1,1.1948,0.000001,0.000001
5,Rice,Sacramento River,1,1,2.297911,1,1.667022,0.000002,0.000001
5,Safflower,Sacramento River,1,1,1.222109,1,1.118136,0.000001,0.000001
5,Subtropical,Sacramento River,1,1,1.68112,1,1.728657,0,0.000001
5,Sunflowers,Sacramento River,1,1,1.222109,1,1.118136,0.000001,0.000001
5,Tomatoes,Sacramento River,1,1,1.93033,1,1.928356,0,0.000001
5,Truck,Sacramento River,1,1,1.93033,1,1.928356,0,0.000001
5,Walnuts,Sacramento River,1,1,1.199049,1,1.1948,0.000001,0.000001
6,Alfalfa,Sacramento River,1,1,1.373747,1,3.221614,0.000001,0.000001
6,Almonds,Sacramento River,1,1,1.199049,1,1.1948,0.000001,0.000001
6,Beans Dry,Sacramento River,1,1,1.373747,1,3.221614,0.000001,0.000001
6,Berries,Sacramento River,1,1,1.68112,1,1.728657,0,0.000001
6,Corn,Sacramento River,1,1,2.297911,1,1.667022,0.000002,0.000001
6,Cucurbits,Sacramento River,1,1,1.93033,1,1.928356,0,0.000001
6,Field and Grain,Sacramento River,1,1,2.297911,1,1.667022,0.000002,0.000001
6,Grapes,Sacramento River,1,1,1.68112,1,1.728657,0,0.000001
6,Lettuce,Sacramento River,1,1,1.93033,1,1.928356,0,0.000001
6,Onions and Garlic,Sacramento River,1,1,1.93033,1,1.928356,0,0.000001
6,Orchards,Sacramento River,1,1,1.68112,1,1.728657,0,0.000001
6,Pasture,Sacramento River,1,1,1.746634,1,1.760549,0.000002,0.000001
6,Pistachios,Sacramento River,1,1,1.199049,1,1.1948,0.000001,0.000001
6,Rice,Sacramento River,1,1,2.297911,1,1.667022,0.000002,0.000001
6,Safflower,Sacramento River,1,1,1.222109,1,1.118136,0.000001,0.000001
6,Subtropical,Sacramento River,1,1,1.68112,1,1.728657,0,0.000001
6,Sunflowers,Sacramento River,1,1,1.222109,1,1.118136,0.000001,0.000001
6,Tomatoes,Sacramento River,1,1,1.93033,1,1.928356,0,0.000001
6,Truck,Sacramento River,1,1,1.93033,1,1.928356,0,0.000001
6,Walnuts,Sacramento River,1,1,1.199049,1,1.1948,0.000001,0.000001
7,Alfalfa,Sacramento River,1,1,1.373747,1,3.221614,0.000001,0.000001
7,Almonds,Sacramento River,1,1,1.199049,1,1.1948,0.000001,0.000001
7,Beans Dry,Sacramento River,1,1,1.373747,1,3.221614,0.000001,0.000001
7,Berries,Sacramento River,1,1,1.68112,1,1.728657,0,0.000001
7,Corn,Sacramento River,1,1,2.297911,1,1.667022,0.000002,0.000001
7,Cucurbits,Sacramento River,1,1,1.93033,1,1.928356,0,0.000001
7,Field and Grain,Sacramento River,1,1,2.297911,1,1.667022,0.000002,0.000001
7,Grapes,Sacramento River,1,1,1.68112,1,1.728657,0,0.000001
7,Orchards,Sacramento River,1,1,1.68112,1,1.728657,0,0.000001
7,Pasture,Sacramento River,1,1,1.746634,1,1.760549,0.000002,0.000001
7,Pistachios,Sacramento River,1,1,1.199049,1,1.1948,0.000001,0.000001
7,Rice,Sacramento River,1,1,2.297911,1,1.667022,0.000002,0.000001
7,Safflower,Sacramento River,1,1,1.222109,1,1.118136,0.000001,0.000001
7,Subtropical,Sacramento River,1,1,1.68112,1,1.728657,0,0.000001
7,Sunflowers,Sacramento River,1,1,1.222109,1,1.118136,0.000001,0.000001
7,Tomatoes,Sacramento River,1,1,1.93033,1,1.928356,0,0.000001
7,Truck,Sacramento River,1,1,1.93033,1,1.928356,0,0.000001
7,Walnuts,Sacramento River,1,1,1.199049,1,1.1948,0.000001,0.000001
8,Alfalfa,San Joaquin River,1,1,1.974478,1,2.989137,0.000002,0.000001
8,Almonds,San Joaquin River,1,1,1.395582,1,1.214135,0.000001,0.000001
8,Beans Dry,San Joaquin River,1,1,1.974478,1,2.989137,0.000002,0.000001
8,Berries,San Joaquin River,1,1,2.164433,1,1.781283,0.000002,0.000001
8,Corn,San Joaquin River,1,1,2.197284,1,1.680125,0.000002,0.000001
8,Cucurbits,San Joaquin River,1,1,2.365597,1,1.970829,0.000002,0.000001
8,Field and Grain,San Joaquin River,1,1,2.197284,1,1.680125,0.000002,0.000001
8,Grapes,San Joaquin River,1,1,2.164433,1,1.781283,0.000002,0.000001
8,Lettuce,San Joaquin River,1,1,2.365597,1,1.970829,0.000002,0.000001
8,Onions and Garlic,San Joaquin River,1,1,2.365597,1,1.970829,0.000002,0.000001
8,Orchards,San Joaquin River,1,1,2.164433,1,1.781283,0.000002,0.000001
8,Pasture,San Joaquin River,1,1,2.2786443,1,2.445792,0.0000023,0.000001
8,Pistachios,San Joaquin River,1,1,1.395582,1,1.214135,0.000001,0.000001
8,Potatoes,San Joaquin River,1,1,2.365597,1,1.970829,0.000002,0.000001
8,Rice,San Joaquin River,1,1,2.197284,1,1.680125,0.000002,0.000001
8,Safflower,San Joaquin River,1,1,1.292013,1,1.132276,0.000001,0.000001
8,Subtropical,San Joaquin River,1,1,2.164433,1,1.781283,0.000002,0.000001
8,Sunflowers,San Joaquin River,1,1,1.292013,1,1.132276,0.000001,0.000001
8,Tomatoes,San Joaquin River,1,1,2.365597,1,1.970829,0.000002,0.000001
8,Truck,San Joaquin River,1,1,2.365597,1,1.970829,0.000002,0.000001
8,Walnuts,San Joaquin River,1,1,1.395582,1,1.214135,0.000001,0.000001
9,Alfalfa,Sacramento River,1,1,1.373747,1,3.221614,0.000001,0.000001
9,Almonds,Sacramento River,1,1,1.199049,1,1.1948,0.000001,0.000001
9,Beans Dry,Sacramento River,1,1,1.373747,1,3.221614,0.000001,0.000001
9,Berries,Sacramento River,1,1,1.68112,1,1.728657,0,0.000001
9,Corn,Sacramento River,1,1,2.297911,1,1.667022,0.000002,0.000001
9,Cotton,Sacramento River,1,1,2.00558,1,1.224593,0,0.000001
9,Cucurbits,Sacramento River,1,1,1.93033,1,1.928356,0,0.000001
9,Field and Grain,Sacramento River,1,1,2.297911,1,1.667022,0.000002,0.000001
9,Grapes,Sacramento River,1,1,1.68112,1,1.728657,0,0.000001
9,Lettuce,Sacramento River,1,1,1.93033,1,1.928356,0,0.000001
9,Onions and Garlic,Sacramento River,1,1,1.93033,1,1.928356,0,0.000001
9,Orchards,Sacramento River,1,1,1.68112,1,1.728657,0,0.000001
9,Pasture,Sacramento River,1,1,1.746634,1,1.760549,0.000002,0.000001
9,Pistachios,Sacramento River,1,1,1.199049,1,1.1948,0.000001,0.000001
9,Potatoes,Sacramento River,1,1,1.93033,1,1.928356,0,0.000001
9,Rice,Sacramento River,1,1,2.297911,1,1.667022,0.000002,0.000001
9,Safflower,Sacramento River,1,1,1.222109,1,1.118136,0.000001,0.000001
9,Subtropical,Sacramento River,1,1,1.68112,1,1.728657,0,0.000001
9,Sunflowers,Sacramento River,1,1,1.222109,1,1.118136,0.000001,0.000001
9,Tomatoes,Sacramento River,1,1,1.93033,1,1.928356,0,0.000001
9,Truck,Sacramento River,1,1,1.93033,1,1.928356,0,0.000001
9,Walnuts,Sacramento River,1,1,1.199049,1,1.1948,0.000001,0.000001
BUTV,Alfalfa,North Coast,1,1,1.395335,1,1.82832,0.000001,0.000001
BUTV,Berries,North Coast,1,1,1.802422,1,1.62372,0.000002,0.000001
BUTV,Field and Grain,North Coast,1,1,2.927971,1,1.320677,0.000003,0.000001
BUTV,Onions and Garlic,North Coast,1,1,1.669159,1,1.513049,0.000002,0.000001
BUTV,Pasture,North Coast,1,1,1.74442,1,2.02578,0,0.000001
BUTV,Potatoes,North Coast,1,1,1.669159,1,1.513049,0.000002,0.000001
BUTV,Truck,North Coast,1,1,1.669159,1,1.513049,0.000002,0.000001
COAC,Alfalfa,Colorado River,1,1,2.827795,1,2.525216,0.000003,0.000001
COAC,Beans Dry,Colorado River,1,1,2.827795,1,2.525216,0.000003,0.000001
COAC,Berries,Colorado River,1,1,2.02058,1,1.732461,0,0.000001
COAC,Corn,Colorado River,1,1,5.712464,1,1.487216,0.000006,0.000001
COAC,Cucurbits,Colorado River,1,1,2.428483,1,1.844841,0.000002,0.000001
COAC,Field and Grain,Colorado River,1,1,5.712464,1,1.487216,0.000006,0.000001
COAC,Grapes,Colorado River,1,1,2.02058,1,1.732461,0,0.000001
COAC,Lettuce,Colorado River,1,1,2.428483,1,1.844841,0.000002,0.000001
COAC,Onions and Garlic,Colorado River,1,1,2.428483,1,1.844841,0.000002,0.000001
COAC,Orchards,Colorado River,1,1,2.02058,1,1.732461,0,0.000001
COAC,Pasture,Colorado River,1,1,3.97597,1,2.062156,0,0.000001
COAC,Potatoes,Colorado River,1,1,2.428483,1,1.844841,0.000002,0.000001
COAC,Subtropical,Colorado River,1,1,2.02058,1,1.732461,0,0.000001
COAC,Tomatoes,Colorado River,1,1,2.428483,1,1.844841,0.000002,0.000001
COAC,Truck,Colorado River,1,1,2.428483,1,1.844841,0.000002,0.000001
IMP,Alfalfa,Colorado River,1,1,2.827795,1,2.525216,0.000003,0.000001
IMP,Beans Dry,Colorado River,1,1,2.827795,1,2.525216,0.000003,0.000001
IMP,Corn,Colorado River,1,1,5.712464,1,1.487216,0.000006,0.000001
IMP,Cotton,Colorado River,1,1,2.165951,1,1.197962,0.000002,0.000001
IMP,Cucurbits,Colorado River,1,1,2.428483,1,1.844841,0.000002,0.000001
IMP,Field and Grain,Colorado River,1,1,5.712464,1,1.487216,0.000006,0.000001
IMP,Lettuce,Colorado River,1,1,2.428483,1,1.844841,0.000002,0.000001
IMP,Onions and Garlic,Colorado River,1,1,2.428483,1,1.844841,0.000002,0.000001
IMP,Orchards,Colorado River,1,1,2.02058,1,1.732461,0,0.000001
IMP,Pasture,Colorado River,1,1,3.97597,1,2.062156,0,0.000001
IMP,Potatoes,Colorado River,1,1,2.428483,1,1.844841,0.000002,0.000001
IMP,Safflower,Colorado River,1,1,1.438667,1,1.176764,0.000001,0.000001
IMP,Subtropical,Colorado River,1,1,2.02058,1,1.732461,0,0.000001
IMP,Sunflowers,Colorado River,1,1,1.438667,1,1.176764,0.000001,0.000001
IMP,Truck,Colorado River,1,1,2.428483,1,1.844841,0.000002,0.000001
OXNV,Alfalfa,South Coast,1,1,1.281954,1,3.875502,0.000001,0.000001
OXNV,Beans Dry,South Coast,1,1,1.281954,1,3.875502,0.000001,0.000001
OXNV,Berries,South Coast,1,1,1.536726,1,1.858587,0.000002,0.000001
OXNV,Corn,South Coast,1,1,1.34619,1,7.694659,0,0.000001
OXNV,Cucurbits,South Coast,1,1,1.738386,1,2.01891,0.000002,0.000001
OXNV,Field and Grain,South Coast,1,1,1.34619,1,7.694659,0,0.000001
OXNV,Grapes,South Coast,1,1,1.536726,1,1.858587,0.000002,0.000001
OXNV,Lettuce,South Coast,1,1,1.738386,1,2.01891,0.000002,0.000001
OXNV,Onions and Garlic,South Coast,1,1,1.738386,1,2.01891,0.000002,0.000001
OXNV,Orchards,South Coast,1,1,1.536726,1,1.858587,0.000002,0.000001
OXNV,Pasture,South Coast,1,1,1.205098,1,1.787872,0.000001,0.000001
OXNV,Subtropical,South Coast,1,1,1.536726,1,1.858587,0.000002,0.000001
OXNV,Tomatoes,South Coast,1,1,1.738386,1,2.01891,0.000002,0.000001
OXNV,Truck,South Coast,1,1,1.738386,1,2.01891,0.000002,0.000001
OXNV,Walnuts,South Coast,1,1,1.246854,1,1.319481,0.000001,0.000001
PALV,Alfalfa,Colorado River,1,1,2.827795,1,2.525216,0.000003,0.000001
PALV,Almonds,Colorado River,1,1,1.4296,1,1.273555,0,0.000001
PALV,Corn,Colorado River,1,1,5.712464,1,1.487216,0.000006,0.000001
PALV,Cotton,Colorado River,1,1,2.165951,1,1.197962,0.000002,0.000001
PALV,Cucurbits,Colorado River,1,1,2.428483,1,1.844841,0.000002,0.000001
PALV,Field and Grain,Colorado River,1,1,5.712464,1,1.487216,0.000006,0.000001
PALV,Lettuce,Colorado River,1,1,2.428483,1,1.844841,0.000002,0.000001
PALV,Onions and Garlic,Colorado River,1,1,2.428483,1,1.844841,0.000002,0.000001
PALV,Orchards,Colorado River,1,1,2.02058,1,1.732461,0,0.000001
PALV,Pasture,Colorado River,1,1,3.97597,1,2.062156,0,0.000001
PALV,Potatoes,Colorado River,1,1,2.428483,1,1.844841,0.000002,0.000001
PALV,Subtropical,Colorado River,1,1,2.02058,1,1.732461,0,0.000001
PALV,Truck,Colorado River,1,1,2.428483,1,1.844841,0.000002,0.000001
PITRC,Alfalfa,Sacramento River,1,1,1.373747,1,3.221614,0.000001,0.000001
PITRC,Field and Grain,Sacramento River,1,1,2.297911,1,1.667022,0.000002,0.000001
PITRC,Orchards,Sacramento River,1,1,1.68112,1,1.728657,0,0.000001
PITRC,Pasture,Sacramento River,1,1,1.746634,1,1.760549,0.000002,0.000001
PITRC,Rice,Sacramento River,1,1,2.297911,1,1.667022,0.000002,0.000001
PITREL,Alfalfa,Sacramento River,1,1,1.373747,1,3.221614,0.000001,0.000001
PITREL,Field and Grain,Sacramento River,1,1,2.297911,1,1.667022,0.000002,0.000001
PITREL,Pasture,Sacramento River,1,1,1.746634,1,1.760549,0.000002,0.000001
PITREL,Rice,Sacramento River,1,1,2.297911,1,1.667022,0.000002,0.000001
PITREU,Alfalfa,Sacramento River,1,1,1.373747,1,3.221614,0.000001,0.000001
PITREU,Field and Grain,Sacramento River,1,1,2.297911,1,1.667022,0.000002,0.000001
PITREU,Orchards,Sacramento River,1,1,1.68112,1,1.728657,0,0.000001
PITREU,Pasture,Sacramento River,1,1,1.746634,1,1.760549,0.000002,0.000001
PITREU,Rice,Sacramento River,1,1,2.297911,1,1.667022,0.000002,0.000001
PITREU,Truck,Sacramento River,1,1,1.93033,1,1.928356,0,0.000001
PITRW,Alfalfa,Sacramento River,1,1,1.373747,1,3.221614,0.000001,0.000001
PITRW,Berries,Sacramento River,1,1,1.68112,1,1.728657,0,0.000001
PITRW,Field and Grain,Sacramento River,1,1,2.297911,1,1.667022,0.000002,0.000001
PITRW,Onions and Garlic,Sacramento River,1,1,1.93033,1,1.928356,0,0.000001
PITRW,Pasture,Sacramento River,1,1,1.746634,1,1.760549,0.000002,0.000001
PITRW,Rice,Sacramento River,1,1,2.297911,1,1.667022,0.000002,0.000001
PITRW,Truck,Sacramento River,1,1,1.93033,1,1.928356,0,0.000001
RUSRL,Berries,North Coast,1,1,1.802422,1,1.62372,0.000002,0.000001
RUSRL,Corn,North Coast,1,1,2.927971,1,1.320677,0.000003,0.000001
RUSRL,Field and Grain,North Coast,1,1,2.927971,1,1.320677,0.000003,0.000001
RUSRL,Grapes,North Coast,1,1,1.802422,1,1.62372,0.000002,0.000001
RUSRL,Orchards,North Coast,1,1,1.802422,1,1.62372,0.000002,0.000001
RUSRL,Pasture,North Coast,1,1,1.74442,1,2.02578,0,0.000001
RUSRL,Subtropical,North Coast,1,1,1.802422,1,1.62372,0.000002,0.000001
RUSRL,Truck,North Coast,1,1,1.669159,1,1.513049,0.000002,0.000001
RUSRL,Walnuts,North Coast,1,1,1.713238,1,1.346641,0.000002,0.000001
RUSRU,Alfalfa,North Coast,1,1,1.395335,1,1.82832,0.000001,0.000001
RUSRU,Berries,North Coast,1,1,1.802422,1,1.62372,0.000002,0.000001
RUSRU,Cucurbits,North Coast,1,1,1.669159,1,1.513049,0.000002,0.000001
RUSRU,Field and Grain,North Coast,1,1,2.927971,1,1.320677,0.000003,0.000001
RUSRU,Grapes,North Coast,1,1,1.802422,1,1.62372,0.000002,0.000001
RUSRU,Orchards,North Coast,1,1,1.802422,1,1.62372,0.000002,0.000001
RUSRU,Pasture,North Coast,1,1,1.74442,1,2.02578,0,0.000001
RUSRU,Subtropical,North Coast,1,1,1.802422,1,1.62372,0.000002,0.000001
RUSRU,Truck,North Coast,1,1,1.669159,1,1.513049,0.000002,0.000001
RUSRU,Walnuts,North Coast,1,1,1.713238,1,1.346641,0.000002,0.000001
RUSSRC,Field and Grain,North Coast,1,1,2.927971,1,1.320677,0.000003,0.000001
RUSSRC,Grapes,North Coast,1,1,1.802422,1,1.62372,0.000002,0.000001
RUSSRC,Orchards,North Coast,1,1,1.802422,1,1.62372,0.000002,0.000001
RUSSRC,Pasture,North Coast,1,1,1.74442,1,2.02578,0,0.000001
RUSSRC,Subtropical,North Coast,1,1,1.802422,1,1.62372,0.000002,0.000001
RUSSRC,Truck,North Coast,1,1,1.669159,1,1.513049,0.000002,0.000001
SAL,Alfalfa,Central Coast,1,1,1.351503,1,2.992086,0.000001,0.000001
SAL,Berries,Central Coast,1,1,1.830253,1,1.820359,0.000002,0.000001
SAL,Cucurbits,Central Coast,1,1,2.26423,1,1.890723,0,0.000001
SAL,Field and Grain,Central Coast,1,1,4.951161,1,1.504448,0.000005,0.000001
SAL,Grapes,Central Coast,1,1,1.830253,1,1.820359,0.000002,0.000001
SAL,Lettuce,Central Coast,1,1,2.26423,1,1.890723,0,0.000001
SAL,Onions and Garlic,Central Coast,1,1,2.26423,1,1.890723,0,0.000001
SAL,Orchards,Central Coast,1,1,1.830253,1,1.820359,0.000002,0.000001
SAL,Pasture,Central Coast,1,1,3.043274,1,1.938384,0.000003,0.000001
SAL,Subtropical,Central Coast,1,1,1.830253,1,1.820359,0.000002,0.000001
SAL,Truck,Central Coast,1,1,2.26423,1,1.890723,0,0.000001
SAL,Walnuts,Central Coast,1,1,1.464095,1,1.288618,0.000001,0.000001
SAN,Alfalfa,South Coast,1,1,1.281954,1,3.875502,0.000001,0.000001
SAN,Berries,South Coast,1,1,1.536726,1,1.858587,0.000002,0.000001
SAN,Cucurbits,South Coast,1,1,1.738386,1,2.01891,0.000002,0.000001
SAN,Field and Grain,South Coast,1,1,1.34619,1,7.694659,0,0.000001
SAN,Grapes,South Coast,1,1,1.536726,1,1.858587,0.000002,0.000001
SAN,Lettuce,South Coast,1,1,1.738386,1,2.01891,0.000002,0.000001
SAN,Orchards,South Coast,1,1,1.536726,1,1.858587,0.000002,0.000001
SAN,Pasture,South Coast,1,1,1.205098,1,1.787872,0.000001,0.000001
SAN,Subtropical,South Coast,1,1,1.536726,1,1.858587,0.000002,0.000001
SAN,Tomatoes,South Coast,1,1,1.738386,1,2.01891,0.000002,0.000001
SAN,Truck,South Coast,1,1,1.738386,1,2.01891,0.000002,0.000001
SCOV,Alfalfa,North Coast,1,1,1.395335,1,1.82832,0.000001,0.000001
SCOV,Berries,North Coast,1,1,1.802422,1,1.62372,0.000002,0.000001
SCOV,Field and Grain,North Coast,1,1,2.927971,1,1.320677,0.000003,0.000001
SCOV,Orchards,North Coast,1,1,1.802422,1,1.62372,0.000002,0.000001
SCOV,Pasture,North Coast,1,1,1.74442,1,2.02578,0,0.000001
SCOV,Truck,North Coast,1,1,1.669159,1,1.513049,0.000002,0.000001
SHV,Alfalfa,North Coast,1,1,1.395335,1,1.82832,0.000001,0.000001
SHV,Berries,North Coast,1,1,1.802422,1,1.62372,0.000002,0.000001
SHV,Field and Grain,North Coast,1,1,2.927971,1,1.320677,0.000003,0.000001
SHV,Grapes,North Coast,1,1,1.802422,1,1.62372,0.000002,0.000001
SHV,Orchards,North Coast,1,1,1.802422,1,1.62372,0.000002,0.000001
SHV,Pasture,North Coast,1,1,1.74442,1,2.02578,0,0.000001
SHV,Truck,North Coast,1,1,1.669159,1,1.513049,0.000002,0.000001
TULE,Alfalfa,North Coast,1,1,1.395335,1,1.82832,0.000001,0.000001
TULE,Field and Grain,North Coast,1,1,2.927971,1,1.320677,0.000003,0.000001
TULE,Lettuce,North Coast,1,1,1.669159,1,1.513049,0.000002,0.000001
TULE,Onions and Garlic,North Coast,1,1,1.669159,1,1.513049,0.000002,0.000001
TULE,Pasture,North Coast,1,1,1.74442,1,2.02578,0,0.000001
TULE,Potatoes,North Coast,1,1,1.669159,1,1.513049,0.000002,0.000001
WATS,Berries,Central Coast,1,1,1.830253,1,1.820359,0.000002,0.000001
WATS,Field and Grain,Central Coast,1,1,4.951161,1,1.504448,0.000005,0.000001
WATS,Grapes,Central Coast,1,1,1.830253,1,1.820359,0.000002,0.000001
WATS,Lettuce,Central Coast,1,1,2.26423,1,1.890723,0,0.000001
WATS,Onions and Garlic,Central Coast,1,1,2.26423,1,1.890723,0,0.000001
WATS,Orchards,Central Coast,1,1,1.830253,1,1.820359,0.000002,0.000001
WATS,Pasture,Central Coast,1,1,3.043274,1,1.938384,0.000003,0.000001
WATS,Subtropical,Central Coast,1,1,1.830253,1,1.820359,0.000002,0.000001
WATS,Truck,Central Coast,1,1,2.26423,1,1.890723,0,0.000001
WATS,Walnuts,Central Coast,1,1,1.464095,1,1.288618,0.000001,0.000001