,index,g,i,date,WRIA_NR.1,year,Month,Tmin,Tmean,Tmax,ETr,ETc,Pt,Pe,omegaland,omegasupply,omegalabor,p,y,TotalAcres,IrrigatedAcres,xland,MargRev,MargProf,percentdry,tfal,tsum,tspr,twin,tfal1,tsum1,tspr1,twin1,etcfal,etcsum,etcspr,etcwin,etcfal1,etcsum1,etcspr1,etcwin1,ptfal,ptsum,ptspr,ptwin,ptfal1,ptsum1,ptspr1,ptwin1,pefal,pesum,pespr,pewin,pefal1,pesum1,pespr1,pewin1,coef_intercept,coef_tsum,coef_tspr,coef_twin,coef_pesum,coef_pespr,coef_pewin,calc_yield,init_yield,sqerror
46,191,1,CORN,12/31/2018,1,2018,11,37.53893908,44.1097676,50.70650767,0.11104421,0,0.629722635,0.33775681,203.6349579,505.2882349,85.10117641,146.78454,6.16004928,17292.71076,12857.75728,4434.953477,904.1999999,110.1756307,25.64637516,44.1097676,62.08215472,53.89395143,38.66787792,42.17486034,62.92194738,53.05159153,36.64667243,0,0.315673438,0.064396858,0,0,0.315673438,0.064396858,0,0.629722635,0.141531025,0.228910331,0.577801175,0.702359963,0.061161599,0.285881112,0.628956152,0.33775681,0.053051487,0.096603828,0.307163959,0.38156662,0.008898078,0.124151364,0.333897937,16.8089,-0.2713,0.174,-0.0957,0.4675,0.9484,1.8057,6.314109658,6.16004928,0.0237346
57,235,1,GRAIN,12/31/2018,1,2018,11,37.53893908,44.1097676,50.70650767,0.11104421,0,0.629722635,0.33775681,77.58273122,274.3103706,23.55190056,183.66483,2.12402124,935.594884,425.476673,510.118211,390.108,14.66299759,54.52340748,44.1097676,62.08215472,53.89395143,38.66787792,42.17486034,62.92194738,53.05159153,36.64667243,0,0.065315603,0.29420415,0.014644641,0,0.065315603,0.29420415,0.014644641,0.629722635,0.141531025,0.228910331,0.577801175,0.702359963,0.061161599,0.285881112,0.628956152,0.33775681,0.052787038,0.097562814,0.307321063,0.38156662,0.008853724,0.125645283,0.33432557,-9.7517,0.4255,-0.2611,0.0638,-3.1484,-7.9665,-5.5532,2.409512531,2.12402124,0.081505277
79,323,1,HAY,12/31/2018,1,2018,11,37.53893908,44.1097676,50.70650767,0.11104421,0.010571536,0.629722635,0.337885374,30.51771432,100.4245714,11.35542864,184,1.35,28977.51625,13041.69322,15935.82304,248.4,106.1022857,54.99375068,44.1097676,62.08215472,53.89395143,38.66787792,42.17486034,62.92194738,53.05159153,36.64667243,0.010571536,0.367277031,0.321906737,0,0.010571536,0.367277031,0.321906737,0,0.629722635,0.141531025,0.228910331,0.577801175,0.702359963,0.061161599,0.285881112,0.628956152,0.337885374,0.053537593,0.097590749,0.307163959,0.381778153,0.008979611,0.12577196,0.333897937,-118.7272,1.0919,0.3311,1.1368,0,37.6871,-24.6303,6.974607534,1.35,31.63620991
152,615,2,HAY,12/31/2018,2,2018,11,41.8780468,47.49043597,53.12545262,0.110414825,0.009873837,0.298135705,0.133477816,47.47200006,156.2159999,17.66400011,184,2.1,4074.687131,0,4074.687131,386.4,165.0479999,100,47.49043597,60.51065756,54.50638074,42.82803758,45.55710264,60.33608389,53.44858743,41.17707549,0.009873837,0.355993826,0.311700239,0,0.009873837,0.355993826,0.311700239,0,0.298135705,0.05860262,0.11834321,0.325260878,0.334787025,0.029641208,0.133426558,0.228052974,0.133477816,0.009415031,0.035365841,0.151257915,0.15854602,0,0.024807799,0.084860793,27.176,-0.1952,0.0791,-0.3129,0,-23.7619,-18.7981,2.591160413,2.1,0.241238551
219,883,3,CORN,12/31/2018,3,2018,11,39.26147022,46.29648483,53.31908346,0.113417884,0,0.388975527,0.19256395,203.6349579,505.2882349,85.10117641,146.78454,6.16004928,9440.921743,7516.237759,1924.683984,904.1999999,110.1756307,20.38661093,46.29648483,62.39717339,55.40218586,41.94817646,44.64564851,62.83943117,55.11255617,40.51761464,0,0.322831114,0.064523753,0,0,0.322831114,0.064523753,0,0.388975527,0.082395591,0.20438058,0.441681287,0.439283421,0.037375022,0.188556358,0.329745172,0.19256395,0.019082176,0.081162197,0.224762409,0.224920404,0,0.061234579,0.152433612,13.3536,-0.2163,0.1434,-0.0367,-3.1211,-0.6273,0.6667,6.301645444,6.16004928,0.020049474
230,927,3,GRAIN,12/31/2018,3,2018,11,39.26147022,46.29648483,53.31908346,0.113417884,0,0.388975527,0.19256395,77.58273122,274.3103706,23.55190056,183.66483,2.12402124,11920.71003,6870.052433,5050.657597,390.108,14.66299759,42.36876482,46.29648483,62.39717339,55.40218586,41.94817646,44.64564851,62.83943117,55.11255617,40.51761464,0,0.066380981,0.292072518,0.014231922,0,0.066380981,0.292072518,0.014231922,0.388975527,0.082395591,0.20438058,0.441681287,0.439283421,0.037375022,0.188556358,0.329745172,0.19256395,0.018986627,0.081929705,0.224854201,0.224920404,0,0.061991924,0.15263932,5.8609,0.4451,-0.4907,-0.1006,24.1261,-16.2161,4.3949,2.345747423,2.12402124,0.0491625
252,1015,3,HAY,12/31/2018,3,2018,11,39.26147022,46.29648483,53.31908346,0.113417884,0.01050751,0.388975527,0.192634192,38.99485719,128.3202856,14.50971438,184,1.725,14950.444,7728.459942,7221.984062,317.4,135.5751428,48.30615105,46.29648483,62.39717339,55.40218586,41.94817646,44.64564851,62.83943117,55.11255617,40.51761464,0.01050751,0.374712452,0.319615942,0,0.01050751,0.374712452,0.319615942,0,0.388975527,0.082395591,0.20438058,0.441681287,0.439283421,0.037375022,0.188556358,0.329745172,0.192634192,0.01925872,0.081942217,0.224762409,0.225032993,0,0.062060343,0.152433612,-29.7363,0.0362,0.7928,-0.1911,0,24.0143,-29.6048,3.742772921,1.725,4.07140756
318,1279,4,HAY,12/31/2018,4,2018,11,34.6744449,41.09490816,47.52411107,0.108097961,0.011400622,1.006329981,0.545314089,47.84876196,157.4558094,17.80419059,184,2.116666667,801.966676,22.957376,779.0093,389.4666667,166.3579047,97.13736534,41.09490816,62.9354041,53.05850382,35.44711835,38.63083746,64.35225677,52.17299582,32.47103701,0.011400622,0.46599303,0.382821868,0,0.011400622,0.46599303,0.382821868,0,1.006329981,0.142563993,0.352504759,0.885063177,1.165569525,0.043867931,0.345556595,1.111940893,0.545314089,0.054688973,0.165723826,0.47596256,0.630892855,0,0.163838433,0.59609436,27.3749,0.2065,-0.5485,-0.0925,0,-34.7034,0.6548,2.550093215,2.116666667,0.187858573
380,1527,5,GRAIN,12/31/2018,5,2018,11,37.72615038,44.43090629,51.13901529,0.112236163,0,0.827410176,0.448661528,77.58273122,274.3103706,23.55190056,183.66483,2.12402124,2351.302102,1974.337594,376.964508,390.108,14.66299759,16.0321597,44.43090629,63.06942876,54.59145879,39.5748051,42.31268303,63.8168872,54.31029759,37.44336329,0,0.077501273,0.326010318,0.014536037,0,0.077501273,0.326010318,0.014536037,0.827410176,0.136515026,0.341605287,0.790856201,0.978838594,0.044092783,0.322665913,0.912303725,0.448661528,0.050127228,0.162259814,0.425964836,0.53189599,0.001511426,0.148900213,0.490609409,-2.3326,0.4024,-0.3469,0.0014,3.7258,-10.8593,-0.7675,2.261973822,2.12402124,0.019030915
397,1595,5,HAY,12/31/2018,5,2018,11,37.72615038,44.43090629,51.13901529,0.112236163,0.011109394,0.827410176,0.448819126,47.47200006,156.2159999,17.66400011,184,2.1,6779.603241,2879.677036,3899.926205,386.4,165.0479999,57.52440174,44.43090629,63.06942876,54.59145879,39.5748051,42.31268303,63.8168872,54.31029759,37.44336329,0.011109394,0.436470378,0.356737625,0,0.011109394,0.436470378,0.356737625,0,0.827410176,0.136515026,0.341605287,0.790856201,0.978838594,0.044092783,0.322665913,0.912303725,0.448819126,0.050958675,0.162302338,0.425777802,0.532187352,0.001536496,0.149044214,0.489997,-28.0485,0.3538,0.404,-0.2656,0,11.2354,-7.295,4.526827635,2.1,5.889492368
441,1771,6,BEAN,12/31/2018,6,2018,11,40.1275269,46.36943,52.6037429,0.105447353,0,0.266759804,0.113143047,93.70024581,236.5931202,15.92904186,454,0.84,1.055891,0,1.055891,381.36,35.13759209,100,46.36943,60.85502996,54.4516805,42.11250375,45.04217985,61.53330426,54.40129393,41.04198358,0,0.220581848,0.069425424,0,0,0.220581848,0.069425424,0,0.266759804,0.062399837,0.151205962,0.289778643,0.311979846,0.022965058,0.141848453,0.219469436,0.113143047,0.001297865,0.05208924,0.12837382,0.142809983,0,0.037110956,0.07905221,17.5434,-0.2997,0.0769,-0.0603,1.5029,-5.1504,1.4619,0.874437602,0.84,0.001185948
485,1947,6,GRAIN,12/31/2018,6,2018,11,40.1275269,46.36943,52.6037429,0.105447353,0,0.266759804,0.113143047,77.58273122,274.3103706,23.55190056,183.66483,2.12402124,1204.56725,329.022394,875.544856,390.108,14.66299759,72.68542757,46.36943,60.85502996,54.4516805,42.11250375,45.04217985,61.53330426,54.40129393,41.04198358,0,0.065989133,0.289964863,0.013877389,0,0.065989133,0.289964863,0.013877389,0.266759804,0.062399837,0.151205962,0.289778643,0.311979846,0.022965058,0.141848453,0.219469436,0.113143047,0.001297865,0.052554623,0.128433546,0.142809983,0,0.037571741,0.079159538,-1.8009,0.3457,-0.3124,0.0233,-2.8625,-11.1271,-3.7881,2.132185407,2.12402124,6.67E-05
507,2035,6,HAY,12/31/2018,6,2018,11,40.1275269,46.36943,52.6037429,0.105447353,0.009865036,0.266759804,0.113185631,47.47200006,156.2159999,17.66400011,184,2.1,5522.068992,1132.630286,4389.438706,386.4,165.0479999,79.48902327,46.36943,60.85502996,54.4516805,42.11250375,45.04217985,61.53330426,54.40129393,41.04198358,0.009865036,0.371571586,0.31723666,0,0.009865036,0.371571586,0.31723666,0,0.266759804,0.062399837,0.151205962,0.289778643,0.311979846,0.022965058,0.141848453,0.219469436,0.113185631,0.001316316,0.052547568,0.12837382,0.142864351,0,0.037607366,0.07905221,-25.3106,0.2461,0.5857,-0.3875,0,26.0524,-24.7417,3.432380657,2.1,1.775238216
588,2359,7,GRAIN,12/31/2018,7,2018,11,37.31379073,43.81028238,50.32360523,0.103663977,0,0.869451345,0.47355724,76.7060902,271.2108184,23.28577739,183.66483,2.100021,842.706542,533.881779,308.824763,385.7,14.497314,36.64677413,43.81028238,62.77633448,53.9800694,39.25053412,41.99746122,63.62037841,53.55432708,36.92230107,0,0.072745877,0.313512181,0.014113346,0,0.072745877,0.313512181,0.014113346,0.869451345,0.147024199,0.444211347,0.820584717,0.972458999,0.070851871,0.406608987,0.796020997,0.47355724,0.049518124,0.21410199,0.445188635,0.530825887,0.020332928,0.204446658,0.427295602,12.0413,-0.2572,0.1558,-0.0612,-1.2922,3.5348,-1.3411,1.998966812,2.100021,0.010211949
605,2427,7,HAY,12/31/2018,7,2018,11,37.31379073,43.81028238,50.32360523,0.103663977,0.010643668,0.869451345,0.473749012,70.07771437,230.6045713,26.07542873,184,3.1,8097.585658,3247.500672,4850.084986,570.4,243.6422856,59.89544527,43.81028238,62.77633448,53.9800694,39.25053412,41.99746122,63.62037841,53.55432708,36.92230107,0.010643668,0.405644974,0.343245384,0,0.010643668,0.405644974,0.343245384,0,0.869451345,0.147024199,0.444211347,0.820584717,0.972458999,0.070851871,0.406608987,0.796020997,0.473749012,0.05027193,0.214159556,0.444983674,0.531111683,0.020642453,0.204684505,0.426796175,37.6323,-0.324,0.0809,-0.3479,0,0.7159,-9.2549,4.039531844,3.1,0.882720086
670,2687,8,HAY,12/31/2018,8,2018,11,39.22049731,45.66980708,52.10069548,0.088602869,0.009247177,0.52654478,0.277971232,82.51085724,271.5182855,30.70171448,184,3.65,110.971034,20.611111,90.359923,671.6,286.8691428,81.42658471,45.66980708,63.92389978,55.22578373,41.26569991,43.96808932,64.4992688,54.55451245,39.10690251,0.009247177,0.370784367,0.314592853,0,0.009247177,0.370784367,0.314592853,0,0.52654478,0.090259405,0.285560221,0.511500772,0.641395853,0.046305428,0.311664996,0.618656595,0.277971232,0.024369298,0.126775584,0.265174783,0.345642166,0.003491076,0.1430562,0.328556712,-1.9978,0.0108,0.2117,-0.1274,0,12.604,-8.5872,4.447396929,3.65,0.635841862
740,2967,9,HAY,12/31/2018,9,2018,11,37.65551372,44.10865411,50.57004654,0.08822031,0.009440541,0.612582004,0.32840248,117.5497144,386.8205712,43.73942884,184,5.2,2292.407276,675.483558,1616.923718,956.8,408.6902856,70.53387655,44.10865411,63.60752131,54.04316881,39.53042936,42.34595722,64.58798059,53.06717048,36.92312429,0.009440541,0.375688119,0.322281728,0,0.009440541,0.375688119,0.322281728,0,0.612582004,0.088074472,0.285922497,0.560287161,0.768209114,0.050656543,0.320773708,0.672250247,0.32840248,0.020401057,0.11944842,0.294564648,0.419236246,0.005877117,0.150342855,0.359027403,18.095,-0.1558,0.0061,-0.0743,0,-4.9077,-0.3598,4.885299237,5.2,0.09903657
776,3111,10,BEAN,12/31/2018,10,2018,11,35.83393509,42.70971851,49.58715788,0.085139225,0,0.568283875,0.301137854,93.70024581,236.5931202,15.92904186,454,0.84,21.460231,0,21.460231,381.36,35.13759209,100,42.70971851,61.9834197,52.14913957,37.744564,40.91016259,63.17834629,51.25800358,35.47989146,0,0.217623241,0.069252056,0,0,0.217623241,0.069252056,0,0.568283875,0.086329085,0.263188689,0.528078963,0.741070217,0.046154932,0.319494349,0.639757599,0.301137854,0.017960475,0.102453888,0.276343736,0.403783639,0.001002011,0.147620344,0.340264819,9.1749,-0.1253,0.0335,-0.0601,-0.0455,0.1593,-0.4974,0.764975719,0.84,0.005628643
809,3243,10,CORN,12/31/2018,10,2018,11,35.83393509,42.70971851,49.58715788,0.085139225,0,0.568283875,0.301137854,203.6349579,505.2882349,85.10117641,146.78454,6.16004928,560.201042,448.680717,111.520325,904.1999999,110.1756307,19.907197,42.70971851,61.9834197,52.14913957,37.744564,40.91016259,63.17834629,51.25800358,35.47989146,0,0.316172762,0.063531535,0,0,0.316172762,0.063531535,0,0.568283875,0.086329085,0.263188689,0.528078963,0.741070217,0.046154932,0.319494349,0.639757599,0.301137854,0.018050507,0.102453897,0.276343736,0.403783639,0.001007034,0.147607873,0.340264819,17.964,-0.1456,-0.0359,-0.0451,8.2984,-6.6868,4.4519,6.059736432,6.16004928,0.010062668
830,3327,10,HAY,12/31/2018,10,2018,11,35.83393509,42.70971851,49.58715788,0.085139225,0.009267234,0.568283875,0.301251327,117.5497144,386.8205712,43.73942884,184,5.2,3389.899759,1137.812448,2252.087311,956.8,408.6902856,66.43521848,42.70971851,61.9834197,52.14913957,37.744564,40.91016259,63.17834629,51.25800358,35.47989146,0.009267234,0.367627015,0.310265376,0,0.009267234,0.367627015,0.310265376,0,0.568283875,0.086329085,0.263188689,0.528078963,0.741070217,0.046154932,0.319494349,0.639757599,0.301251327,0.018215195,0.103349892,0.276343736,0.403989261,0.001016221,0.14945614,0.340264819,19.2051,-0.1974,0.0066,-0.047,0,-0.9548,-1.4613,5.037263186,5.2,0.026483271
905,3627,11,GRAIN,12/31/2018,11,2018,11,37.26063792,44.78072095,52.31036472,0.077164458,0,0.478897671,0.248210943,77.58273122,274.3103706,23.55190056,183.66483,2.12402124,442.610275,263.471472,179.138803,390.108,14.66299759,40.47325901,44.78072095,63.88593804,54.59957111,40.08036467,43.05331087,64.64110095,53.50826958,37.90018298,0,0.065171379,0.277536136,0.012034846,0,0.065171379,0.277536136,0.012034846,0.478897671,0.074844769,0.230229531,0.43802785,0.625700707,0.047112582,0.290104587,0.577719354,0.248210943,0.013485253,0.091076405,0.221343495,0.337061393,0.002098009,0.128791233,0.304678366,14.6972,-0.242,0.1179,-0.0899,-2.4683,2.0515,-1.3968,1.915252645,2.12402124,0.043584326
927,3715,11,HAY,12/31/2018,11,2018,11,37.26063792,44.78072095,52.31036472,0.077164458,0.00884544,0.478897671,0.248303758,45.21142862,148.7771428,16.82285725,184,2,4145.678295,663.919031,3481.759264,368,157.1885714,83.98527373,44.78072095,63.88593804,54.59957111,40.08036467,43.05331087,64.64110095,53.50826958,37.90018298,0.00884544,0.365973284,0.304024816,0,0.00884544,0.365973284,0.304024816,0,0.478897671,0.074844769,0.230229531,0.43802785,0.625700707,0.047112582,0.290104587,0.577719354,0.248303758,0.013675506,0.091066253,0.22126571,0.337214478,0.002127608,0.128912344,0.304388328,-45.7141,0.9564,-0.5653,0.4243,0,-9.6714,10.3394,2.934388845,2,0.873082514
958,3839,12,HAY,12/31/2018,12,2018,11,40.37164837,47.30237572,54.21169263,0.084261793,0.00898421,0.423797369,0.214206889,101.7257144,334.7485712,37.85142881,184,4.5,18.3594,0,18.3594,828,353.6742856,100,47.30237572,65.42598723,57.31565639,43.58037192,45.56506649,65.8199055,56.37088529,41.44663638,0.00898421,0.36147394,0.31191383,0,0.00898421,0.36147394,0.31191383,0,0.423797369,0.048185702,0.190433295,0.354026782,0.566999627,0.030777723,0.239620668,0.568566105,0.214206889,0.002472597,0.085442054,0.165125929,0.301756135,0,0.093595267,0.298772046,24.8092,-0.0352,-0.2359,-0.0816,0,-13.7439,1.4241,4.490132348,4.5,9.74E-05
1020,4091,13,HAY,12/31/2018,13,2018,11,37.57631148,45.53123427,53.48645197,0.082528884,0.009265324,0.510065808,0.266304615,45.21142862,148.7771428,16.82285725,184,2,1405.015349,81.791382,1323.223967,368,157.1885714,94.17861292,45.53123427,63.92697635,55.27573934,41.3077428,43.78743272,64.63333795,54.26845415,39.49007322,0.009265324,0.377547327,0.320889289,0,0.009265324,0.377547327,0.320889289,0,0.510065808,0.065360937,0.216227509,0.431069309,0.668035021,0.040069874,0.300425066,0.645837712,0.266304615,0.01334989,0.095542092,0.213894147,0.360357153,0,0.134354277,0.343440489,-50.6492,0.7771,-0.1559,0.284,0,5.7787,3.2423,3.387982594,2,1.92649568
1045,4191,14,HAY,12/31/2018,14,2018,11,38.68487641,46.21486076,53.71597194,0.081153656,0.009209943,0.728085621,0.392868284,101.7257144,334.7485712,37.85142881,184,4.5,373.777033,17.030588,356.746445,828,353.6742856,95.44365049,46.21486076,64.41290452,56.10648907,42.23191115,44.48460911,65.0107332,55.07975591,40.36546135,0.009209943,0.373420601,0.323067911,0,0.009209943,0.373420601,0.323067911,0,0.728085621,0.069881928,0.270426943,0.55835537,0.873234216,0.046767451,0.357783546,0.900129797,0.392868284,0.021119387,0.128630485,0.285210821,0.472858722,0.003168415,0.170815756,0.486762571,10.2366,0.0034,-0.051,-0.0681,0,-4.1221,1.2651,4.548772271,4.5,0.002378734
1103,4423,15,HAY,12/31/2018,15,2018,11,40.19062181,46.90621575,53.64987794,0.084426244,0.009142502,0.601637973,0.319198858,47.47200006,156.2159999,17.66400011,184,2.1,567.847416,0,567.847416,386.4,165.0479999,100,46.90621575,64.79386715,56.45446711,42.8095179,45.19867822,65.30329666,55.44616191,40.73731559,0.009142502,0.367609278,0.315197103,0,0.009142502,0.367609278,0.315197103,0,0.601637973,0.05488886,0.239999233,0.462371673,0.681447036,0.039475262,0.289848623,0.748102706,0.319198858,0.008721811,0.106356122,0.227959959,0.365970155,0,0.126534501,0.404313092,11.2461,-0.2204,0.3759,-0.3645,0,6.0871,1.473,3.565881962,2.1,2.148809927
1132,4539,16,CORN,12/31/2018,16,2018,11,37.48318871,45.12985232,52.7889989,0.098240629,0,1.106325746,0.597907106,203.6349579,505.2882349,85.10117641,146.78454,6.16004928,16.290251,0,16.290251,904.1999999,110.1756307,100,45.12985232,64.41521832,55.50605146,40.48930575,43.5576071,64.99963133,54.59842358,38.58157125,0,0.343776887,0.070952145,0,0,0.343776887,0.070952145,0,1.106325746,0.108736222,0.384665032,0.819927359,1.183543605,0.049678724,0.444710907,1.174507862,0.597907106,0.04185416,0.183286201,0.430338713,0.630396726,0.004427572,0.219188909,0.636791653,8.2864,-0.0336,0.0679,-0.1024,1.9873,-2.1561,1.323,6.002136161,6.16004928,0.024936553
1143,4583,16,HAY,12/31/2018,16,2018,11,37.48318871,45.12985232,52.7889989,0.098240629,0.010520648,1.106325746,0.598127602,101.7257144,334.7485712,37.85142881,184,4.5,254.339853,0,254.339853,828,353.6742856,100,45.12985232,64.41521832,55.50605146,40.48930575,43.5576071,64.99963133,54.59842358,38.58157125,0.010520648,0.400235034,0.351305126,0,0.010520648,0.400235034,0.351305126,0,1.106325746,0.108736222,0.384665032,0.819927359,1.183543605,0.049678724,0.444710907,1.174507862,0.598127602,0.04227445,0.185163383,0.430338713,0.630635466,0.004472032,0.221887388,0.636791653,9.7286,-0.0247,-0.0164,-0.0657,0,-2.5409,1.0593,4.552473635,4.5,0.002753482
1194,4787,17,GRAIN,12/31/2018,17,2018,11,38.83098909,45.72031413,52.66418041,0.108086562,0,0.369632022,0.177570067,77.58273122,274.3103706,23.55190056,183.66483,2.12402124,23.96018,20.40688,3.5533,390.108,14.66299759,14.83002215,45.72031413,61.42461407,54.3103923,41.18852652,44.67946093,62.48820061,54.04996827,40.17359045,0,0.070940749,0.309677077,0.014591042,0,0.070940749,0.309677077,0.014591042,0.369632022,0.063215243,0.198042408,0.33501075,0.433861118,0.020120465,0.199597104,0.37436222,0.177570067,0.00098192,0.078625363,0.155652496,0.214792806,0,0.072530143,0.184095971,10.6453,-0.25,0.1656,-0.0636,3.54,2.622,1.1516,2.052238274,2.12402124,0.005152794
1212,4859,17,HAY,12/31/2018,17,2018,11,38.83098909,45.72031413,52.66418041,0.108086562,0.010573072,0.369632022,0.177608951,47.47200006,156.2159999,17.66400011,184,2.1,2067.648169,564.760094,1502.888075,386.4,165.0479999,72.68587072,45.72031413,61.42461407,54.3103923,41.18852652,44.67946093,62.48820061,54.04996827,40.17359045,0.010573072,0.404296305,0.338909726,0,0.010573072,0.404296305,0.338909726,0,0.369632022,0.063215243,0.198042408,0.33501075,0.433861118,0.020120465,0.199597104,0.37436222,0.177608951,0.000997446,0.078639415,0.155571032,0.214846913,0,0.072561551,0.18391645,-12.6267,0.1738,0.2341,-0.1786,0,15.786,-4.5512,3.940056851,2.1,3.385809214
1303,5223,18,GRAIN,12/31/2018,18,2018,11,36.14222391,44.6355288,53.1583762,0.097589355,0,0.288393702,0.127347506,77.58273122,274.3103706,23.55190056,183.66483,2.12402124,886.395549,278.798255,607.597294,390.108,14.66299759,68.54697033,44.6355288,61.26977352,53.81084822,40.62925008,42.74630525,61.6824604,53.16657825,38.67542322,0,0.065839086,0.287701085,0.012306592,0,0.065839086,0.287701085,0.012306592,0.288393702,0.050985871,0.144296608,0.255681074,0.357956412,0.018807055,0.15501344,0.240284522,0.127347506,0,0.048459447,0.104646111,0.171149431,0,0.041401012,0.094534074,10.2173,-0.3171,0.2501,-0.0685,4.1197,9.2761,2.6121,2.186505109,2.12402124,0.003904234
1325,5311,18,HAY,12/31/2018,18,2018,11,36.14222391,44.6355288,53.1583762,0.097589355,0.009451114,0.288393702,0.127388806,101.7257144,334.7485712,37.85142881,184,4.5,2844.145965,1358.205044,1485.940921,828,353.6742856,52.24559285,44.6355288,61.26977352,53.81084822,40.62925008,42.74630525,61.6824604,53.16657825,38.67542322,0.009451114,0.372217287,0.314939432,0,0.009451114,0.372217287,0.314939432,0,0.288393702,0.050985871,0.144296608,0.255681074,0.357956412,0.018807055,0.15501344,0.240284522,0.127388806,0,0.048456401,0.10460981,0.171197006,0,0.041417813,0.094435533,-6.7382,0.2997,-0.069,-0.0845,0,-7.4324,5.4996,4.693395721,4.5,0.037401905
1369,5487,22,BEAN,12/31/2018,22,2018,11,37.81639143,44.66776093,51.54906883,0.082212257,0,1.32381199,0.70982122,93.70024581,236.5931202,15.92904186,454,0.84,224.272319,52.999813,171.272506,381.36,35.13759209,76.36809873,44.66776093,62.51004783,53.96328981,40.65934589,43.07812192,63.13819481,52.96160043,38.9047625,0,0.218893549,0.071996031,0,0,0.218893549,0.071996031,0,1.32381199,0.178874648,0.452524266,0.958821637,1.394565556,0.094750012,0.594006684,1.301519976,0.70982122,0.076631851,0.219316032,0.507202485,0.744241581,0.033830158,0.310236126,0.699057817,8.5394,-0.1403,0.0782,-0.0813,0.8378,-0.4792,0.2654,0.777282193,0.84,0.003933523
1397,5619,22,CORN,12/31/2018,22,2018,11,37.81639143,44.66776093,51.54906883,0.082212257,0,1.32381199,0.70982122,203.6349579,505.2882349,85.10117641,146.78454,6.16004928,1484.766978,593.219514,891.547464,904.1999999,110.1756307,60.04628856,44.66776093,62.51004783,53.96328981,40.65934589,43.07812192,63.13819481,52.96160043,38.9047625,0,0.319029083,0.066460724,0,0,0.319029083,0.066460724,0,1.32381199,0.178874648,0.452524266,0.958821637,1.394565556,0.094750012,0.594006684,1.301519976,0.70982122,0.077027336,0.219299927,0.507202485,0.744241581,0.03400475,0.310201071,0.699057817,10.9182,-0.0919,0.0939,-0.1207,2.7325,-1.6893,1.7856,6.078771055,6.16004928,0.00660615
1408,5663,22,GRAIN,12/31/2018,22,2018,11,37.81639143,44.66776093,51.54906883,0.082212257,0,1.32381199,0.70982122,77.58273122,274.3103706,23.55190056,183.66483,2.12402124,82.372215,0,82.372215,390.108,14.66299759,100,44.66776093,62.51004783,53.96328981,40.65934589,43.07812192,63.13819481,52.96160043,38.9047625,0,0.066652057,0.30151358,0.013320518,0,0.066652057,0.30151358,0.013320518,1.32381199,0.178874648,0.452524266,0.958821637,1.394565556,0.094750012,0.594006684,1.301519976,0.70982122,0.076631851,0.221365901,0.507388355,0.744241581,0.033830158,0.313774664,0.699806348,15.1837,-0.3226,0.1717,-0.0784,1.6929,1.1897,0.8867,1.93875304,2.12402124,0.034324306
1427,5739,22,HAY,12/31/2018,22,2018,11,37.81639143,44.66776093,51.54906883,0.082212257,0.00913428,1.32381199,0.710042813,101.7257144,334.7485712,37.85142881,184,4.5,5743.096626,1691.737032,4051.359594,828,353.6742856,70.54312086,44.66776093,62.51004783,53.96328981,40.65934589,43.07812192,63.13819481,52.96160043,38.9047625,0.00913428,0.373574602,0.329959162,0,0.00913428,0.373574602,0.329959162,0,1.32381199,0.178874648,0.452524266,0.958821637,1.394565556,0.094750012,0.594006684,1.301519976,0.710042813,0.077767124,0.221358527,0.507202485,0.744506547,0.03433134,0.314038377,0.699057817,10.2441,-0.0392,-0.0151,-0.0679,0,-1.7224,1.3132,4.502881239,4.5,8.30E-06
1460,5871,23,BEAN,12/31/2018,23,2018,11,38.07816983,46.12388346,54.18602872,0.091353292,0,0.592563195,0.315413633,93.70024581,236.5931202,15.92904186,454,0.84,489.443492,397.149414,92.294078,381.36,35.13759209,18.85694253,46.12388346,64.28755138,55.78694482,41.89302803,44.51509084,64.96583136,54.62701439,39.8322342,0,0.235753916,0.073263108,0,0,0.235753916,0.073263108,0,0.592563195,0.075372935,0.210736244,0.442267545,0.659892228,0.051854433,0.289777532,0.638279605,0.315413633,0.019014796,0.090261954,0.221221223,0.355276947,0.006286647,0.126277764,0.339706148,10.1113,-0.1399,0.052,-0.071,-0.6435,-0.8015,-0.6421,0.817360578,0.84,0.000512543
1484,5967,23,CORN,12/31/2018,23,2018,11,38.07816983,46.12388346,54.18602872,0.091353292,0,0.592563195,0.315413633,203.6349579,505.2882349,85.10117641,146.78454,6.16004928,674.849963,613.307975,61.541988,904.1999999,110.1756307,9.11935858,46.12388346,64.28755138,55.78694482,41.89302803,44.51509084,64.96583136,54.62701439,39.8322342,0,0.34320805,0.067584214,0,0,0.34320805,0.067584214,0,0.592563195,0.075372935,0.210736244,0.442267545,0.659892228,0.051854433,0.289777532,0.638279605,0.315413633,0.01911855,0.090261954,0.221221223,0.355276947,0.006320951,0.126304352,0.339706148,13.2651,-0.0636,0.005,-0.0805,1.5986,-4.8605,1.7682,6.065965753,6.16004928,0.00885171
1495,6011,23,GRAIN,12/31/2018,23,2018,11,38.07816983,46.12388346,54.18602872,0.091353292,0,0.592563195,0.315413633,77.58273122,274.3103706,23.55190056,183.66483,2.12402124,755.276392,306.447668,448.828724,390.108,14.66299759,59.42575841,46.12388346,64.28755138,55.78694482,41.89302803,44.51509084,64.96583136,54.62701439,39.8322342,0,0.071320579,0.306304095,0.013836489,0,0.071320579,0.306304095,0.013836489,0.592563195,0.075372935,0.210736244,0.442267545,0.659892228,0.051854433,0.289777532,0.638279605,0.315413633,0.019014796,0.091092836,0.221292752,0.355276947,0.006286647,0.127840315,0.340072462,18.1354,-0.2796,0.0912,-0.0798,-0.1149,0.5211,-0.1035,1.927686242,2.12402124,0.038547431
1506,6055,23,HAY,12/31/2018,23,2018,11,38.07816983,46.12388346,54.18602872,0.091353292,0.010010504,0.592563195,0.315528568,45.21142862,148.7771428,16.82285725,184,2,22392.92059,5371.103513,17021.81708,368,157.1885714,76.01427876,46.12388346,64.28755138,55.78694482,41.89302803,44.51509084,64.96583136,54.62701439,39.8322342,0.010010504,0.400916598,0.335447685,0,0.010010504,0.400916598,0.335447685,0,0.592563195,0.075372935,0.210736244,0.442267545,0.659892228,0.051854433,0.289777532,0.638279605,0.315528568,0.019314057,0.091082845,0.221221223,0.355450231,0.006385589,0.127966872,0.339706148,-74.2083,1.1119,-0.2083,0.3496,0,5.5376,8.7989,2.749294154,2,0.56144173
1563,6283,24,HAY,12/31/2018,24,2018,11,37.40931201,46.35327378,55.28448738,0.09657889,0.009874784,0.944146575,0.512733712,45.21142862,148.7771428,16.82285725,184,2,3361.194082,483.193857,2878.000225,368,157.1885714,85.62433929,46.35327378,62.77304397,54.89477467,42.16761167,44.58677854,63.17272524,54.07316067,40.30511762,0.009874784,0.425867367,0.326274392,0,0.009874784,0.425867367,0.326274392,0,0.944146575,0.114641678,0.442268787,0.801025744,1.194876396,0.087609768,0.498236253,1.214044042,0.512733712,0.036788323,0.220794488,0.42910421,0.645889536,0.028295131,0.259167607,0.651620745,-40.8796,0.6366,-0.1209,0.2616,0,2.9302,-0.9376,3.720632648,2,2.960576709
1597,6419,25,CORN,12/31/2018,25,2018,11,37.72605734,46.48037613,55.21107991,0.104184088,0,0.836758789,0.454048382,203.6349579,505.2882349,85.10117641,146.78454,6.16004928,16.304477,0,16.304477,904.1999999,110.1756307,100,46.48037613,62.97037697,55.19126881,42.49563441,44.86784103,63.37028336,54.2051655,40.22769977,0,0.390089158,0.068195444,0,0,0.390089158,0.068195444,0,0.836758789,0.112585667,0.412202154,0.757101171,1.101797084,0.097028551,0.475056238,1.164790801,0.454048382,0.032827491,0.204160839,0.406173281,0.597749356,0.03485421,0.241954725,0.626786678,10.6052,-0.0721,0.0313,-0.0467,1.0447,-2.2848,1.4473,5.963659192,6.16004928,0.038569067
1608,6463,25,GRAIN,12/31/2018,25,2018,11,37.72605734,46.48037613,55.21107991,0.104184088,0,0.836758789,0.454048382,77.58273122,274.3103706,23.55190056,183.66483,2.12402124,416.759163,0,416.759163,390.108,14.66299759,100,46.48037613,62.97037697,55.19126881,42.49563441,44.86784103,63.37028336,54.2051655,40.22769977,0,0.081968165,0.304535621,0.013507701,0,0.081968165,0.304535621,0.013507701,0.836758789,0.112585667,0.412202154,0.757101171,1.101797084,0.097028551,0.475056238,1.164790801,0.454048382,0.032626258,0.205999062,0.406362994,0.597749356,0.034640553,0.244759046,0.627435864,15.5243,-0.2621,0.0824,-0.0495,0.3723,0.4552,0.6561,1.836523132,2.12402124,0.082655162
1619,6507,25,HAY,12/31/2018,25,2018,11,37.72605734,46.48037613,55.21107991,0.104184088,0.010561026,0.836758789,0.454224301,45.21142862,148.7771428,16.82285725,184,2,2816.097742,115.932029,2700.165713,368,157.1885714,95.88323845,46.48037613,62.97037697,55.19126881,42.49563441,44.86784103,63.37028336,54.2051655,40.22769977,0.010561026,0.459087326,0.333864488,0,0.010561026,0.459087326,0.333864488,0,0.836758789,0.112585667,0.412202154,0.757101171,1.101797084,0.097028551,0.475056238,1.164790801,0.454224301,0.033226377,0.206021503,0.406173281,0.598066319,0.035277722,0.244996607,0.626786678,-46.3432,0.7159,-0.1111,0.2558,0,2.703,-0.8897,3.671429945,2,2.79367806
1641,6595,26,BEAN,12/31/2018,26,2018,11,35.68924448,43.35396129,51.07242957,0.084867293,0,0.578394292,0.306397117,93.70024581,236.5931202,15.92904186,454,0.84,380.249132,284.997402,95.25173,381.36,35.13759209,25.04982181,43.35396129,63.65243673,54.02269188,38.66255877,41.69782825,64.83360696,52.63897132,36.05119854,0,0.236740057,0.073554109,0,0,0.236740057,0.073554109,0,0.578394292,0.072551516,0.238236059,0.547641748,0.721300972,0.068518839,0.312738437,0.711540442,0.306397117,0.011137876,0.097388827,0.287879113,0.392103165,0.01855109,0.141576077,0.381964509,9.2138,-0.1786,0.1058,-0.0709,-3.1271,2.9425,-0.9436,0.799994825,0.84,0.001600414
1685,6771,26,GRAIN,12/31/2018,26,2018,11,35.68924448,43.35396129,51.07242957,0.084867293,0,0.578394292,0.306397117,73.85700685,261.1372737,22.42087709,183.66483,2.02202022,930.941483,394.203572,536.737911,371.374,13.95884234,57.6553866,43.35396129,63.65243673,54.02269188,38.66255877,41.69782825,64.83360696,52.63897132,36.05119854,0,0.071010059,0.296629168,0.012601593,0,0.071010059,0.296629168,0.012601593,0.578394292,0.072551516,0.238236059,0.547641748,0.721300972,0.068518839,0.312738437,0.711540442,0.306397117,0.011137876,0.098234285,0.287997932,0.392103165,0.01855109,0.143136612,0.382329165,17.9667,-0.2684,0.1898,-0.2147,-9.1283,4.682,-3.2059,2.270012011,2.02202022,0.061499929
1706,6855,26,HAY,12/31/2018,26,2018,11,35.68924448,43.35396129,51.07242957,0.084867293,0.01014052,0.578394292,0.306511002,45.21142862,148.7771428,16.82285725,184,2,13511.19432,1716.332328,11794.86199,368,157.1885714,87.29696066,43.35396129,63.65243673,54.02269188,38.66255877,41.69782825,64.83360696,52.63897132,36.05119854,0.01014052,0.401169845,0.324852239,0,0.01014052,0.401169845,0.324852239,0,0.578394292,0.072551516,0.238236059,0.547641748,0.721300972,0.068518839,0.312738437,0.711540442,0.306511002,0.011312235,0.098227029,0.287879113,0.392308931,0.018841499,0.143261981,0.381964509,-32.1511,1.1308,-1.0127,0.4755,0,-23.9996,6.6158,3.049483313,2,1.101415225
1769,7115,27,CORN,12/31/2018,27,2018,11,37.12811623,45.30144549,53.50475945,0.104939402,0,0.558361562,0.295827131,203.6349579,505.2882349,85.10117641,146.78454,6.16004928,223.57624,150.836514,72.739726,904.1999999,110.1756307,32.53464053,45.30144549,64.64376236,55.76783664,40.81078417,43.72566565,65.74620071,54.75041232,37.92511803,0,0.418785239,0.075131111,0,0,0.418785239,0.075131111,0,0.558361562,0.065422839,0.240278536,0.530681757,0.695252247,0.085430625,0.342055061,0.773820819,0.295827131,0.009353221,0.102668736,0.27876321,0.376877362,0.030446444,0.160630778,0.417604202,11.6749,-0.2065,0.1983,-0.0742,-3.2102,1.1187,-0.8317,6.209547336,6.16004928,0.002450058
1780,7159,27,GRAIN,12/31/2018,27,2018,11,37.12811623,45.30144549,53.50475945,0.104939402,0,0.558361562,0.295827131,73.85700685,261.1372737,22.42087709,183.66483,2.02202022,2925.96715,1819.629068,1106.338082,371.374,13.95884234,37.81102197,45.30144549,64.64376236,55.76783664,40.81078417,43.72566565,65.74620071,54.75041232,37.92511803,0,0.085466312,0.327225883,0.013841568,0,0.085466312,0.327225883,0.013841568,0.558361562,0.065422839,0.240278536,0.530681757,0.695252247,0.085430625,0.342055061,0.773820819,0.295827131,0.009290036,0.103655731,0.278909897,0.376877362,0.030240762,0.162624629,0.418020572,17.9432,-0.2633,0.1741,-0.1912,-8.391,4.022,-3.1906,2.277716537,2.02202022,0.065380607
1802,7247,27,HAY,12/31/2018,27,2018,11,37.12811623,45.30144549,53.50475945,0.104939402,0.011831012,0.558361562,0.295980379,36.1691429,119.0217142,13.4582858,184,1.6,5699.064836,953.729785,4745.335051,294.4,125.7508571,83.26515293,45.30144549,64.64376236,55.76783664,40.81078417,43.72566565,65.74620071,54.75041232,37.92511803,0.011831012,0.488649547,0.358747176,0,0.011831012,0.488649547,0.358747176,0,0.558361562,0.065422839,0.240278536,0.530681757,0.695252247,0.085430625,0.342055061,0.773820819,0.295980379,0.009469952,0.103658754,0.27876321,0.377106959,0.030826423,0.162795774,0.417604202,-5.1885,0.3405,-0.3936,0.1738,0,-9.7983,9.663,3.6434042,1.6,4.175500723
1873,7531,28,GRAIN,12/31/2018,28,2018,11,38.83282307,46.60022243,54.3748972,0.121330462,0,0.557873899,0.295735544,77.58273122,274.3103706,23.55190056,183.66483,2.12402124,1141.959109,148.99629,992.962819,390.108,14.66299759,86.95257222,46.60022243,65.28792741,56.55242919,41.95758035,45.19327931,66.29319824,55.71137159,39.06133753,0,0.096022813,0.353496782,0.015354285,0,0.096022813,0.353496782,0.015354285,0.557873899,0.063115014,0.249927417,0.529953598,0.690919444,0.095123886,0.378893721,0.817813062,0.295735544,0.00818041,0.112085552,0.278737398,0.373889277,0.036993649,0.187555839,0.443265735,17.0245,-0.2328,0.0455,-0.0679,2.2954,-0.4807,1.0859,1.81726505,2.12402124,0.09409936
1892,7607,28,HAY,12/31/2018,28,2018,11,38.83282307,46.60022243,54.3748972,0.121330462,0.01249163,0.557873899,0.295909239,36.1691429,119.0217142,13.4582858,184,1.6,6524.036511,992.720696,5531.315815,294.4,125.7508571,84.78364285,46.60022243,65.28792741,56.55242919,41.95758035,45.19327931,66.29319824,55.71137159,39.06133753,0.01249163,0.545503518,0.387629597,0,0.01249163,0.545503518,0.387629597,0,0.557873899,0.063115014,0.249927417,0.529953598,0.690919444,0.095123886,0.378893721,0.817813062,0.295909239,0.008357616,0.112107415,0.27855207,0.37412812,0.037795013,0.187795496,0.442797154,-30.4089,0.3606,0.0721,0.114,0,-1.3762,6.9213,3.768181146,1.6,4.701009482
1976,7943,29,HAY,12/31/2018,29,2018,11,35.62620949,43.20541768,50.80489702,0.115302321,0.01445463,0.413906657,0.204724373,28.25714289,92.98571422,10.51428578,184,1.25,2486.665466,1245.428025,1241.237441,230,98.24285711,49.91573889,43.20541768,65.70117135,55.84581094,38.88768293,41.5053715,67.56501839,54.6455918,33.95007483,0.01445463,0.560056584,0.401757847,0,0.01445463,0.560056584,0.401757847,0,0.413906657,0.03102871,0.147815118,0.394270227,0.530752074,0.068769356,0.196815299,0.557341563,0.204724373,0,0.056994108,0.194766143,0.280085657,0.020506416,0.061883427,0.295075827,-11.4205,-0.1873,0.1844,0.3533,0,15.4219,12.1585,3.557678106,1.25,5.325378243
2034,8183,30,GRAIN,12/31/2018,30,2018,11,31.18857482,40.01100425,48.82742806,0.113742254,0,0.273182877,0.112891452,60.43344106,213.6753805,18.34586604,183.66483,1.654516545,15297.7189,2759.437471,12538.28143,303.8765,11.42181239,81.96177163,40.01100425,64.66114507,54.51547958,36.34956602,38.25531828,66.89729709,52.844737,30.72712438,0,0.102250017,0.4013903,0.016636397,0,0.102250017,0.4013903,0.016636397,0.273182877,0.006600327,0.080338635,0.258357946,0.344877538,0.031939942,0.110208089,0.404820571,0.112891452,0,0.018835257,0.105467172,0.164456243,0,0.029723169,0.20327863,12.5741,-0.1141,0.0305,-0.1295,-6.0029,-2.4659,-2.9131,1.798034396,1.654516545,0.020597374
2056,8271,30,HAY,12/31/2018,30,2018,11,31.18857482,40.01100425,48.82742806,0.113742254,0.016038302,0.273182877,0.112923365,36.73428576,120.8814285,13.66857151,184,1.625,34154.707,6602.567986,27552.13901,299,127.7157142,80.66864403,40.01100425,64.66114507,54.51547958,36.34956602,38.25531828,66.89729709,52.844737,30.72712438,0.016038302,0.574067726,0.439675732,0,0.016038302,0.574067726,0.439675732,0,0.273182877,0.006600327,0.080338635,0.258357946,0.344877538,0.031939942,0.110208089,0.404820571,0.112923365,0,0.018831533,0.105415105,0.164580125,0,0.029717294,0.203077753,-40.4443,0.5446,-0.3971,0.746,0,21.6801,22.8984,3.060945674,1.625,2.061939978
2149,8643,31,GRAIN,12/31/2018,31,2018,11,33.51399832,41.34390697,49.18111833,0.157829361,0,0.115726968,0.01672609,74.04877208,261.8153008,22.47909153,183.66483,2.027270273,147824.3594,28609.4525,119214.9069,372.33825,13.99508562,80.64632066,41.34390697,67.93134785,57.68087266,37.90592951,39.90006222,70.18205486,55.67238573,31.93272836,0,0.119984868,0.499143541,0.02331771,0,0.119984868,0.499143541,0.02331771,0.115726968,0.001435634,0.062592728,0.09081864,0.126609476,0.011348759,0.072297249,0.189026805,0.01672609,0,0.004535099,0.010328349,0.018466041,0,0.005072595,0.058984958,18.4067,-0.2045,0.0311,-0.1134,10.8658,1.4562,-4.3421,1.971839385,2.027270273,0.003072583
2171,8731,31,HAY,12/31/2018,31,2018,11,33.51399832,41.34390697,49.18111833,0.157829361,0.019658476,0.115726968,0.01672609,28.25714289,92.98571422,10.51428578,184,1.25,15339.35325,6659.731616,8679.621638,230,98.24285711,56.58401301,41.34390697,67.93134785,57.68087266,37.90592951,39.90006222,70.18205486,55.67238573,31.93272836,0.019658476,0.664109488,0.546067774,0,0.019658476,0.664109488,0.546067774,0,0.115726968,0.001435634,0.062592728,0.09081864,0.126609476,0.011348759,0.072297249,0.189026805,0.01672609,0,0.004533821,0.010328349,0.018466041,0,0.005071166,0.058921549,-32.6593,0.6416,-0.5869,0.738,0,-227.3838,53.7073,4.570914886,1.25,11.02847568
2226,8951,32,BEAN,12/31/2018,32,2018,11,35.02377542,43.06823089,51.09751737,0.164760092,0,0.138670292,0.022793279,92.02702714,232.3682431,15.64459468,454,0.825,48656.78,3253.429028,45403.35097,374.55,34.51013508,93.31351349,43.06823089,69.63050297,59.11097423,40.14066447,41.49303911,71.71924283,58.05936217,33.8630934,0,0.387861667,0.113380879,0,0,0.387861667,0.113380879,0,0.138670292,0.003053506,0.100907819,0.130426847,0.174305348,0.022170833,0.101306498,0.224953953,0.022793279,0,0.013493867,0.018112776,0.047808894,0,0.011518048,0.083000272,8.4544,-0.1058,0.0485,-0.0777,10.1427,2.011,-2.8427,0.811092385,0.825,0.000193422
2281,9171,32,GRAIN,12/31/2018,32,2018,11,35.02377542,43.06823089,51.09751737,0.164760092,0,0.138670292,0.022793279,91.20719392,322.4825779,27.68789816,183.66483,2.49702497,279257.7437,37258.49918,241999.2445,458.6156667,17.23799669,86.6580247,43.06823089,69.63050297,59.11097423,40.14066447,41.49303911,71.71924283,58.05936217,33.8630934,0,0.116971797,0.462392595,0.021900382,0,0.116971797,0.462392595,0.021900382,0.138670292,0.003053506,0.100907819,0.130426847,0.174305348,0.022170833,0.101306498,0.224953953,0.022793279,0,0.013682676,0.018132084,0.047808894,0,0.01167921,0.083174489,4.2551,-0.0923,0.1028,-0.0407,16.3691,7.6439,0.0584,2.376735604,2.49702497,0.014469532
2303,9259,32,HAY,12/31/2018,32,2018,11,35.02377542,43.06823089,51.09751737,0.164760092,0.019179088,0.138670292,0.022816922,113.0285716,371.9428569,42.05714312,184,5,16720.10512,13105.48646,3614.618659,920,392.9714284,21.61839673,43.06823089,69.63050297,59.11097423,40.14066447,41.49303911,71.71924283,58.05936217,33.8630934,0.019179088,0.663046206,0.505717032,0,0.019179088,0.663046206,0.505717032,0,0.138670292,0.003053506,0.100907819,0.130426847,0.174305348,0.022170833,0.101306498,0.224953953,0.022816922,0,0.013679083,0.018112776,0.04781703,0,0.011676143,0.083000272,-60.1023,0.7755,-0.4606,0.9223,0,-30.8905,74.6573,4.621072402,5,0.143586125
2403,9659,33,GRAIN,12/31/2018,33,2018,11,34.25248461,42.92465191,51.57234501,0.161914665,0,0.100517472,0.004862822,91.20719392,322.4825779,27.68789816,183.66483,2.49702497,54649.45565,11884.84607,42764.60958,458.6156667,17.23799669,78.25258106,42.92465191,69.48706011,59.94856659,39.99509197,41.46028814,71.36392429,58.56035853,33.10464577,0,0.118439884,0.492046214,0.023220611,0,0.118439884,0.492046214,0.023220611,0.100517472,0.000250804,0.06560246,0.080542148,0.114825037,0.014347739,0.067956841,0.158770971,0.004862822,0,0.003175546,0.001269762,0.006575483,0,0,0.03749252,28.6837,-0.3485,0.0973,-0.1946,118.8694,9.3761,-21.3136,2.520121221,2.49702497,0.000533437
2484,9983,34,BEAN,12/31/2018,34,2018,11,30.40049845,39.60747305,48.82348456,0.133748062,0,0.154837552,0.041150066,115.1174449,290.6715477,19.56996571,454,1.032,177567.8602,1060.42978,176507.4305,468.528,43.1690417,99.40280313,39.60747305,65.53754153,55.31163112,35.62332982,37.59284363,67.96084015,54.30755987,30.91847738,0,0.361603682,0.101802379,0,0,0.361603682,0.101802379,0,0.154837552,0.006189665,0.116409284,0.158771666,0.226703235,0.020370635,0.097850074,0.258268793,0.041150066,0,0.017184874,0.036495422,0.08531591,0,0.004328008,0.105815016,5.0573,-0.0743,0.0442,-0.0457,-9.8216,7.2154,-2.6244,1.032865741,1.032,7.50E-07
2517,10115,34,GRAIN,12/31/2018,34,2018,11,30.40049845,39.60747305,48.82348456,0.133748062,0,0.154837552,0.041150066,83.69182341,295.9103751,25.4064464,183.66483,2.291272913,601453.1693,3900.44374,597552.7256,420.82625,15.8176051,99.35149669,39.60747305,65.53754153,55.31163112,35.62332982,37.59284363,67.96084015,54.30755987,30.91847738,0,0.106235751,0.407516841,0.017135912,0,0.106235751,0.407516841,0.017135912,0.154837552,0.006189665,0.116409284,0.158771666,0.226703235,0.020370635,0.097850074,0.258268793,0.041150066,0,0.017415173,0.036506536,0.08531591,0,0.004379631,0.10597192,19.2203,-0.2685,0.0844,-0.1149,19.2472,4.6835,0.108,2.284157838,2.291272913,5.06E-05
2528,10159,34,HAY,12/31/2018,34,2018,11,30.40049845,39.60747305,48.82348456,0.133748062,0.017705962,0.154837552,0.041150066,62.73085722,206.4282856,23.34171443,184,2.775,34340.77596,7715.482073,26625.29389,510.6,218.0991428,77.53259251,39.60747305,65.53754153,55.31163112,35.62332982,37.59284363,67.96084015,54.30755987,30.91847738,0.017705962,0.620291543,0.446348663,0,0.017705962,0.620291543,0.446348663,0,0.154837552,0.006189665,0.116409284,0.158771666,0.226703235,0.020370635,0.097850074,0.258268793,0.041150066,0,0.017420309,0.036495422,0.085359165,0,0.004378994,0.105815016,1.5206,0.2063,-0.4659,0.3746,0,-31.5164,31.4137,3.213236041,2.775,0.192050828
2570,10335,35,BEAN,12/31/2018,35,2018,11,34.68876912,42.71554703,50.77583811,0.141863287,0,0.136249848,0.027914878,134.4152336,339.3984642,22.85058981,454,1.205,25255.99037,0,25255.99037,547.07,50.40571246,100,42.71554703,69.76853251,58.32088313,39.34235432,41.11324118,72.41406525,57.22957146,34.73375059,0,0.371453045,0.101923459,0,0,0.371453045,0.101923459,0,0.136249848,0.008071868,0.135119745,0.140903099,0.200645717,0.025549547,0.10457683,0.240131847,0.027914878,0,0.019803107,0.02328096,0.066394486,0,0.00414419,0.092571967,2.9915,-0.1135,0.2051,-0.1535,-13.8756,16.5852,-5.7911,1.188949425,1.205,0.000257621
2593,10427,35,CORN,12/31/2018,35,2018,11,34.68876912,42.71554703,50.77583811,0.141863287,0,0.136249848,0.027914878,203.6349579,505.2882349,85.10117641,146.78454,6.16004928,210.18723,88.76299,121.42424,904.1999999,110.1756307,57.76956098,42.71554703,69.76853251,58.32088313,39.34235432,41.11324118,72.41406525,57.22957146,34.73375059,0,0.543730092,0.092825676,0,0,0.543730092,0.092825676,0,0.136249848,0.008071868,0.135119745,0.140903099,0.200645717,0.025549547,0.10457683,0.240131847,0.027914878,0,0.019816406,0.02328096,0.066394486,0,0.00414419,0.092571967,9.3649,0.0422,-0.1663,0.0969,-25.3032,-12.1366,-0.2545,6.176214544,6.16004928,0.000261316
2604,10471,35,GRAIN,12/31/2018,35,2018,11,34.68876912,42.71554703,50.77583811,0.141863287,0,0.136249848,0.027914878,92.1842834,325.9372871,27.98451461,183.66483,2.523775238,244110.9045,1351.478712,242759.4258,463.52875,17.42266486,99.44636693,42.71554703,69.76853251,58.32088313,39.34235432,41.11324118,72.41406525,57.22957146,34.73375059,0,0.110181275,0.40749661,0.017854396,0,0.110181275,0.40749661,0.017854396,0.136249848,0.008071868,0.135119745,0.140903099,0.200645717,0.025549547,0.10457683,0.240131847,0.027914878,0,0.020138687,0.023287889,0.066394486,0,0.004193612,0.092746911,14.3829,-0.2226,0.2216,-0.2359,-17.0267,11.8163,-8.2858,2.540476957,2.523775238,0.000278947
2626,10559,35,HAY,12/31/2018,35,2018,11,34.68876912,42.71554703,50.77583811,0.141863287,0.017344483,0.136249848,0.027914878,80.25028581,264.0794284,29.86057162,184,3.55,10472.44042,1506.512271,8965.928149,653.2,279.0097142,85.61450616,42.71554703,69.76853251,58.32088313,39.34235432,41.11324118,72.41406525,57.22957146,34.73375059,0.017344483,0.635814196,0.446341577,0,0.017344483,0.635814196,0.446341577,0,0.136249848,0.008071868,0.135119745,0.140903099,0.200645717,0.025549547,0.10457683,0.240131847,0.027914878,0,0.020165815,0.02328096,0.066406079,0,0.004192979,0.092571967,50.1481,-0.3493,-0.5611,0.2881,0,-78.767,32.1923,3.549703248,3.55,8.81E-08
2720,10955,36,GRAIN,12/31/2018,36,2018,11,32.89647869,41.6613671,50.42521812,0.153363151,0,0.083022424,0,74.62406775,263.8493819,22.65373486,183.66483,2.04302043,176822.7822,53797.93163,123024.8505,375.231,14.10381548,69.57522609,41.6613671,68.89371635,59.61409377,39.02019225,40.31173325,70.66691119,57.98978523,32.22872412,0,0.115432768,0.482654751,0.023075349,0,0.115432768,0.482654751,0.023075349,0.083022424,0.000667161,0.059504351,0.076456331,0.102063379,0.009503762,0.060000102,0.139667791,0,0,0.002778948,0.003804365,0.006770701,0,0,0.027852456,27.1389,-0.3031,0.0344,-0.1609,-8.19E-15,17.2613,-18.3818,2.007627646,2.04302043,0.001252649
2852,11483,37,GRAIN,12/31/2018,37,2018,11,32.61006995,41.32062639,50.01652691,0.136951734,0,0.103571087,0.008496463,65.82113073,232.7247118,19.98141469,183.66483,1.80201802,34642.05066,11773.85446,22868.1962,330.9673333,12.44007611,66.01282477,41.32062639,67.90378593,58.6363803,38.27769786,39.75400991,70.14761216,56.50408572,31.6849299,0,0.111970504,0.467039783,0.021529624,0,0.111970504,0.467039783,0.021529624,0.103571087,0.001973442,0.050681741,0.08039176,0.117453454,0.009387564,0.071096104,0.19082276,0.008496463,0,0,0.006726157,0.016002071,0,0.00645987,0.059935104,19.8687,-0.2048,0.0113,-0.125,3.68E-14,7.1662,-6.7974,1.794163127,1.80201802,6.17E-05
3200,12887,40,GRAIN,12/31/2018,40,2018,11,34.73677382,42.79728703,50.83335347,0.130984264,0,0.075792076,0,71.39145395,252.4197831,21.67240567,183.66483,1.954519545,137.770644,0,137.770644,358.9765,13.49285724,100,42.79728703,71.89323729,61.95307426,39.43375965,41.21399005,73.5864981,59.90661501,32.59227327,0,0.115018011,0.472693107,0.020765999,0,0.115018011,0.472693107,0.020765999,0.075792076,0.000198134,0.057104911,0.066158174,0.095379213,0.004532085,0.064636935,0.139881321,0,0,0,0.002258536,0.009094006,0,0.004476325,0.022286437,18.2681,-0.1635,-0.0361,-0.0621,4.04E-15,-44.5463,3.0415,1.835082585,1.954519545,0.014265187
3222,12975,40,HAY,12/31/2018,40,2018,11,34.73677382,42.79728703,50.83335347,0.130984264,0.017379209,0.075792076,0,100.2186668,329.7893331,37.2906669,184,4.433333333,345.165038,302.005156,43.159882,815.7333333,348.4346666,12.50412911,42.79728703,71.89323729,61.95307426,39.43375965,41.21399005,73.5864981,59.90661501,32.59227327,0.017379209,0.618471695,0.517523918,0,0.017379209,0.618471695,0.517523918,0,0.075792076,0.000198134,0.057104911,0.066158174,0.095379213,0.004532085,0.064636935,0.139881321,0,0,0,0.002258536,0.009094006,0,0.004475317,0.022281856,-41.2728,0.9236,-0.9121,0.899,0,268.3668,127.1094,4.35842601,4.433333333,0.005611107
3330,13407,41,GRAIN,12/31/2018,41,2018,11,31.80889368,40.62999127,49.4545614,0.152280727,0,0.084371096,0,71.03531853,251.1605901,21.56429313,183.66483,1.944769448,258801.0101,99951.27726,158849.7329,357.18575,13.42554829,61.37910082,40.62999127,68.57192597,59.24010056,37.70888752,38.95265566,70.6600614,57.5203399,30.8162273,0,0.119386487,0.490060285,0.022674428,0,0.119386487,0.490060285,0.022674428,0.084371096,0.001225535,0.067653199,0.084625568,0.100886054,0.007598673,0.059661828,0.131173308,0,0,0.000813328,0.008186906,0.009396756,0,0.000297172,0.021180746,14.0196,-0.1466,-0.0079,-0.0497,3.44E-14,39.0473,12.4391,1.758423153,1.944769448,0.034724941
3437,13835,42,GRAIN,12/31/2018,42,2018,11,31.64011334,40.05366774,48.46653351,0.136811795,0,0.084158718,0,61.87624609,218.7767269,18.78386043,183.66483,1.69401694,80290.385,4064.929497,76225.4555,311.1313333,11.69449996,94.93721508,40.05366774,68.89674074,58.69344225,35.38631222,37.85123444,70.68037524,56.73561851,29.40655015,0,0.1208134,0.48116687,0.02171679,0,0.1208134,0.48116687,0.02171679,0.084158718,0.00196923,0.064948181,0.095638796,0.094243098,0.004188543,0.0797715,0.139519483,0,0,0.00332367,0.009497999,0.007616361,0,0.005894395,0.025159617,6.7023,-0.0265,-0.0616,0.0073,-6.09E-15,-4.574,17.3021,1.668473269,1.69401694,0.000652479
3489,14043,43,BEAN,12/31/2018,43,2018,11,29.02338709,38.19066714,47.35863984,0.151737683,0,0.119713333,0.010419485,113.2211304,285.8833536,19.24759224,454,1.015,9009.245168,1926.027138,7083.21803,460.81,42.45792377,78.62165917,38.19066714,65.16653604,55.41590414,33.61152316,36.18883606,67.14547061,53.84848866,28.48449964,0,0.410513244,0.115374714,0,0,0.410513244,0.115374714,0,0.119713333,0.005979158,0.090658081,0.13198874,0.137577934,0.011814982,0.09033326,0.184922009,0.010419485,0,0.013136813,0.021116524,0.023607631,0,0.010037308,0.055211993,9.2547,-0.0954,-0.0112,-0.0406,-1.05E-14,5.8289,-5.5007,1.012944001,1.015,4.23E-06
3511,14131,43,GRAIN,12/31/2018,43,2018,11,29.02338709,38.19066714,47.35863984,0.151737683,0,0.119713333,0.010419485,77.50967781,274.0520746,23.52972363,183.66483,2.12202122,338022.6311,21656.82163,316365.8095,389.7406667,14.64919062,93.59308531,38.19066714,65.16653604,55.41590414,33.61152316,36.18883606,67.14547061,53.84848866,28.48449964,0,0.122513582,0.468097686,0.020571748,0,0.122513582,0.468097686,0.020571748,0.119713333,0.005979158,0.090658081,0.13198874,0.137577934,0.011814982,0.09033326,0.184922009,0.010419485,0,0.01332069,0.021116524,0.023607631,0,0.010177801,0.05530385,14.0112,-0.1945,0.0633,-0.0858,3.86E-15,18.379,-0.7828,2.188557732,2.12202122,0.004427107
3522,14175,43,HAY,12/31/2018,43,2018,11,29.02338709,38.19066714,47.35863984,0.151737683,0.020297304,0.119713333,0.010419485,87.78552391,288.8756188,32.66438116,184,3.883333333,25182.15618,15057.75117,10124.40501,714.5333333,305.2078094,40.20467881,38.19066714,65.16653604,55.41590414,33.61152316,36.18883606,67.14547061,53.84848866,28.48449964,0.020297304,0.707969838,0.512501894,0,0.020297304,0.707969838,0.512501894,0,0.119713333,0.005979158,0.090658081,0.13198874,0.137577934,0.011814982,0.09033326,0.184922009,0.010419485,0,0.013318192,0.021116524,0.023607631,0,0.010175893,0.055211993,-1.5238,0.1824,-0.1818,0.1138,0,-23.0024,21.4778,4.260142236,3.883333333,0.141984949
3612,14555,44,GRAIN,12/31/2018,44,2018,11,32.74436937,40.50541743,48.27039714,0.118363201,0,0.088848021,0.002316568,58.40620868,206.507666,17.73045621,183.66483,1.59901599,134435.2161,447.254742,133987.9613,293.683,11.03866909,99.6673083,40.50541743,69.60869215,59.65127285,35.71874168,37.89839007,71.61344364,57.60725904,29.61611367,0,0.114604805,0.466047421,0.01995504,0,0.114604805,0.466047421,0.01995504,0.088848021,0.001045861,0.074142315,0.103286734,0.114046517,0.003497865,0.082050984,0.148503454,0.002316568,0,0.003021204,0.0132062,0.01112329,0,0.012745245,0.028864402,12.5971,-0.0931,-0.0528,-0.0386,-1.02E-14,-15.2011,5.5616,1.615722103,1.59901599,0.000279094
3728,15027,45,HAY,12/31/2018,45,2018,11,30.10108104,38.87310791,47.61758039,0.0923172,0.012757834,0.415237869,0.208257739,81.38057152,267.798857,30.28114305,184,3.6,376.926313,297.68101,79.245303,662.4,282.9394285,21.02408356,38.87310791,64.94536588,54.94948459,34.27040878,36.43030136,67.08475558,53.15336284,28.50703687,0.012757834,0.522512053,0.441950577,0,0.012757834,0.522512053,0.441950577,0,0.415237869,0.026449329,0.172168623,0.376915349,0.455038933,0.016761411,0.149826234,0.400539376,0.208257739,0,0.059818811,0.183758632,0.234785856,0,0.040356487,0.198671777,60.5076,-0.4616,-0.2384,-0.2429,0,-40.3677,-17.7833,3.421996994,3.6,0.03168507
3881,15655,47,HAY,12/31/2018,47,2018,11,29.14661739,37.22738264,45.31951539,0.087499163,0.012139683,0.233978551,0.088367449,56.51428578,185.9714284,21.02857156,184,2.5,250.887776,223.641329,27.246447,460,196.4857142,10.86001376,37.22738264,65.36289824,54.91949877,31.51014314,34.44317094,67.62542523,53.08415973,26.97937639,0.012139683,0.514619168,0.431067546,0,0.012139683,0.514619168,0.431067546,0,0.233978551,0.016737729,0.12175248,0.272575288,0.32281865,0.004305595,0.128699781,0.312824442,0.088367449,0,0.031006685,0.114492993,0.150098205,0,0.031453974,0.142882755,-5.9145,0.0513,0.1103,0.0342,0,-18.6992,-1.3531,3.839163616,2.5,1.793359192
4047,16331,49,GRAIN,12/31/2018,49,2018,11,30.04371916,38.13150884,46.22282406,0.103915897,0,0.102381045,0.010501813,53.96821346,190.816183,16.38320766,183.66483,1.477514775,5679.489056,92.029672,5587.459384,271.3675,10.19989592,98.37961353,38.13150884,66.93212876,56.93642972,31.75788656,35.44983549,69.12325349,55.05137344,28.18182069,0,0.099983268,0.402863964,0.01763788,0,0.099983268,0.402863964,0.01763788,0.102381045,0.008952133,0.097152977,0.174122883,0.117095108,0.002590416,0.131082196,0.155569277,0.010501813,0,0.01417739,0.058631533,0.016443357,0,0.036836444,0.034322474,-0.2697,-0.0389,0.0824,-0.0214,18.8835,12.9167,3.2856,1.514348086,1.477514775,0.001356693
4069,16419,49,HAY,12/31/2018,49,2018,11,30.04371916,38.13150884,46.22282406,0.103915897,0.014638628,0.102381045,0.010501813,67.81714294,223.1657141,25.23428587,184,3,16994.05254,12827.79405,4166.258488,552,235.7828571,24.5159798,38.13150884,66.93212876,56.93642972,31.75788656,35.44983549,69.12325349,55.05137344,28.18182069,0.014638628,0.542301431,0.440955794,0,0.014638628,0.542301431,0.440955794,0,0.102381045,0.008952133,0.097152977,0.174122883,0.117095108,0.002590416,0.131082196,0.155569277,0.010501813,0,0.014175043,0.058555167,0.016443357,0,0.036867072,0.034281404,5.2365,-0.27,0.3956,-0.1282,0,26.1431,-40.2168,3.633193901,3,0.400934517
4137,16691,50,GRAIN,12/31/2018,50,2018,11,31.75428743,40.01191166,48.28078731,0.115908436,0,0.087581762,0.001599139,53.96821346,190.816183,16.38320766,183.66483,1.477514775,54257.67611,535.117526,53722.55859,271.3675,10.19989592,99.01374781,40.01191166,69.14480401,59.11855753,33.82999718,37.48955671,70.9322223,57.14030323,29.35673568,0,0.108641819,0.440818537,0.018619317,0,0.108641819,0.440818537,0.018619317,0.087581762,0.00260738,0.074757536,0.143585836,0.110964742,0.002656421,0.10755337,0.162950735,0.001599139,0,0.009815498,0.040528735,0.0098113,0,0.019960548,0.039777943,-11.5752,0.2216,-0.0841,0.0616,-81.5793,-7.667,15.537,1.413785239,1.477514775,0.004061454
4150,16743,50,HAY,12/31/2018,50,2018,11,31.75428743,40.01191166,48.28078731,0.115908436,0.015849269,0.087581762,0.001599139,56.51428578,185.9714284,21.02857156,184,2.5,1799.623228,1431.90698,367.716248,460,196.4857142,20.43295743,40.01191166,69.14480401,59.11855753,33.82999718,37.48955671,70.9322223,57.14030323,29.35673568,0.015849269,0.599467109,0.482709044,0,0.015849269,0.599467109,0.482709044,0,0.087581762,0.00260738,0.074757536,0.143585836,0.110964742,0.002656421,0.10755337,0.162950735,0.001599139,0,0.009813725,0.040478881,0.0098113,0,0.019956942,0.039726686,-10.4994,0.2658,-0.1021,0.078,0,-57.0212,5.1657,4.131535342,2.5,2.661907571
4178,16855,51,HAY,12/31/2018,51,2018,11,31.83333333,40.2,48.53333333,0.145555556,0.018472222,0.093888889,0.001584161,50.29771434,165.5145713,18.71542869,184,2.225,1037.628967,74.985534,962.643433,409.4,174.8722857,92.77337696,40.2,69.33333333,58.26666667,33.8,37.5,71.66666667,56.3,29.73333333,0.018472222,0.680361111,0.505861111,0,0.018472222,0.680361111,0.505861111,0,0.093888889,0.005277778,0.081944444,0.1475,0.099166667,0.005,0.111388889,0.163888889,0.001584161,0,0.010888796,0.041670011,0.009072489,0,0.018546927,0.040348158,-51.4214,0.676,-0.0916,0.38,0,11.2712,-0.3214,3.06404372,2.225,0.703994364
4196,16927,52,HAY,12/31/2018,52,2018,11,29.70660271,38.09326704,46.45708987,0.125010355,0.016386719,0.109455783,0.007904165,64.04952388,210.7676189,23.8323811,184,2.833333333,799.580099,413.820056,385.760043,521.3333333,222.6838094,48.2453282,38.09326704,66.66017506,56.20790315,32.16676158,35.48606791,69.08775645,54.36587919,28.40437993,0.016386719,0.624184648,0.475340065,0,0.016386719,0.624184648,0.475340065,0,0.109455783,0.009495946,0.106261076,0.162758289,0.116262149,0.007215911,0.131120058,0.174888764,0.007904165,0,0.014734255,0.046296808,0.01614369,0,0.033581751,0.048395297,6.276,-0.1869,0.1942,-0.0592,0,26.0174,-5.0422,2.978425028,2.833333333,0.0210516
4226,17047,53,GRAIN,12/31/2018,53,2018,11,29.38911106,37.83728129,46.30746155,0.14264977,0,0.120736885,0.009502783,61.87624609,218.7767269,18.78386043,183.66483,1.69401694,37174.93084,231.107979,36943.82286,311.1313333,11.69449996,99.37832304,37.83728129,65.25876364,55.12288846,32.13416499,35.53451238,67.19886364,53.53983875,27.63604879,0,0.120858476,0.452674856,0.019535028,0,0.120858476,0.452674856,0.019535028,0.120736885,0.006588357,0.091403553,0.131996105,0.122409696,0.009291353,0.11150851,0.182282669,0.009502783,0,0.012876432,0.023630442,0.016095207,0,0.018576219,0.053410031,9.7187,-0.1099,0.0067,-0.0382,0,3.3504,4.2798,1.832834889,1.69401694,0.019270423
4244,17119,53,HAY,12/31/2018,53,2018,11,29.38911106,37.83728129,46.30746155,0.14264977,0.019022525,0.120736885,0.009502783,82.51085724,271.5182855,30.70171448,184,3.65,3623.895749,1119.436882,2504.458867,671.6,286.8691428,69.10957269,37.83728129,65.25876364,55.12288846,32.13416499,35.53451238,67.19886364,53.53983875,27.63604879,0.019022525,0.693037447,0.495948741,0,0.019022525,0.693037447,0.495948741,0,0.120736885,0.006588357,0.091403553,0.131996105,0.122409696,0.009291353,0.11150851,0.182282669,0.009502783,0,0.012874728,0.023615662,0.016095207,0,0.018587269,0.053309776,-8.6913,0.1998,-0.0672,0.1081,0,-25.8351,11.633,4.058947217,3.65,0.167237826
4297,17335,54,GRAIN,12/31/2018,54,2018,11,29.84549904,37.78355054,45.7038273,0.115703728,0,0.222843582,0.081911037,73.19952608,258.8126096,22.22128471,183.66483,2.00402004,61057.49764,3641.592561,57415.90508,368.068,13.83457965,94.03579789,37.78355054,65.86700343,54.9366932,33.02103446,35.938461,68.2171897,53.37532654,28.98163962,0,0.104789484,0.407964403,0.015926498,0,0.104789484,0.407964403,0.015926498,0.222843582,0.010672106,0.138411414,0.18442975,0.223120828,0.021020477,0.120656785,0.307521341,0.081911037,0,0.031093747,0.055041371,0.082508324,0,0.02013436,0.138552231,12.8737,-0.1865,0.0398,-0.0339,38.929,4.1402,4.1631,2.014448244,2.00402004,0.000108747
4308,17379,54,HAY,12/31/2018,54,2018,11,29.84549904,37.78355054,45.7038273,0.115703728,0.016105682,0.222843582,0.081936797,50.58028577,166.4444285,18.82057155,184,2.2375,16290.34606,2551.697216,13738.64884,411.7,175.8547142,84.33613865,37.78355054,65.86700343,54.9366932,33.02103446,35.938461,68.2171897,53.37532654,28.98163962,0.016105682,0.597576992,0.447099237,0,0.016105682,0.597576992,0.447099237,0,0.222843582,0.010672106,0.138411414,0.18442975,0.223120828,0.021020477,0.120656785,0.307521341,0.081936797,0,0.031100657,0.055007738,0.082538265,0,0.020135077,0.13838084,15.3375,-0.1147,-0.1412,0.0621,0,-13.0525,10.0081,2.220681484,2.2375,0.000282862
4386,17707,55,CORN,12/31/2018,55,2018,11,27.42577303,36.7099676,45.99353808,0.102202706,0,0.27007675,0.114011789,203.6349579,505.2882349,85.10117641,146.78454,6.16004928,7.195674,1.384802,5.810872,904.1999999,110.1756307,80.7550759,36.7099676,63.51848493,54.26974814,31.7457784,35.27167935,65.55668213,52.80431189,28.33561091,0,0.529443849,0.09143407,0,0,0.529443849,0.09143407,0,0.27007675,0.022897091,0.149418886,0.209065947,0.257757469,0.027208767,0.131611393,0.326799852,0.114011789,0,0.029371539,0.071576379,0.106413184,0,0.023943107,0.150809255,10.5544,-0.0538,-0.0154,-0.0102,5.8,-4.3076,4.153,6.14828031,6.16004928,0.000138509
4397,17751,55,GRAIN,12/31/2018,55,2018,11,27.42577303,36.7099676,45.99353808,0.102202706,0,0.27007675,0.114011789,70.95313343,250.870007,21.53934408,183.66483,1.942519425,17120.25993,121.889599,16998.37033,356.7725,13.41001545,99.28803885,36.7099676,63.51848493,54.26974814,31.7457784,35.27167935,65.55668213,52.80431189,28.33561091,0,0.106135073,0.405605738,0.015360298,0,0.106135073,0.405605738,0.015360298,0.27007675,0.022897091,0.149418886,0.209065947,0.257757469,0.027208767,0.131611393,0.326799852,0.114011789,0,0.02973617,0.071608117,0.106413184,0,0.024308186,0.151006292,6.4023,-0.0647,-0.0294,0.0317,7.0595,-0.3039,1.7864,1.822348523,1.942519425,0.014441046
4418,17835,55,HAY,12/31/2018,55,2018,11,27.42577303,36.7099676,45.99353808,0.102202706,0.01513764,0.27007675,0.114045208,38.80647624,127.7003809,14.43961914,184,1.716666667,29617.03322,1772.503535,27844.52969,315.8666667,134.9201904,94.0152563,36.7099676,63.51848493,54.26974814,31.7457784,35.27167935,65.55668213,52.80431189,28.33561091,0.01513764,0.613721603,0.444631284,0,0.01513764,0.613721603,0.444631284,0,0.27007675,0.022897091,0.149418886,0.209065947,0.257757469,0.027208767,0.131611393,0.326799852,0.114045208,0,0.029739718,0.071576379,0.106472881,0,0.024333644,0.150809255,6.8915,0.1322,-0.367,0.1824,0,-18.7953,15.3124,1.699115345,1.716666667,0.000308049
4468,18035,56,BEAN,12/31/2018,56,2018,11,29.85263746,38.61348477,47.40157604,0.124908687,0,0.17050906,0.046014251,92.5847667,233.7765355,15.73941041,454,0.83,30936.52561,0,30936.52561,376.82,34.71928742,100,38.61348477,65.00019613,54.73907653,34.40474017,36.60744358,68.15109259,53.45198061,29.76949554,0,0.343287563,0.094783316,0,0,0.343287563,0.094783316,0,0.17050906,0.008614873,0.143115239,0.171467973,0.267510691,0.024876338,0.124866185,0.296379449,0.046014251,0,0.02919871,0.045916947,0.11341042,0,0.01398357,0.131222596,7.5194,-0.117,0.0661,-0.0776,2.7826,2.5479,-0.7461,0.902958933,0.83,0.005323006
4479,18079,56,GRAIN,12/31/2018,56,2018,11,29.85263746,38.61348477,47.40157604,0.124908687,0,0.17050906,0.046014251,92.86915921,328.3588123,28.19242334,183.66483,2.542525425,105795.7831,163.926821,105631.8563,466.9725,17.55210516,99.84505356,38.61348477,65.00019613,54.73907653,34.40474017,36.60744358,68.15109259,53.45198061,29.76949554,0,0.100201692,0.378631702,0.0155476,0,0.100201692,0.378631702,0.0155476,0.17050906,0.008614873,0.143115239,0.171467973,0.267510691,0.024876338,0.124866185,0.296379449,0.046014251,0,0.029594561,0.045937109,0.11341042,0,0.014154663,0.13138394,12.7123,-0.1776,0.0643,-0.0682,18.0876,1.2701,0.861,2.418724411,2.542525425,0.015326691
4491,18127,56,HAY,12/31/2018,56,2018,11,29.85263746,38.61348477,47.40157604,0.124908687,0.016694146,0.17050906,0.046014251,33.90857147,111.5828571,12.61714294,184,1.5,18370.47015,925.786915,17444.68324,276,117.8914285,94.96046153,38.61348477,65.00019613,54.73907653,34.40474017,36.60744358,68.15109259,53.45198061,29.76949554,0.016694146,0.588291668,0.414663981,0,0.016694146,0.588291668,0.414663981,0,0.17050906,0.008614873,0.143115239,0.171467973,0.267510691,0.024876338,0.124866185,0.296379449,0.046014251,0,0.029612164,0.045916947,0.113472424,0,0.014157419,0.131222596,-4.0636,0.1747,-0.2647,0.2636,0,-15.3527,16.0832,2.155454987,1.5,0.42962124
4549,18359,57,GRAIN,12/31/2018,57,2018,11,27.99048458,37.1360927,46.28255149,0.108401407,0,0.244649721,0.096884415,83.50005819,295.232348,25.34823196,183.66483,2.28602286,3022.266311,56.693201,2965.57311,419.862,15.78136181,98.12414939,37.1360927,63.91476184,54.31194137,32.41101125,35.57058159,66.32917324,52.90870174,28.67132542,0,0.104523242,0.398209876,0.015432081,0,0.104523242,0.398209876,0.015432081,0.244649721,0.018335779,0.146340639,0.197811882,0.259094099,0.026536402,0.12749513,0.316337948,0.096884415,0,0.02901761,0.064067503,0.107572991,0,0.020362312,0.144290823,9.8945,-0.1562,0.0816,-0.0649,-0.1616,2.4341,-1.5164,2.212873789,2.28602286,0.005350787
4560,18403,57,HAY,12/31/2018,57,2018,11,27.99048458,37.1360927,46.28255149,0.108401407,0.015549471,0.244649721,0.096909822,36.1691429,119.0217142,13.4582858,184,1.6,5421.224935,1163.443979,4257.780956,294.4,125.7508571,78.53909415,37.1360927,63.91476184,54.31194137,32.41101125,35.57058159,66.32917324,52.90870174,28.67132542,0.015549471,0.605878855,0.436400542,0,0.015549471,0.605878855,0.436400542,0,0.244649721,0.018335779,0.146340639,0.197811882,0.259094099,0.026536402,0.12749513,0.316337948,0.096909822,0,0.029024599,0.064040314,0.10763211,0,0.020379253,0.144105687,-3.4306,0.2612,-0.3742,0.2506,0,-20.81,17.9305,1.606879696,1.6,4.73E-05
4608,18595,58,GRAIN,12/31/2018,58,2018,11,29.03521156,37.72981637,46.4258149,0.11233174,0,0.152879078,0.032634632,58.40620868,206.507666,17.73045621,183.66483,1.59901599,994.486893,133.987504,860.499389,293.683,11.03866909,86.52697135,37.72981637,65.20774279,55.84602519,32.77773365,35.85767133,67.6448137,54.02328743,28.98326553,0,0.104923955,0.408107822,0.016652687,0,0.104923955,0.408107822,0.016652687,0.152879078,0.016565912,0.140719239,0.209630395,0.173232138,0.017193199,0.143119163,0.276045145,0.032634632,0,0.031091056,0.072528693,0.049402619,0,0.043863657,0.117670842,9.0243,-0.0247,-0.1794,0.1151,41.7328,-5.2522,8.9676,1.65472084,1.59901599,0.00310303
4630,18683,58,HAY,12/31/2018,58,2018,11,29.03521156,37.72981637,46.4258149,0.11233174,0.015581586,0.152879078,0.032634632,38.42971433,126.4605713,14.29942866,184,1.7,8460.438313,969.507224,7490.931089,312.8,133.6102857,88.54069744,37.72981637,65.20774279,55.84602519,32.77773365,35.85767133,67.6448137,54.02328743,28.98326553,0.015581586,0.608298128,0.446810996,0,0.015581586,0.608298128,0.446810996,0,0.152879078,0.016565912,0.140719239,0.209630395,0.173232138,0.017193199,0.143119163,0.276045145,0.032634632,0,0.03110396,0.072457176,0.049402619,0,0.043917912,0.117525614,25.645,-0.0912,-0.4002,0.1307,0,-26.2384,17.8506,2.109810286,1.7,0.167944471
4687,18911,59,GRAIN,12/31/2018,59,2018,11,26.78841303,36.00523639,45.24627691,0.118787848,0,0.191775175,0.059255779,58.40620868,206.507666,17.73045621,183.66483,1.59901599,3912.24506,248.86524,3663.37982,293.683,11.03866909,93.6388126,36.00523639,62.94507538,54.8294635,31.38247426,34.39774564,65.53821257,52.92394596,27.55786619,0,0.107009586,0.418256603,0.016985242,0,0.107009586,0.418256603,0.016985242,0.191775175,0.022664052,0.167917567,0.225522839,0.211178085,0.022324701,0.163040897,0.301983826,0.059255779,0,0.043211462,0.083617444,0.073019382,0,0.046399067,0.135348928,11.6757,-0.0972,-0.1401,0.0953,38.5583,-0.9382,9.5189,1.621985728,1.59901599,0.000527609
4709,18999,59,HAY,12/31/2018,59,2018,11,26.78841303,36.00523639,45.24627691,0.118787848,0.017011292,0.191775175,0.059259095,41.25542862,135.7591428,15.35085724,184,1.825,24971.98658,5123.462717,19848.52386,335.8,143.4345714,79.48315924,36.00523639,62.94507538,54.8294635,31.38247426,34.39774564,65.53821257,52.92394596,27.55786619,0.017011292,0.624308568,0.457931303,0,0.017011292,0.624308568,0.457931303,0,0.191775175,0.022664052,0.167917567,0.225522839,0.211178085,0.022324701,0.163040897,0.301983826,0.059259095,0,0.043240823,0.083545149,0.07302407,0,0.046449518,0.135182145,22.5162,-0.0581,-0.4406,0.1793,0,-20.4257,28.6755,1.840581979,1.825,0.000242798
4753,19175,60,GRAIN,12/31/2018,60,2018,11,26.98809538,35.1292922,43.26197321,0.098414887,0,0.135446721,0.023716917,53.96821346,190.816183,16.38320766,183.66483,1.477514775,266.255168,33.686693,232.568475,271.3675,10.19989592,87.34796652,35.1292922,63.13406768,53.45144579,29.72238721,32.72380653,66.00475607,51.69593911,26.39343607,0,0.102029025,0.401510194,0.01703326,0,0.102029025,0.401510194,0.01703326,0.135446721,0.019021544,0.148597855,0.182487873,0.140830715,0.011000807,0.16243352,0.176664565,0.023716917,0,0.029428973,0.053244747,0.032390363,0,0.052212526,0.054042003,6.6996,-0.2518,0.2598,-0.0987,6.1494,22.1146,-13.9374,1.664244386,1.477514775,0.034867948
4764,19219,60,HAY,12/31/2018,60,2018,11,26.98809538,35.1292922,43.26197321,0.098414887,0.013830268,0.135446721,0.023716917,48.22552387,158.6956189,17.94438106,184,2.133333333,6590.774217,2223.684231,4367.089986,392.5333333,167.6678095,66.26065227,35.1292922,63.13406768,53.45144579,29.72238721,32.72380653,66.00475607,51.69593911,26.39343607,0.013830268,0.558398815,0.439647386,0,0.013830268,0.558398815,0.439647386,0,0.135446721,0.019021544,0.148597855,0.182487873,0.140830715,0.011000807,0.16243352,0.176664565,0.023716917,0,0.029455704,0.053196251,0.032390363,0,0.052299352,0.053981036,21.3752,-0.2436,-0.0266,-0.069,0,3.0417,3.4543,2.796439162,2.133333333,0.439709341
4822,19451,61,HAY,12/31/2018,61,2018,11,29.42031564,37.18118365,44.97877546,0.102917976,0.015549564,0.176151427,0.049153531,38.42971433,126.4605713,14.29942866,184,1.7,2517.34873,374.893099,2142.455631,312.8,133.6102857,85.10762158,37.18118365,64.21397247,55.29542848,31.57764367,35.07690123,67.18184056,53.53703255,28.24936165,0.015549564,0.610437676,0.458252018,0,0.015549564,0.610437676,0.458252018,0,0.176151427,0.041908538,0.192149309,0.198473225,0.179108336,0.020895448,0.161132387,0.223125332,0.049153531,0,0.062327411,0.064738918,0.050786093,0,0.042644578,0.081692987,11.8607,0.1325,-0.6089,0.3889,0,-21.1771,62.4406,1.702633642,1.7,6.94E-06
4864,19619,62,GRAIN,12/31/2018,62,2018,11,27.90341737,36.50235631,45.12496251,0.110840377,0,0.209977205,0.072698972,58.40620868,206.507666,17.73045621,183.66483,1.59901599,119.045294,35.609216,83.436078,293.683,11.03866909,70.08767436,36.50235631,63.43125101,54.46140636,31.29727226,34.48256299,66.03001605,52.83424842,27.92480568,0,0.107104066,0.420522991,0.016202623,0,0.107104066,0.420522991,0.016202623,0.209977205,0.03192961,0.179242405,0.212610643,0.21376713,0.023593695,0.157186734,0.284201805,0.072698972,0,0.052230689,0.07463727,0.07556628,0,0.039358495,0.123326334,15.9013,-0.1506,-0.1446,0.0796,37.2083,-2.193,10.4463,1.629838523,1.59901599,0.000950029
4874,19659,62,HAY,12/31/2018,62,2018,11,27.90341737,36.50235631,45.12496251,0.110840377,0.016291711,0.209977205,0.072713896,41.25542862,135.7591428,15.35085724,184,1.825,9104.877847,517.689594,8587.188253,335.8,143.4345714,94.31415113,36.50235631,63.43125101,54.46140636,31.29727226,34.48256299,66.03001605,52.83424842,27.92480568,0.016291711,0.623773532,0.460570787,0,0.016291711,0.623773532,0.460570787,0,0.209977205,0.03192961,0.179242405,0.212610643,0.21376713,0.023593695,0.157186734,0.284201805,0.072713896,0,0.052295144,0.074581693,0.075586371,0,0.039401115,0.12317162,23.9973,-0.0894,-0.4196,0.1642,0,-20.4927,29.5011,1.742125442,1.825,0.006868192
