region,crop,hr,xland,p,y,xwater_unit,omegaland,omegawater,omegasupplies,omegalabor,theta,sigma,omegaland_init,omegasupplies_init,omegalabor_init,omegawater_unit,mprof_init,f_adjustment,mprof,lambdaland,lambdacrop,rho,betaland,betawater,betasupplies,betalabor,tau,gamma,delta,xlandcalib,xwatercalib,diffland,diffwater,percdiffland,percdiffwater,status,xratio_labor,xratio_supply
  - TRC02-CC-WAs,Alfalfa,San Joaquin River,160.8228498,281.0,6.7,4.134965358,0.306290873,206.74826789999997,0.13122437452970753,0.08146025298303902,1.86,0.17,739.7198673,484.1807412,381.4811931,50,1675.287002362,8.64481801751423,1675.287002362,385.716359827,1289.570642535,-4.88235294117647,0.00786077460031691,0.992137543841791,0.012009505230521716,0.015242615484271678,2.543266983132194,0.003343022519938896,225381.00820774617,160.82260778537903,664.9952019867183,0.00024201462096584692,0.0017107111189034185,1.5048522101605422e-06,2.5725098661935224e-06,GOOD,1.939072961544676,1.5277763122781245
  - TRC02-CC-WAs,Almonds & Pistachios,San Joaquin River,173.7257829,4883.0,1.2,4.125499535,0.287448101,206.27497675,0.311217018052816,0.03090217019351817,0.4,0.17,2039.310074,2110.873995,639.9084906,50,5652.644230159,26.965043945664668,5652.644230159,385.716359827,5266.927870332,-4.88235294117647,0.02637806967719612,0.9736200948713701,0.025350764710969052,0.08045040652876641,0.5741367948986098,0.01439049494132399,30044.787474528137,173.72576916747818,716.7048729352097,1.3732521836118394e-05,0.0007636362513494532,7.90471144057132e-08,1.0654810181241163e-06,GOOD,3.0498974152879694,0.9610545813701002
  - TRC02-CC-WAs,Citrus & Subtropical,San Joaquin River,268.0468524,933.0,3.6,3.247465856,0.183365181,162.3732928,0.09485584338438294,0.7506750003126099,0.13,0.17,2549.235389,1743.692937,5418.931559,50,3195.740449542,19.617723303371225,3195.740449542,385.716359827,2810.024089715,-4.88235294117647,0.058907246212131316,0.9410834844771221,0.08190211402024097,0.02911395324396366,2.0362492143992172,0.02869762365584,44.685401224817895,268.04684259378627,870.4720959212705,9.806213711271994e-06,0.0009050560011019115,3.6583953974726824e-08,1.039728975035198e-06,GOOD,0.49423381869050864,1.3903572019867076
  - TRC02-CC-WAs,Corn,San Joaquin River,276.3050338,59.0,27.1,2.415829265,0.234536008,120.79146325,1.320694044672553,0.03352518541352239,0.3,0.17,423.9938724,1022.014707,159.5840787,50,1477.228775793,12.515382455355429,1477.228775793,385.716359827,1091.512415966,-4.88235294117647,0.14154713132592708,0.8583910534399068,0.05964921420076109,0.37438655362253,18.453710581229604,0.012063961656761294,3228.373448930482,276.3049917391421,667.5049988098725,4.2060857879278046e-05,0.0007879109816713026,1.5222617301182897e-07,1.1803807507676348e-06,GOOD,2.644960375498291,0.4214088525991567
  - TRC02-CC-WAs,Cucurbits,San Joaquin River,326.5079816,203.0,12.0,2.299627126,0.087908733,114.98135629999999,0.5954029958862788,4.8590594140887005,0.05,0.17,920.9338517,2396.72349,6846.813993,50,2320.0483831340002,20.00834540048819,2320.0483831340002,385.716359827,1934.332023307,-4.88235294117647,0.25706394645507785,0.7428382916827645,0.09877605413638862,0.03457650369762567,9.176584256961515,0.06125424530816431,6.509159700168842e-05,326.5079772040457,750.8458506498804,4.395954306346539e-06,0.000760692988478695,1.346354317222161e-08,1.0131136999049862e-06,GOOD,0.13450545739469513,0.38424701518246485
  - TRC02-CC-WAs,Dry Beans,San Joaquin River,12.64501867,1752.0,1.3,2.212101358,0.272510229,110.6050679,0.8579188204514863,0.04137219977784526,1.68,0.17,521.9411016,903.6303871,214.6292221,50,2166.1327210739996,19.459906781997343,2166.1327210739996,385.716359827,1780.416361247,-4.88235294117647,0.28872973696067933,0.7111916700994851,0.16272707643588152,0.7410177533837519,1.0183426341729915,0.04707293130774755,20859.705898637603,12.645012759619597,27.972033972964784,5.910380403761906e-06,2.89988775712402e-05,4.674078036582215e-07,1.036708575997111e-06,GOOD,2.5664753522934403,0.5635965250716192
  - TRC02-CC-WAs,Grain,San Joaquin River,529.1175685,164.0,2.5,0.466656841,0.351483763,23.33284205,0.6729928083090427,0.036299510576689786,0.74,0.17,345.3012994,477.8051109,110.9675411,50,385.716359827,16.079804662496404,385.716359827,385.716359827,0.0,-4.88235294117647,0.9969937457477995,0.0014585659933165312,0.7205097397924388,3.1023777916232085,2.5294268245072735,0.002553971804758457,35.62909030107439,529.1188627439412,246.91669612432352,-0.0012942439412881868,-0.0003630905124509809,2.4460422755518217e-06,1.4705001811332655e-06,GOOD,3.1117324505343373,0.7226823065494933
  - TRC02-CC-WAs,Pasture,San Joaquin River,1345.535872,276.0,5.0,4.600187047,0.350906068,46.00187047,0.10289172336777223,0.06852420918280822,0.51,0.17,328.209843,177.7241242,145.0367898,10,1333.302143125,28.144454633191646,1333.302143125,385.716359827,947.585783298,-4.88235294117647,0.016561843137045708,0.983433871515716,0.03058538033425751,0.03747849043789721,2.1739416021473135,0.0014572516084695587,91556.03609929382,1345.535020586896,6189.681831976693,0.0008514131038737105,0.03485767155780195,6.327687886969323e-07,5.6315455626746695e-06,GOOD,2.262942000342034,1.8467377139832826
  - TRC02-CC-WAs,Safflower,San Joaquin River,34.51428908,574.0,1.3,2.40565496,0.396694215,24.0565496,0.4537037030434028,0.03215870805598959,0.74,0.17,212.2655769,227.006242,60.43672676,10,721.2095661029999,28.437548127244778,721.2095661029999,385.716359827,335.493206276,-4.88235294117647,0.2921276931477399,0.7076548363173354,0.2731583626653132,1.0260094628345773,1.0173338142640564,0.039153387984294866,2220.9724056843143,34.5142471904521,83.02901624064513,4.188954789441368e-05,0.00045447553070232516,1.2136871136855439e-06,5.473665275500595e-06,GOOD,3.5121951355556216,0.9350649358914657
  - TRC02-CC-WAs,Tomato Processing,San Joaquin River,429.1841032,101.0,43.3,2.379660861,0.124471553,118.98304305,2.283636824869254,0.28639447182202826,0.74,0.17,657.2463564,2815.18314,996.9547547,50,4253.470529742999,34.758124275395524,4253.470529742999,385.716359827,3867.754169916,-4.88235294117647,0.34156133537662675,0.658380691982069,0.07974257179671136,0.22517565855206298,34.94636489727694,0.003148651921810862,318026.82348847116,429.1840585575527,1021.311501923709,4.464244727842015e-05,0.0011106247158068072,1.040170102889779e-07,1.0874483504473003e-06,GOOD,0.6592539471827814,0.23346486717761028
  - TRC02-CC-WAs,Truck Crops,San Joaquin River,205.7094683,5380.668006,9.092879264,2.667732673,0.139554281,133.38663365000002,1.1244727167916924,1.262909809962677,0.288158927,0.17,7441.94487,27484.23099,27982.75263,50,48791.42239791063,346.845495520804,48791.42239791063,385.716359827,48405.7060380836,-4.88235294117647,0.7523721360992319,0.24761528181047324,0.26505122983488133,0.2501025481885101,8.58295407917023,0.016869943963976175,89258.35985517707,205.70946753376398,548.7773467850315,7.66236013305388e-07,0.0005229443363532482,3.724845626395448e-09,9.52925336823696e-07,GOOD,0.332418674467662,0.35228740820875265
Butte Valley,Alfalfa,North Coast,10605.70113,236.0,6.3,2.331077971,0.306290873,116.55389855,0.13122437452970753,0.08146025298303902,1.86,0.17,739.7198673,484.1807412,381.4811931,50,1369.581371712,12.079991215397628,1369.581371712,855.110416135,514.470955577,-4.88235294117647,0.1586903630951053,0.8412681146726797,0.24244337772351657,0.3077121923354258,4.394230372170037,5.069296239937986e-05,5931711.419850639,10605.71326679367,24722.705052521724,-0.012136793669924373,0.01121863108346588,1.1443650467948244e-06,4.5377825641902096e-07,GOOD,1.939072961544676,1.5277763122781245
Butte Valley,Grain,North Coast,4195.162496,281.0,4.4,1.227063393,0.351483763,61.35316965,0.6729928083090427,0.036299510576689786,0.74,0.17,345.3012994,477.8051109,110.9675411,50,1174.0960322270003,18.89966003150927,1174.0960322270003,855.110416135,318.985616092,-4.88235294117647,0.8753670213087402,0.12418628352693944,0.6326122580367598,2.72390796633399,4.326978924518959,0.00032212133681110963,256652.47048661634,4195.170231170686,5147.7318851044765,-0.007735170685919002,-0.001558576368552167,1.8438310061396491e-06,3.0276962266656856e-07,GOOD,3.1117324505343373,0.7226823065494933
Butte Valley,Onions & Garlic,North Coast,240.0443817,204.0,28.0,1.699157349,0.178481578,84.95786745000001,0.8220938475297447,0.4158621200492846,0.41,0.17,887.6914461,1905.136225,1355.002253,50,5626.208158949999,63.409293161450336,5626.208158949999,855.110416135,4771.097742815,-4.88235294117647,0.832603722482508,0.16729927652334717,0.3879487418369527,0.5454568060366722,27.052387788543573,0.010160722667077954,40968.977823845926,240.0443938905695,407.8726398308687,-1.2190569492531722e-05,0.0005354208474273037,5.0784648264615986e-08,1.312714049157247e-06,GOOD,0.6551217479671209,0.46594644170006466
Butte Valley,Pasture,North Coast,3815.731408,197.0,4.5,3.069359746,0.350906068,30.69359746,0.10289172336777223,0.06852420918280822,0.51,0.17,328.209843,177.7241242,145.0367898,10,855.110416135,26.897002455235135,855.110416135,855.110416135,0.0,-4.88235294117647,0.10453064655885982,0.8954271873375361,0.19304068726730328,0.23654679042095242,2.85433518597948,0.0005138685363478524,96.1127588440639,3815.71161463033,11711.702438034432,0.019793369669969252,0.1499472286704986,5.187306849866528e-06,1.280303266622243e-05,GOOD,2.262942000342034,1.8467377139832826
Butte Valley,Potatoes,North Coast,86.98386867,218.0,22.6,2.70089927,0.150675135,135.0449635,1.4974640784942694,0.06026152289335652,0.41,0.17,793.9256634,2502.863999,502.0871398,50,4791.034066890001,34.5608826066019,4791.034066890001,855.110416135,3935.923650755,-4.88235294117647,0.2171862721906731,0.782787876138447,0.06889297814859846,0.34342595481356025,16.62500357222312,0.02803996220836176,12247.037083133862,86.98387008921694,234.93437019790778,-1.4192169288662626e-06,0.00029719467110567166,1.6315863510859667e-08,1.2650098616951047e-06,GOOD,1.5812507454985842,0.31720687248646934
Butte Valley,Truck Crops,North Coast,1400.077263,5796.485366,4.228743052,1.856129243,0.139554281,92.80646215,1.1244727167916924,1.262909809962677,0.250364991,0.17,7441.94487,27484.23099,27982.75263,50,24418.085248677173,248.9774552801085,24418.085248677173,855.110416135,23562.9748325422,-4.88235294117647,0.9277370814693979,0.07223191753485173,0.3268300919300066,0.3083971308765546,4.1675391862387485,0.00285282017150367,152164.34018244696,1400.0772707770755,2598.7205709434097,-7.777075552439783e-06,0.0037793702922499506,5.5547474114218105e-09,1.4543174968879359e-06,GOOD,0.332418674467662,0.35228740820875265
Coachella,Alfalfa,Colorado River,47.55345072,266.0,7.5,6.349688555,0.306290873,317.48442775,0.13122437452970753,0.08146025298303902,1.86,0.17,739.7198673,484.1807412,381.4811931,50,1676.8508425119999,5.9720415889256735,1676.8508425119999,1676.850842512,0.0,-4.88235294117647,0.000635703257396786,0.9993641608812999,0.0009712123782888531,0.0012326749979839832,1.7208507367560886,0.011305896847902829,15.824769029901331,47.55201586430461,301.9401027444088,0.0014348556953933667,0.00949904313171146,3.017353469976251e-05,3.14590351352582e-05,GOOD,1.939072961544676,1.5277763122781245
Coachella,Citrus & Subtropical,Colorado River,6183.173311,2724.815777,3.903706125,5.904544846,0.183365181,295.2272423,0.09485584338438294,0.7506750003126099,0.13,0.17,2549.235389,1743.692937,5418.931559,50,10340.966538213534,34.23420000288456,10340.966538213534,1676.850842512,8664.11569570153,-4.88235294117647,0.005978657480839543,0.9940210517756842,0.008312469486696965,0.002954854717397904,1.375912408725792,0.00124407117598061,3178.0550981305796,6183.1733248763485,36508.77978543266,-1.3876348930352833e-05,0.044319957138213795,2.244211545173173e-09,1.2139519205076461e-06,GOOD,0.49423381869050864,1.3903572019867076
Coachella,Corn,Colorado River,1014.780906,532.0,16.2,3.708931611,0.234536008,185.44658055,1.320694044672553,0.03352518541352239,0.3,0.17,423.9938724,1022.014707,159.5840787,50,8432.073658493,44.05174240858283,8432.073658493,1676.850842512,6755.222815981,-4.88235294117647,0.07027576836200168,0.9297188542634985,0.029614830910955247,0.18587662267519087,9.446268688150058,0.0032847812898573925,73366.87571152282,1014.7809471766511,3763.7486132634285,-4.1176651166097145e-05,0.004367239191196859,4.0576887998814145e-08,1.1603416095106349e-06,GOOD,2.644960375498291,0.4214088525991567
Coachella,Cucurbits,Colorado River,376.5089441,419.0,15.7,2.811221224,0.087908733,140.5610612,0.5954029958862788,4.8590594140887005,0.05,0.17,920.9338517,2396.72349,6846.813993,50,6436.768678233999,44.266156359409244,6436.768678233999,1676.850842512,4759.917835722,-4.88235294117647,0.22751797691315612,0.7724508353632622,0.08742310352923319,0.030602409550219752,11.64494758560549,0.0531195880294627,0.00018469840311205078,376.50894894942456,1058.4487000916693,-4.849424556141457e-06,0.0012345880804787157,1.287997173010971e-08,1.1664114097680579e-06,GOOD,0.13450545739469513,0.38424701518246485
Coachella,Dry Beans,Colorado River,119.1069023,1399.0,13.2,2.712448276,0.272510229,135.6224138,0.8579188204514863,0.04137219977784526,1.68,0.17,521.9411016,903.6303871,214.6292221,50,18330.315375174,128.86014519108093,18330.315375174,1676.850842512,16653.464532662,-4.88235294117647,0.5086377699115833,0.49134586705084393,0.2866664796423461,1.3054062997235805,11.510635452861788,0.00499751134269987,1837592.8583045395,119.10691744714089,323.07099891421365,-1.5147140885574117e-05,0.00031288912180116313,1.2717265408701774e-07,9.684831502204981e-07,GOOD,2.5664753522934403,0.5635965250716192
Coachella,Grain,Colorado River,22.89881662,227.0,8.7,2.463802738,0.351483763,123.1901369,0.6729928083090427,0.036299510576689786,0.74,0.17,345.3012994,477.8051109,110.9675411,50,1850.759064977,15.150982570806882,1850.759064977,1676.850842512,173.908222465,-4.88235294117647,0.15542182836928578,0.8445278523595813,0.11232060541405492,0.48363114685808484,6.021204280226563,0.05901402564930237,764.4644628248096,22.89894768391537,56.41845184182589,-0.00013106391536865658,-0.00028475650998416313,5.723610854815281e-06,5.047248514003522e-06,GOOD,3.1117324505343373,0.7226823065494933
Coachella,Lettuce,Colorado River,4898.447006,1018.0,12.0,1.345998595,0.164570286,67.29992975,0.680529189238487,1.2720462492145637,0.25,0.17,2859.243032,5814.317411,7949.261967,50,12147.743305605001,170.44900602654963,12147.743305605001,1676.850842512,10470.892463093,-4.88235294117647,0.9768485442679719,0.023087753083450974,0.4803740811219584,0.35135933358186455,11.95624685714439,0.0008165853371692064,234861.06188430128,4898.447209036436,6593.295247125643,-0.00020303643577790353,0.007540632313975948,4.144914409183332e-08,1.1436805735627574e-06,GOOD,0.35968660202607483,0.49175901826412594
Coachella,Onions & Garlic,Colorado River,252.8758648,233.0,19.3,3.522556052,0.178481578,176.1278026,0.8220938475297447,0.4158621200492846,0.41,0.17,887.6914461,1905.136225,1355.002253,50,4319.9382238,24.20162137116877,4319.9382238,1676.850842512,2643.087381288,-4.88235294117647,0.04983231086015538,0.9501601280750784,0.02321918792698089,0.03264623059594594,10.528098760729835,0.009645145028660334,23909.87199197798,252.8759031858701,890.7684783307964,-3.8385870112733755e-05,0.0009296251773776021,1.5179728655834045e-07,1.0436204578587737e-06,GOOD,0.6551217479671209,0.46594644170006466
Coachella,Pasture,Colorado River,1257.375693,1504.0,4.5,8.233264788,0.350906068,82.33264788,0.10289172336777223,0.06852420918280822,0.51,0.17,328.209843,177.7241242,145.0367898,10,6684.971365715,77.63242574349765,6684.971365715,1676.850842512,5008.120523203,-4.88235294117647,0.00274290827561329,0.9972569501420256,0.005065432158571915,0.0062070423399710585,1.3477276138821606,0.001559425973192795,452045.99893903197,1257.3756083854437,10352.244474462537,8.461455627184478e-05,0.06254400145917316,6.729456974785401e-08,6.041552027738548e-06,GOOD,2.262942000342034,1.8467377139832826
Coachella,Tomato Processing,Colorado River,138.0530542,99.0,49.0,3.924449153,0.124471553,196.22245765,2.283636824869254,0.28639447182202826,0.74,0.17,657.2463564,2815.18314,996.9547547,50,4653.931115142999,23.443579149252464,4653.931115142999,1676.850842512,2977.080272631,-4.88235294117647,0.02905612864465876,0.9709393640528461,0.006783585214720815,0.019155367498841967,23.940004853738703,0.009788637847835107,78741.19586152308,138.05308298333094,541.7816686807323,-2.8783330947135255e-05,0.0005229435207638744,2.0849470599495984e-07,9.652283313264677e-07,GOOD,0.6592539471827814,0.23346486717761028
Coachella,Truck Crops,Colorado River,8685.421267,167.0,44.0,1.168233956,0.139554281,58.4116978,1.1244727167916924,1.262909809962677,0.41,0.17,7441.94487,27484.23099,27982.75263,50,7288.632795535,117.87813324140895,7288.632795535,1676.850842512,5611.781953023,-4.88235294117647,0.9830582060778736,0.01683174401956906,0.34631902753752,0.32678690578896447,43.91902105533613,0.00028081820274059743,1743538.326979829,8685.422407869683,10146.593307671135,-0.0011408696827857057,0.010738602806668496,1.3135455929125812e-07,1.0583445217429124e-06,GOOD,0.332418674467662,0.35228740820875265
Coachella,Vineyard,Colorado River,292.8316786,2169.868244,6.89108619,4.088997246,0.302297005,204.4498623,0.1329510358537938,0.3058799853780738,0.13,0.17,2773.231975,2743.166444,4105.247296,50,14747.49237164195,69.38001108639334,14747.49237164195,1676.850842512,13070.64152913,-4.88235294117647,0.06931284169186802,0.9306847869402991,0.10451647740864478,0.06890569163698747,4.00029170874075,0.02626870060330861,227.06049153669267,292.8316808760284,1197.3865314773507,-2.276028396863694e-06,0.0013958596064185258,7.77248010783931e-09,1.1657538668549786e-06,GOOD,0.9941259073363267,1.5078948555200695
Imperial,Alfalfa,Colorado River,133154.8505,250.0,7.4,6.349688555,0.306290873,317.48442775,0.13122437452970753,0.08146025298303902,1.86,0.17,739.7198673,484.1807412,381.4811931,50,1531.8508425119999,5.537983428327066,1531.8508425119999,77.971365715,1453.879476797,-4.88235294117647,0.0005807749287302465,0.9994190892024991,0.0008872941788790866,0.0011261649610438572,1.671884916732632,4.037662965962704e-06,210376956.74540997,133154.85386718463,845491.8151633133,-0.003367184632224962,0.01509927271399647,2.528773544171387e-08,1.7858567254644033e-08,GOOD,1.939072961544676,1.5277763122781245
Imperial,Citrus & Subtropical,Colorado River,8969.53428,3257.846743,3.054421647,5.62841404,0.183365181,281.420702,0.09485584338438294,0.7506750003126099,0.13,0.17,2549.235389,1743.692937,5418.931559,50,9668.730654769646,33.593599447903784,9668.730654769646,77.971365715,9590.75928905465,-4.88235294117647,0.00739855510357183,0.9926010600881972,0.010286634372546606,0.0036566161416304575,1.1247234292758816,0.0008576039125531601,5103.260722307527,8969.534283325582,50484.25083860991,-3.3255819289479405e-06,0.0018352033803239465,3.707641695916391e-10,3.6351996575674493e-08,GOOD,0.49423381869050864,1.3903572019867076
Imperial,Corn,Colorado River,48057.08006,544.0,12.0,3.708931611,0.234536008,185.44658055,1.320694044672553,0.03352518541352239,0.3,0.17,423.9938724,1022.014707,159.5840787,50,6341.6736584929995,33.36695609895442,6341.6736584929995,77.971365715,6263.702292778,-4.88235294117647,0.05379127992600063,0.9462032473558862,0.022668121553455975,0.1422758039516083,6.634056111691731,6.936196142528043e-05,3221645.3538217926,48057.08016940405,178240.4172182709,-0.00010940404899884015,0.006148620886960998,2.2765438279281123e-09,3.449622016608779e-08,GOOD,2.644960375498291,0.4214088525991567
Imperial,Cucurbits,Colorado River,4143.317278,516.0,18.5,2.811221224,0.087908733,140.5610612,0.5954029958862788,4.8590594140887005,0.05,0.17,920.9338517,2396.72349,6846.813993,50,9404.468678234,64.23615958635524,9404.468678234,77.971365715,9326.497312519,-4.88235294117647,0.3008558956016171,0.6991158775757256,0.11560297988496862,0.04046675984778615,14.509664279556063,0.004827050080425918,0.003982458145963414,4143.317279265489,11647.781053799392,-1.265488208446186e-06,0.0004158801184530603,3.0542874791791067e-10,3.570466354778746e-08,GOOD,0.13450545739469513,0.38424701518246485
Imperial,Grain,Colorado River,32523.20442,202.0,8.8,2.463802738,0.351483763,123.1901369,0.6729928083090427,0.036299510576689786,0.74,0.17,345.3012994,477.8051109,110.9675411,50,1653.4590649770003,13.637341950410814,1653.4590649770003,77.971365715,1575.487699262,-4.88235294117647,0.14119522600173026,0.8587536071178972,0.10203929160070742,0.43936176661011367,5.980949763678693,4.155037535355354e-05,9818666.48766243,32523.205345890994,80130.75930547225,-0.0009258909958589356,0.0007930574502097443,2.846862762666655e-08,9.897041401262034e-09,GOOD,3.1117324505343373,0.7226823065494933
Imperial,Lettuce,Colorado River,32540.28917,1278.0,9.6,1.381042075,0.164570286,69.05210375,0.680529189238487,1.2720462492145637,0.25,0.17,2859.243032,5814.317411,7949.261967,50,12198.791131605,166.90130402687572,12198.791131605,77.971365715,12120.81976589,-4.88235294117647,0.973290527896257,0.02664626708155019,0.4786243944840362,0.35007956276316926,9.558085373087188,0.00012292453761252178,1806015.108042908,32540.289218328457,44939.50693081504,-4.832845661439933e-05,0.0015456217879545875,1.4851882957129642e-09,3.439338435944409e-08,GOOD,0.35968660202607483,0.49175901826412594
Imperial,Onions & Garlic,Colorado River,10995.11091,230.0,26.9,3.522556052,0.178481578,176.1278026,0.8220938475297447,0.4158621200492846,0.41,0.17,887.6914461,1905.136225,1355.002253,50,6010.038223799999,33.29747857933714,6010.038223799999,77.971365715,5932.066858085,-4.88235294117647,0.06800181257871117,0.931990770942348,0.031685202600205166,0.04454946632149781,15.603019170162069,0.0002218280843375233,2333177.293266138,10995.110947610672,38730.89318908076,-3.761067273444496e-05,0.0012893509701825678,3.4206724281642523e-09,3.328998690956067e-08,GOOD,0.6551217479671209,0.46594644170006466
Imperial,Pasture,Colorado River,95317.93026,46.0,3.5,8.233264788,0.350906068,82.33264788,0.10289172336777223,0.06852420918280822,0.51,0.17,328.209843,177.7241242,145.0367898,10,77.97136571499999,1.8467524445483334,77.97136571499999,77.971365715,0.0,-4.88235294117647,3.222204394768203e-05,0.9999676359888504,5.950566377981118e-05,7.291661658607651e-05,0.4876940689180235,2.057099129594015e-05,2400.9208890823165,95317.92578885471,784777.4350365197,0.004471145279239863,0.3238381779519841,4.690770421728483e-08,4.1264953585883936e-07,GOOD,2.262942000342034,1.8467377139832826
Imperial,Potatoes,Colorado River,724.3365153,758.0,10.9,5.581382827,0.150675135,279.06914135,1.4974640784942694,0.06026152289335652,0.41,0.17,793.9256634,2502.863999,502.0871398,50,7982.409889039999,28.1238027954707,7982.409889039999,77.971365715,7904.438523325,-4.88235294117647,0.006423539781358014,0.9935760013045858,0.0020375909643369945,0.010157227068012172,3.9037248585566138,0.0033672531188541927,204808.84424375524,724.3365163463503,4042.799246943081,-1.046350348588021e-06,0.0001405213611178624,1.4445638546258459e-09,3.475843039691228e-08,GOOD,1.5812507454985842,0.31720687248646934
Imperial,Safflower,Colorado River,32.80834473,565.0,1.1,2.346040268,0.396694215,23.460402679999998,0.4537037030434028,0.03215870805598959,0.74,0.17,212.2655769,227.006242,60.43672676,10,597.1057130229999,24.264073078374278,597.1057130229999,77.971365715,519.134347308,-4.88235294117647,0.2836891045881152,0.7160558420907431,0.26526773439479323,0.9963714931445081,0.8566965640384044,0.04118925725977494,3265.4505068241638,32.80834762347436,76.96970643218741,-2.8934743596664703e-06,-8.569181815687443e-06,8.819324423339995e-08,1.1133188843925683e-07,GOOD,3.5121951355556216,0.9350649358914657
Imperial,Sunflowers,Colorado River,1062.630009,3640.0,0.6,5.544757405,0.386904762,277.23787025,0.3895547862245365,0.0812011031754898,0.74,0.17,734.0697039,736.5793439,336.2917618,50,1905.8097487979999,7.476897522514785,1905.8097487979999,77.971365715,1827.838383083,-4.88235294117647,0.0016022172238725364,0.9983973074759065,0.001596758222734988,0.003497377154892414,0.16509200437863797,0.0012717044878330283,372185.1772899039,1062.6300211441578,5892.025440822306,-1.2144157835791702e-05,0.0001703556608845247,1.142839721533942e-08,2.8912919278785386e-08,GOOD,2.182835824495322,0.9965928458037955
Imperial,Truck Crops,Colorado River,11365.46977,214.0,26.7,1.168233956,0.139554281,58.4116978,1.1244727167916924,1.262909809962677,0.41,0.17,7441.94487,27484.23099,27982.75263,50,5654.432795535,91.66195940592847,5654.432795535,77.971365715,5576.46142982,-4.88235294117647,0.9782683458904847,0.02159049040346655,0.3446316201064224,0.3251946668145872,26.63690356980763,0.00021459952290594166,2267179.9125254652,11365.46983203976,13277.527307294687,-6.203976045071613e-05,0.00040391082075075246,5.458618227508262e-09,3.0420634739844965e-08,GOOD,0.332418674467662,0.35228740820875265
Oxnard Ventura,Alfalfa,South Coast,3.69060304,278.0,8.6,4.861060872,0.306290873,243.05304360000002,0.13122437452970753,0.08146025298303902,1.86,0.17,739.7198673,484.1807412,381.4811931,50,2147.082226662,9.342578301807267,2147.082226662,653.870696677,1493.211529985,-4.88235294117647,0.00390522922296895,0.9960941189220363,0.005966316700868268,0.007572524394893215,2.823400545231333,0.14567657447172927,5988.651371868896,3.6905999715382998,17.94024099595634,3.0684617002840753e-06,5.0358719114740325e-06,8.314255602748528e-07,2.807024999846581e-07,GOOD,1.939072961544676,1.5277763122781245
Oxnard Ventura,Citrus & Subtropical,South Coast,53523.7377,2882.844727,2.155987975,2.970039496,0.183365181,148.5019748,0.09485584338438294,0.7506750003126099,0.13,0.17,2549.235389,1743.692937,5418.931559,50,6066.190332746158,39.677446805355416,6066.190332746158,653.870696677,5412.31963606916,-4.88235294117647,0.1672968831881621,0.8326892481733118,0.23260242641059015,0.08268377743310532,1.5023120466194682,0.0001437176853272654,17185.45964480856,53523.737290492856,158967.51059293997,0.0004095071417395957,0.10434960422571748,7.650944409653882e-09,6.564205185026689e-07,GOOD,0.49423381869050864,1.3903572019867076
Oxnard Ventura,Corn,South Coast,46.27233384,787.0,7.8,2.879812638,0.234536008,143.9906319,1.320694044672553,0.03352518541352239,0.3,0.17,423.9938724,1022.014707,159.5840787,50,5993.729607142999,40.355283084353324,5993.729607142999,653.870696677,5339.858910466,-4.88235294117647,0.19225038576359152,0.8077289192935646,0.08101601447638036,0.5084946525189603,5.591621264469783,0.0720372857107078,2644.498001330203,46.27233305629824,133.25558381189546,7.837017648171241e-07,6.797029161020873e-05,1.693672438323513e-08,5.100743623340609e-07,GOOD,2.644960375498291,0.4214088525991567
Oxnard Ventura,Cucurbits,South Coast,163.6229866,648.0,26.0,2.078707055,0.087908733,103.93535275,0.5954029958862788,4.8590594140887005,0.05,0.17,920.9338517,2396.72349,6846.813993,50,16743.094386684003,152.95381990076046,16743.094386684003,653.870696677,16089.223690007,-4.88235294117647,0.8189272363702007,0.18102960684303354,0.3146703462268745,0.11015018250094746,24.98960823635574,0.12223221452920234,0.0002713077154988699,163.6229865224955,340.12406003095197,7.750449526611192e-08,0.00019657463849398482,4.736773046172469e-10,5.779494836851158e-07,GOOD,0.13450545739469513,0.38424701518246485
Oxnard Ventura,Dry Beans,South Coast,1153.442278,1216.0,1.3,1.559609211,0.272510229,77.98046055,0.8579188204514863,0.04137219977784526,1.68,0.17,521.9411016,903.6303871,214.6292221,50,1501.9573284239998,19.095291666677827,1501.9573284239998,653.870696677,848.086631747,-4.88235294117647,0.6872930947628273,0.31243710811603603,0.3873559999140485,1.763920787510276,1.2165268551616213,0.0005160536479295718,906517.6653474283,1153.4421505877747,1798.9178251410945,0.00012741222531076346,0.0013759845280674199,1.1046259335290592e-07,7.648951254766955e-07,GOOD,2.5664753522934403,0.5635965250716192
Oxnard Ventura,Grain,South Coast,1561.766914,299.0,2.4,1.255570104,0.351483763,62.7785052,0.6729928083090427,0.036299510576689786,0.74,0.17,345.3012994,477.8051109,110.9675411,50,653.870696677,10.72392974335122,653.870696677,653.870696677,0.0,-4.88235294117647,0.77373513827277,0.22555606494065275,0.5591646943853565,2.407656737882051,2.3206933777768524,0.0008652708283403622,105.16440526796887,1561.769731037677,1960.9100446874188,-0.002817037677004919,-0.0021980526796596678,1.8037503879435614e-06,1.120936245643522e-06,GOOD,3.1117324505343373,0.7226823065494933
Oxnard Ventura,Lettuce,South Coast,3348.397015,288.0,18.2,1.825590372,0.164570286,91.2795186,0.680529189238487,1.2720462492145637,0.25,0.17,2859.243032,5814.317411,7949.261967,50,5149.363716755,54.12186857898579,5149.363716755,653.870696677,4495.493020078,-4.88235294117647,0.7490533233737833,0.25083144358266585,0.36835372692977253,0.26942444462065473,17.216527232729707,0.0011946014711161723,68927.4565479724,3348.396995385861,6112.7973965555575,1.9614139091572724e-05,0.003955661982217862,5.8577698533675e-09,6.471111613634994e-07,GOOD,0.35968660202607483,0.49175901826412594
Oxnard Ventura,Onions & Garlic,South Coast,1.224945,583.0,19.4,2.418056426,0.178481578,120.90282130000001,0.8220938475297447,0.4158621200492846,0.41,0.17,887.6914461,1905.136225,1355.002253,50,11188.463205099999,88.48285398401798,11188.463205099999,653.870696677,10534.592508423,-4.88235294117647,0.5539521908000421,0.4460153556410893,0.2581120521752349,0.36290612752713963,17.227454393407342,1.99112971622718,461.60521993800626,1.2249449901938068,2.9620072373248,9.806193190797785e-09,-2.1108578230233377e-05,8.00541509275746e-09,7.126494626484271e-06,GOOD,0.6551217479671209,0.46594644170006466
Oxnard Ventura,Other Deciduous,South Coast,136.1933044,1633.0,1.5,2.23900313,0.215021845,111.95015649999999,0.542542160251163,0.5586272122329681,0.13,0.17,2284.866179,4950.948854,6009.195442,50,2336.646689634,20.671588057907577,2336.646689634,653.870696677,1682.775992957,-4.88235294117647,0.2896805137119508,0.7102341845192855,0.18236598127354312,0.17972129124741312,1.17508523378003,0.05648080664608423,13.597345188952271,136.19330248250975,304.9370493476509,1.9174902377017133e-06,0.00018548899186043855,1.4079181396979993e-08,6.082858066178978e-07,GOOD,0.6204120841421951,0.6295417628777134
Oxnard Ventura,Pasture,South Coast,1349.313843,195.0,5.0,5.664931619,0.350906068,56.64931619,0.10289172336777223,0.06852420918280822,0.51,0.17,328.209843,177.7241242,145.0367898,10,917.654697405,16.192632814747615,917.654697405,653.870696677,263.784000728,-4.88235294117647,0.0033947753665314003,0.9966039485298989,0.0062692596998749585,0.00768217975865043,1.5797575240587092,0.0014531714203464895,25582.98072638661,1349.311705157232,7643.732948950211,0.0021378427679792367,0.03770421489025466,1.5843925259271478e-06,4.932672185113542e-06,GOOD,2.262942000342034,1.8467377139832826
Oxnard Ventura,Tomato Processing,South Coast,25.24296742,100.0,56.3,2.605312983,0.124471553,130.26564915,2.283636824869254,0.28639447182202826,0.74,0.17,657.2463564,2815.18314,996.9547547,50,5498.887923642999,40.89558270212302,5498.887923642999,653.870696677,4845.017226966,-4.88235294117647,0.2824351197767307,0.7175277998137419,0.06593867772496688,0.18619646753585137,43.66565405492286,0.05353377552120422,23431.18074965864,25.24296645566663,65.76580630495647,9.64333370490067e-07,2.4443815547670056e-05,3.820206057573191e-08,3.7167956778416385e-07,GOOD,0.6592539471827814,0.23346486717761028
Oxnard Ventura,Truck Crops,South Coast,26183.57673,1692.883183,30.32103122,1.75058992,0.139554281,87.529496,1.1244727167916924,1.262909809962677,0.332200568,0.17,7441.94487,27484.23099,27982.75263,50,51241.478840890966,552.4741863441485,51241.478840890966,653.870696677,50587.608144214,-4.88235294117647,0.9743652838204288,0.025619200750880318,0.3432566204856845,0.3238972160948942,30.17082631158308,0.00011496632726782464,21684457.400768407,26183.576714289728,45836.676403469995,1.5710273146396503e-05,0.029089614567055833,6.000048545085269e-10,6.346358066996027e-07,GOOD,0.332418674467662,0.35228740820875265
Oxnard Ventura,Vineyard,South Coast,63.34356618,1738.113027,10.76352971,2.882762464,0.302297005,144.1381232,0.1329510358537938,0.3058799853780738,0.13,0.17,2773.231975,2743.166444,4105.247296,50,18563.286225846536,122.92500989854489,18563.286225846536,653.870696677,17909.4155291695,-4.88235294117647,0.42286553981942754,0.5771229666709414,0.6376367720704319,0.420381588454254,9.038245674957292,0.12143786900865156,67.29887771798217,63.343566041099265,182.60435834886763,1.3890073802258485e-07,9.657073621838208e-05,2.1928152517949195e-09,5.288520275198092e-07,GOOD,0.9941259073363267,1.5078948555200695
Palo Verde,Alfalfa,Colorado River,42604.28853,265.3445115,7.495903197,6.349688555,0.306290873,317.48442775,0.13122437452970753,0.08146025298303902,1.86,0.17,739.7198673,484.1807412,381.4811931,50,1670.8476145712534,5.954070898735227,1670.8476145712534,1670.84761457125,0.0,-4.88235294117647,0.0006334292580541772,0.9993664348803335,0.0009677382159590794,0.0012282655473441603,1.718850237870014,1.2619255646613436e-05,14177.793944761375,42604.27007902236,270523.6838677908,0.018450977637257893,0.27940506796585396,4.330779429461791e-07,1.0328292717049892e-06,GOOD,1.939072961544676,1.5277763122781245
Palo Verde,Almonds & Pistachios,Colorado River,6.07320167,4727.0,0.9,5.171405369,0.287448101,258.57026845,0.311217018052816,0.03090217019351817,0.4,0.17,2039.310074,2110.873995,639.9084906,50,3995.048938459,15.628534987014953,3995.048938459,1670.84761457125,2324.20132388775,-4.88235294117647,0.005043010768565086,0.9949564927418211,0.004846608603028227,0.015380665508316052,0.3085286589183734,0.4116444893225486,463.5204954740859,6.073201855644501,31.407004960141766,-1.8564450066094196e-07,-1.7236883994797836e-05,3.0567814268045204e-08,5.488232156066795e-07,GOOD,3.0498974152879694,0.9610545813701002
Palo Verde,Citrus & Subtropical,Colorado River,1640.820837,2916.780377,4.105669592,5.958172293,0.183365181,297.90861465,0.09485584338438294,0.7506750003126099,0.13,0.17,2549.235389,1743.692937,5418.931559,50,11676.741628083197,38.19584138591847,11676.741628083197,1670.84761457125,10005.8940135119,-4.88235294117647,0.006398556445363102,0.9936011679867198,0.008896279036129056,0.0031623829860985726,1.466465874296531,0.004688085084519006,973.9610473450343,1640.8208382362411,9776.288233578252,-1.236241132573923e-06,0.005015212216676446,7.5342846988353e-10,5.129973180066925e-07,GOOD,0.49423381869050864,1.3903572019867076
Palo Verde,Corn,Colorado River,1884.269545,532.0,16.2,3.708931611,0.234536008,185.44658055,1.320694044672553,0.03352518541352239,0.3,0.17,423.9938724,1022.014707,159.5840787,50,8432.073658493,44.05174240858283,8432.073658493,1670.84761457125,6761.22604392175,-4.88235294117647,0.07027576836200171,0.9297188542634989,0.02961483091095526,0.18587662267519095,9.446268688150058,0.0017690321122996939,136350.43596385536,1884.2695777302786,6988.6234314149,-3.2730278462622664e-05,0.0034476801884011365,1.7370274093467165e-08,4.933272655768903e-07,GOOD,2.644960375498291,0.4214088525991567
Palo Verde,Cotton,Colorado River,5779.451511,1967.748474,1.184861305,5.971693969,0.148539114,298.58469845,1.334590964860844,0.04119880232811655,0.68,0.17,378.6944542,1135.122209,199.4393382,50,2032.252318825399,7.420000090533224,2032.252318825399,1670.84761457125,361.404704254146,-4.88235294117647,0.0011047894172379834,0.9988949260314269,0.00036857496237129223,0.002097768812793625,0.30219485855053685,0.0002544511762915831,326512.2225541648,5779.452119475828,34513.09944675387,-0.0006084758279030211,0.016285612771753222,1.0528262530534468e-07,4.7186735900753405e-07,GOOD,1.8987951731454202,0.3336155801462545
Palo Verde,Cucurbits,Colorado River,2077.947803,431.8238778,16.07017379,2.811221224,0.087908733,140.5610612,0.5954029958862788,4.8590594140887005,0.05,0.17,920.9338517,2396.72349,6846.813993,50,6797.953441151722,46.69661121703995,6797.953441151722,1670.84761457125,5127.10582658047,-4.88235294117647,0.237255541825417,0.7627136635895776,0.09116473378191493,0.03191216517265393,12.019450876445777,0.009624880842110353,0.0010979807556940676,2077.947813630516,5841.568021790342,-1.0630516044329852e-05,0.0029443674293361255,5.115872510840857e-09,5.040369185607533e-07,GOOD,0.13450545739469513,0.38424701518246485
Palo Verde,Grain,Colorado River,6336.032053,223.2562994,8.714974803,2.463802738,0.351483763,123.1901369,0.6729928083090427,0.036299510576689786,0.74,0.17,345.3012994,477.8051109,110.9675411,50,1821.532088859024,14.92675987306986,1821.532088859024,1670.84761457125,150.684474287771,-4.88235294117647,0.15334418770521416,0.846605369239535,0.11081913126676261,0.47716608498314345,6.0162037916124875,0.00021328038432373624,183334.84050965702,6336.049937347884,15610.768814899166,-0.01788434788431914,-0.03569466200497118,2.822641636708769e-06,2.2865461685907612e-06,GOOD,3.1117324505343373,0.7226823065494933
Palo Verde,Lettuce,Colorado River,400.6384079,1060.984835,11.60321691,1.435814447,0.164570286,71.79072235,0.680529189238487,1.2720462492145637,0.25,0.17,2859.243032,5814.317411,7949.261967,50,12238.08969173056,161.16854782471492,12238.08969173056,1670.84761457125,10567.2420771593,-4.88235294117647,0.9667722322591188,0.03316518761364763,0.4754189638207618,0.34773501915444566,11.537149419572343,0.00998406523470013,19385.77118590217,400.6384148055595,575.2421634113804,-6.90555947358007e-06,0.0002506745186110493,1.7236389066581225e-08,4.357719675615173e-07,GOOD,0.35968660202607483,0.49175901826412594
Palo Verde,Onions & Garlic,Colorado River,2839.00425,233.0,19.3,3.522556052,0.178481578,176.1278026,0.8220938475297447,0.4158621200492846,0.41,0.17,887.6914461,1905.136225,1355.002253,50,4319.9382238,24.20162137116877,4319.9382238,1670.84761457125,2649.09060922875,-4.88235294117647,0.04983231086015538,0.9501601280750784,0.02321918792698089,0.03264623059594594,10.528098760729835,0.0008591126238165733,269042.6537382191,2839.0044341487023,10000.547036225991,-0.00018414870237393188,0.004566265230096178,6.48638346962432e-08,4.566013367661323e-07,GOOD,0.6551217479671209,0.46594644170006466
Palo Verde,Pasture,Colorado River,6332.361101,1504.0,4.5,8.233264788,0.350906068,82.33264788,0.10289172336777223,0.06852420918280822,0.51,0.17,328.209843,177.7241242,145.0367898,10,6684.971365715,77.63242574349765,6684.971365715,1670.84761457125,5014.12375114375,-4.88235294117647,0.00274290827561329,0.9972569501420255,0.005065432158571915,0.0062070423399710585,1.3477276138821608,0.00030964505694658584,2279310.449943874,6332.360921085237,52135.87131692474,0.00017991476306633558,0.13436083946726285,2.841195569815556e-08,2.5771218512155254e-06,GOOD,2.262942000342034,1.8467377139832826
Palo Verde,Potatoes,Colorado River,98.96826613,298.0,17.1,5.581382827,0.150675135,279.06914135,1.4974640784942694,0.06026152289335652,0.41,0.17,793.9256634,2502.863999,502.0871398,50,4816.00988904,17.34565542896076,4816.00988904,1670.84761457125,3145.16227446875,-4.88235294117647,0.0038854483835488144,0.9961140915300991,0.0012324909299531272,0.006143868153082831,5.549931192485019,0.024644509655651802,11134.964775608203,98.968267601103,552.3795273202263,-1.4711029905356554e-06,0.0002536757214102181,1.4864390860432823e-08,4.5924150401167394e-07,GOOD,1.5812507454985842,0.31720687248646934
Palo Verde,Truck Crops,Colorado River,13.44655686,167.0,44.0,1.168233956,0.139554281,58.4116978,1.1244727167916924,1.262909809962677,0.41,0.17,7441.94487,27484.23099,27982.75263,50,7288.632795535,117.87813324140895,7288.632795535,1670.84761457125,5617.78518096375,-4.88235294117647,0.9830582060778736,0.01683174401956905,0.34631902753752,0.32678690578896447,43.91902105533613,0.1813865375083018,2702.190930579257,13.446557615206393,15.708749232080548,-7.552063934213038e-07,-2.4916943811348347e-05,5.616355185079728e-08,1.5861850594283256e-06,GOOD,0.332418674467662,0.35228740820875265
Pitt River Central,Alfalfa,Sacramento River,11449.00908,270.8925257,5.127288681,3.537610105,0.306290873,176.88050525,0.13122437452970753,0.08146025298303902,1.86,0.17,739.7198673,484.1807412,381.4811931,50,1211.3989458011117,7.45051807103312,1211.3989458011117,885.155084778767,326.243861022345,-4.88235294117647,0.014142738011279181,0.9858530783747468,0.021606940124387762,0.027423800879881582,2.2040663480478915,4.695903417015637e-05,4061992.125848209,11449.012992508306,40502.12186740553,-0.003912508305802476,0.008346239228558261,3.4173335687515023e-07,2.0606914215456493e-07,GOOD,1.939072961544676,1.5277763122781245
Pitt River Central,Grain,Sacramento River,7620.468902,262.2560376,4.522295734,0.78906264,0.351483763,39.453132000000004,0.6729928083090427,0.036299510576689786,0.74,0.17,345.3012994,477.8051109,110.9675411,50,1145.5954299312236,27.955775505330326,1145.5954299312236,885.155084778767,260.440345152457,-4.88235294117647,0.9887756648411035,0.010707219184608123,0.7145706781273774,3.0768053225847254,4.54371185857613,0.00017733178479301817,380735.13821119675,7620.478579532454,6013.032021624812,-0.0096775324545888,-0.004711774790848722,1.2699392358977965e-06,7.835944438719412e-07,GOOD,3.1117324505343373,0.7226823065494933
Pitt River Central,Other Deciduous,Sacramento River,1.36562306,2243.0,2.1,3.327741402,0.215021845,166.3870701,0.542542160251163,0.5586272122329681,0.13,0.17,2284.866179,4950.948854,6009.195442,50,4543.009776034001,26.815673346888065,4543.009776034001,885.155084778767,3657.85469125523,-4.88235294117647,0.07156070431130951,0.9284284568651077,0.04505045194491257,0.04439712570446289,1.2326705808993559,5.632819126756465,0.29634621714552356,1.365623065563806,4.544506620105526,-5.563805860475668e-09,-6.622381759591178e-05,4.074188568898117e-09,1.4572491180653593e-05,GOOD,0.6204120841421951,0.6295417628777134
Pitt River Central,Pasture,Sacramento River,26259.10953,210.6180412,4.394243707,3.965593094,0.350906068,39.65593094,0.10289172336777223,0.06852420918280822,0.51,0.17,328.209843,177.7241242,145.0367898,10,885.1550847787668,21.84370156644097,885.1550847787668,885.155084778767,0.0,-4.88235294117647,0.026076664566958122,0.9739131733965458,0.048156759910693105,0.05900997947740046,2.1010294579557587,7.467063235656834e-05,661.4290136945482,26259.096079280705,104132.62957058536,0.01345071929608821,0.31383617223764304,5.122305948996972e-07,3.013802951979911e-06,GOOD,2.262942000342034,1.8467377139832826
Pitt River Central,Rice,Sacramento River,830.7421106,2075.0,0.7,4.534377778,0.381523094,226.71888889999997,0.7787889472798347,0.016559817107172286,0.2,0.17,851.2633133,1216.2235,177.3500304,50,1224.775009832,6.074578518206564,1224.775009832,885.155084778767,339.619925053233,-4.88235294117647,0.0033565399979721415,0.9966417488560915,0.0023493209571683457,0.016111073335481545,0.22568056873713316,0.00601871499735191,380.63137035668075,830.7420712545191,3766.8963131213077,3.934548090001044e-05,0.0022524321502714884,4.73618471941832e-08,5.979540226723748e-07,GOOD,4.7999050645054355,0.699923420721246
Pitt River Eastern Lower,Alfalfa,North Lahontan,12240.51342,272.9172529,4.236408742,3.118751952,0.306290873,155.9375976,0.13122437452970753,0.08146025298303902,1.86,0.17,739.7198673,484.1807412,381.4811931,50,999.5867086901848,7.031392406374186,999.5867086901848,999.586708690185,0.0,-4.88235294117647,0.024241112930666085,0.9757501971825069,0.03703499811873059,0.04700528664160562,2.0372396441119354,4.392253740955831e-05,4073.380474940802,12240.528782630625,38175.15202506617,-0.015362630625531892,-0.02690295897627948,1.2550642361480204e-06,7.047248408545488e-07,GOOD,1.939072961544676,1.5277763122781245
Pitt River Eastern Lower,Grain,North Lahontan,1127.481694,282.4400582,4.566174039,1.205704965,0.351483763,60.28524825,0.6729928083090427,0.036299510576689786,0.74,0.17,345.3012994,477.8051109,110.9675411,50,1228.434414953489,20.057754459426747,1228.434414953489,999.586708690185,228.847706263304,-4.88235294117647,0.8906501613330982,0.10891544286859324,0.6436571129208817,2.7714650090938444,4.5035318588407405,0.0011985572435833725,49507.370779466306,1127.482671647145,1359.410807474304,-0.0009776471449640667,-0.0005310718931923475,8.671068897763112e-07,3.906634387065206e-07,GOOD,3.1117324505343373,0.7226823065494933
Pitt River Eastern Lower,Pasture,Sacramento River,18031.60607,242.2624556,4.548356115,3.904573674,0.350906068,39.045736739999995,0.10289172336777223,0.06852420918280822,0.51,0.17,328.209843,177.7241242,145.0367898,10,1062.1541982181761,26.406119412177006,1062.1541982181761,999.586708690185,62.5674895279914,-4.88235294117647,0.033998444867586686,0.9659905131197539,0.0627862103537537,0.07693650883717498,2.2924879731827263,0.00010874152341802406,81437.49737583492,18031.58998919775,70405.49767424725,0.016080802251963178,0.23668661335250363,8.918119766778588e-07,3.3617519297416855e-06,GOOD,2.262942000342034,1.8467377139832826
Pitt River Eastern Lower,Rice,Sacramento River,947.9047988,2075.0,0.7,4.487278047,0.381523094,224.36390235000002,0.7787889472798347,0.016559817107172286,0.2,0.17,851.2633133,1216.2235,177.3500304,50,1227.129996382,6.138054360056141,1227.129996382,999.586708690185,227.543287691815,-4.88235294117647,0.0035752406974929435,0.9964229401608771,0.0025023946988910746,0.017160815930722325,0.22852733435826722,0.005274791314834305,291.1480669448336,947.9046393153878,4253.509316028848,0.000159484612140659,0.0030782723442825954,1.682496093938532e-07,7.237012753052818e-07,GOOD,4.7999050645054355,0.699923420721246
Pitt River Western,Alfalfa,Sacramento River,7234.639302,282.5067727,5.355428082,3.537610105,0.306290873,176.88050525,0.13122437452970753,0.08146025298303902,1.86,0.17,739.7198673,484.1807412,381.4811931,50,1335.399468884771,8.115676650355924,1335.399468884771,790.13834813054,545.261120754231,-4.88235294117647,0.015567511962618085,0.984428310469622,0.023783676017594246,0.030186541525236022,2.3421196075455355,7.431392031576788e-05,4288314.132978435,7234.640473511541,25593.326301883662,-0.0011715115415427135,0.006798901682486758,1.6193088454580614e-07,2.656512794059688e-07,GOOD,1.939072961544676,1.5277763122781245
Pitt River Western,Cucurbits,Sacramento River,6.16748882,203.0,12.0,1.97136542,0.087908733,98.568271,0.5954029958862788,4.8590594140887005,0.05,0.17,920.9338517,2396.72349,6846.813993,50,2336.461468434,23.307557018376357,2336.461468434,790.13834813054,1546.32312030346,-4.88235294117647,0.46296137435757295,0.5368637974015756,0.17789152624166912,0.062270831414042035,10.336798954200365,3.242810904681948,9.829098235964066e-07,6.167488864710447,12.158395121559183,-4.471044690035342e-08,-2.0933574578663183e-05,7.249376238083463e-09,1.7217412669656594e-06,GOOD,0.13450545739469513,0.38424701518246485
Pitt River Western,Grain,Sacramento River,3233.507817,263.9872398,3.913107119,0.78906264,0.351483763,39.453132000000004,0.6729928083090427,0.036299510576689786,0.74,0.17,345.3012994,477.8051109,110.9675411,50,992.6064172635403,24.34959607811347,992.6064172635403,790.13834813054,202.468069133,-4.88235294117647,0.9870686496314929,0.012335590552891147,0.7133370484383809,3.0714935479634247,3.9344270685485108,0.00041792116420646686,125640.89485450074,3233.511987664326,2551.4425266807702,-0.00417066432601132,-0.002312138113211404,1.2898265790743624e-06,9.062090109079244e-07,GOOD,3.1117324505343373,0.7226823065494933
Pitt River Western,Onions & Garlic,Sacramento River,38.25808339,210.0,24.6,2.113494575,0.178481578,105.67472874999999,0.8220938475297447,0.4158621200492846,0.41,0.17,887.6914461,1905.136225,1355.002253,50,5059.491297649999,46.19340853325118,5059.491297649999,790.13834813054,4269.35294951946,-4.88235294117647,0.5535084536401376,0.44641983804858876,0.2579052944245273,0.362615425663305,21.88628135188798,0.06375187082375959,5842.953731897779,38.25808414839572,80.85824700853253,-7.583957142287545e-07,4.686130083086937e-06,1.9823149698789823e-08,5.7954877639238695e-08,GOOD,0.6551217479671209,0.46594644170006466
Pitt River Western,Pasture,Sacramento River,22599.88772,168.2760421,4.935285232,3.965593094,0.350906068,39.65593094,0.10289172336777223,0.06852420918280822,0.51,0.17,328.209843,177.7241242,145.0367898,10,790.1383481305404,19.601128323452784,790.1383481305404,790.13834813054,0.0,-4.88235294117647,0.023343899392611032,0.9766459100568833,0.04311005939976623,0.0528258903872984,2.3092648607771435,8.676079890389341e-05,569.2585054024539,22599.88262855603,89621.76046850187,0.00509144396710326,0.19819910552178044,2.252862505417465e-07,2.211501605949801e-06,GOOD,2.262942000342034,1.8467377139832826
Pitt River Western,Rice,Sacramento River,5202.418039,2075.0,0.7,4.534377778,0.381523094,226.71888889999997,0.7787889472798347,0.016559817107172286,0.2,0.17,851.2633133,1216.2235,177.3500304,50,1224.775009832,6.074578518206564,1224.775009832,790.13834813054,434.63666170146,-4.88235294117647,0.0033565399979721415,0.9966417488560915,0.0023493209571683457,0.016111073335481545,0.22568056873713313,0.0009610915467610309,3049.7921687776384,5202.417887167066,23589.717506908393,0.00015183293453446822,0.01124099954176927,2.9185069980199687e-08,4.7652093255909874e-07,GOOD,4.7999050645054355,0.699923420721246
Pitt River Western,Truck Crops,Sacramento River,247.8605903,5126.213948,6.664762919,2.662234731,0.139554281,133.11173655,1.1244727167916924,1.262909809962677,0.267123888,0.17,7441.94487,27484.23099,27982.75263,50,34030.93339227599,242.6998203516746,34030.93339227599,790.13834813054,33240.7950441455,-4.88235294117647,0.6820384301110262,0.3179452168670194,0.2402735508425799,0.22672231087351244,6.1672979759860995,0.015103576271611322,52092.682090187314,247.86059058884194,659.8628464884142,-2.888419317059743e-07,0.0002254544075412923,1.1653402880884459e-09,3.416684720323739e-07,GOOD,0.332418674467662,0.35228740820875265
Russian River Central,Citrus & Subtropical,North Coast,78.33645949,1816.0,2.15,2.262567308,0.183365181,113.12836539999999,0.09485584338438294,0.7506750003126099,0.13,0.17,2549.235389,1743.692937,5418.931559,50,3790.5853769419996,32.671339504250284,3790.5853769419996,433.772243164778,3356.81313377722,-4.88235294117647,0.3834988766436734,0.6164502474751739,0.5332004250953433,0.189538114267123,1.7775120049945456,0.09819575383400689,15.600244173806264,78.33646014307762,177.24134059166053,-6.530776204272115e-07,0.00017167487979463658,8.336828402496028e-09,9.685929531929716e-07,GOOD,0.49423381869050864,1.3903572019867076
Russian River Central,Grain,North Coast,448.7604491,183.7499255,2.747312536,1.177694445,0.351483763,58.884722249999996,0.6729928083090427,0.036299510576689786,0.74,0.17,345.3012994,477.8051109,110.9675411,50,444.98295344221606,8.035018261303195,444.98295344221606,433.772243164778,11.210710277438,-4.88235294117647,0.7720852642040467,0.22687569244488043,0.5579723595878554,2.402522771203109,2.673326139579517,0.003011297796099276,994.0359981262206,448.77601746133075,528.5204251438084,-0.015568361330736025,-0.017737103033141466,3.469191940145071e-05,3.3561046016426326e-05,GOOD,3.1117324505343373,0.7226823065494933
Russian River Central,Other Deciduous,North Coast,286.3930215,728.5,2.55,2.875298636,0.215021845,143.7649318,0.542542160251163,0.5586272122329681,0.13,0.17,2284.866179,4950.948854,6009.195442,50,1713.0069143340002,12.229471880888294,1713.0069143340002,433.772243164778,1279.23467116922,-4.88235294117647,0.06424768816742639,0.9357265061324654,0.040446602869739216,0.03986004211727085,1.4776346460747392,0.026859270704358604,21.73713057736551,286.3930223906004,823.4645669144455,-8.906004040909465e-07,0.0008971644231223763,3.109714054575686e-09,1.0894985427542461e-06,GOOD,0.6204120841421951,0.6295417628777134
Russian River Central,Pasture,North Coast,375.2993297,110.6671957,4.203404533,3.071076249,0.350906068,30.71076249,0.10289172336777223,0.06852420918280822,0.51,0.17,328.209843,177.7241242,145.0367898,10,433.7722431647781,14.106127729636908,433.7722431647781,433.772243164778,0.0,-4.88235294117647,0.05575235074286773,0.9442033322470468,0.10295996876007772,0.1261643361138358,2.3602486739750663,0.005224587838440497,9.453247651071282,375.28384722744727,1152.5190613332686,0.015482472552719173,0.053796374021658266,4.1253664282041943e-05,4.6675031137441986e-05,GOOD,2.262942000342034,1.8467377139832826
Russian River Central,Truck Crops,North Coast,69.14333235,1200.0,16.8,1.856129243,0.139554281,92.80646215,1.1244727167916924,1.262909809962677,0.41,0.17,7441.94487,27484.23099,27982.75263,50,20066.238031185,204.77385706227182,20066.238031185,433.772243164778,19632.4657880202,-4.88235294117647,0.9134220713594893,0.08654078646507064,0.3217870941199048,0.3036385541908276,16.5069980135787,0.03527490370145434,48557.605864153316,69.14333283769487,128.3388434504965,-4.876948764831468e-07,0.0001176828064046731,7.053389819490626e-09,9.169686692604477e-07,GOOD,0.332418674467662,0.35228740820875265
Russian River Central,Vineyard,North Coast,10064.76241,2408.53804,8.95903493,2.332914718,0.1875,116.6457359,0.13322355658393814,0.06528673915935752,0.13,0.17,7370.795962,6213.04167,4349.368869,50,21461.074505669738,175.4936499374421,21461.074505669738,433.772243164778,21027.302262505,-4.88235294117647,0.7462848828358388,0.2537057738852459,0.8853495454486886,1.2647153555782087,8.447202757025254,0.0007642811006313355,12554.734298581672,10064.762422070757,23480.208218391257,-1.2070757293258794e-05,0.024141070891346317,1.1993087170409216e-09,1.0281444630430951e-06,GOOD,1.6946817290099252,1.1863425962541438
Russian River Lower,Citrus & Subtropical,North Coast,227.1893031,2319.0,1.7,2.347473006,0.183365181,117.3736503,0.09485584338438294,0.7506750003126099,0.13,0.17,2549.235389,1743.692937,5418.931559,50,3824.2400920419996,31.80225610464751,3824.2400920419996,382.301370086027,3441.93872195597,-4.88235294117647,0.3356879082436518,0.6642679504823591,0.46672610084641436,0.1659083167794891,1.3678916199114572,0.03385858219267407,46.39067779448597,227.18930098173485,533.3203818158813,2.118265143735698e-06,0.00037446332078161504,9.32378908175672e-09,7.021352842032973e-07,GOOD,0.49423381869050864,1.3903572019867076
Russian River Lower,Corn,North Coast,6.36589876,68.0,18.6,2.492780338,0.234536008,124.63901690000002,1.320694044672553,0.03352518541352239,0.3,0.17,423.9938724,1022.014707,159.5840787,50,1139.2812221430002,9.596742807229711,1139.2812221430002,382.301370086027,756.979852056973,-4.88235294117647,0.09563815717002497,0.9043076898929568,0.04030276607771804,0.2529591361003938,11.749115907648592,0.523623365529824,51.588341583918606,6.3658980651917645,15.868786430708695,6.948082358348984e-07,8.319178874671707e-07,1.0914534805371274e-07,5.2424793003965985e-08,GOOD,2.644960375498291,0.4214088525991567
Russian River Lower,Grain,North Coast,4749.686308,163.0910854,2.698614674,1.137356561,0.351483763,56.86782805,0.6729928083090427,0.036299510576689786,0.74,0.17,345.3012994,477.8051109,110.9675411,50,382.30137008602713,7.249599807938927,382.30137008602713,382.301370086027,0.0,-4.88235294117647,0.7811533881136611,0.21762316238596252,0.5645257322909322,2.4307403466381228,2.6400812089739687,0.00028451381074898375,319.8287345650829,4749.688638595284,5402.085241792066,-0.002330595283638104,0.001643303601667867,4.906840436414993e-07,3.0419792139991937e-07,GOOD,3.1117324505343373,0.7226823065494933
Russian River Lower,Other Deciduous,North Coast,1687.272552,561.8262717,3.578798445,2.876362374,0.215021845,143.8181187,0.542542160251163,0.5586272122329681,0.13,0.17,2284.866179,4950.948854,6009.195442,50,1865.9417149541075,13.231759899694325,1865.9417149541075,382.301370086027,1483.64034486808,-4.88235294117647,0.06944310015678436,0.9305312931940456,0.04371733169239564,0.04308333849756578,2.1043350315937857,0.0045590190412270115,148.52288676872243,1687.2724995363008,4853.203515583848,5.246369914857496e-05,0.003767671911191428,3.109379044090262e-08,7.76326188290045e-07,GOOD,0.6204120841421951,0.6295417628777134
Russian River Lower,Pasture,North Coast,4016.349143,169.5024202,4.633788724,3.06976302,0.350906068,30.6976302,0.10289172336777223,0.06852420918280822,0.51,0.17,328.209843,177.7241242,145.0367898,10,754.0447868084698,23.827664843188433,754.0447868084698,382.301370086027,371.743416722443,-4.88235294117647,0.09326846674583535,0.9066888698160779,0.17224239506492978,0.21106113070665514,2.8741210045003833,0.00048820066281909155,107274.59200855622,4016.346971803174,12329.18892524899,0.0021711968261115544,0.051149341101336177,5.40589662105368e-07,4.14862074157776e-06,GOOD,2.262942000342034,1.8467377139832826
Russian River Lower,Truck Crops,North Coast,581.071652,1361.026247,16.35629565,1.848759822,0.139554281,92.4379911,1.1244727167916924,1.262909809962677,0.404410024,0.17,7441.94487,27484.23099,27982.75263,50,22167.954185576928,227.0102738982119,22167.954185576928,382.301370086027,21785.6528154909,-4.88235294117647,0.922667359739789,0.07729867916997686,0.32504409280154306,0.3067118606992781,16.10270857512214,0.004255478489786327,431845.6293030328,581.0716504355036,1074.261183866778,1.5644964150851592e-06,0.0007400539877835399,2.6924328689935116e-09,6.88895297603533e-07,GOOD,0.332418674467662,0.35228740820875265
Russian River Lower,Vineyard,San Francisco Bay,1622.283638,2511.67217,8.780344377,2.422511618,0.1875,121.1255809,0.13322355658393814,0.06528673915935752,0.13,0.17,7370.795962,6213.04167,4349.368869,50,21931.764844802892,172.74947769924557,21931.764844802892,382.301370086027,21549.4634747169,-4.88235294117647,0.7065968923777433,0.2933944510819547,0.8382659918085218,1.197456843287754,8.186721300184265,0.004741653994483357,2073.8798740657767,1622.2836354337192,3929.998222498058,2.566280954852118e-06,0.002738248248533637,1.581894124270344e-09,6.967551091930633e-07,GOOD,1.6946817290099252,1.1863425962541438
Russian River Upper,Alfalfa,North Coast,59.74146224,268.0,6.3,2.331077971,0.306290873,116.55389855,0.13122437452970753,0.08146025298303902,1.86,0.17,739.7198673,484.1807412,381.4811931,50,1571.1813717119999,13.717956125960018,1571.1813717119999,42.110416135,1529.070955577,-4.88235294117647,0.17788969944191718,0.8220697258953087,0.27177566900563616,0.34494110632513064,4.488901149843888,0.00899935134567524,99268.56871798394,59.74146965750613,139.26196028942562,-7.417506132867402e-06,4.629356669738627e-05,1.2416010346497675e-07,3.324206496320869e-07,GOOD,1.939072961544676,1.5277763122781245
Russian River Upper,Citrus & Subtropical,North Coast,22.6604879,1313.0,2.6,2.262567308,0.183365181,113.12836539999999,0.09485584338438294,0.7506750003126099,0.13,0.17,2549.235389,1743.692937,5418.931559,50,3299.985376942,28.566084110134625,3299.985376942,42.110416135,3257.874960807,-4.88235294117647,0.3513025332236912,0.6486439339375623,0.4884360071437337,0.17362559251079418,2.1131550043831235,0.3394590498780784,4.379703190029343,22.660488000965177,51.27086089852838,-1.0096517755187051e-07,1.820734118496148e-05,4.455560621528829e-09,3.5512051875227303e-07,GOOD,0.49423381869050864,1.3903572019867076
Russian River Upper,Grain,North Coast,790.4355595,209.0,2.8,1.227063393,0.351483763,61.35316965,0.6729928083090427,0.036299510576689786,0.74,0.17,345.3012994,477.8051109,110.9675411,50,522.8960322269999,8.945390691070221,522.8960322269999,42.110416135,480.785616092,-4.88235294117647,0.7578212593013435,0.24131075155559617,0.5476640156241366,2.358137004272787,2.7067280196667993,0.0017096287421661115,72858.8983903046,790.4358691431797,969.914417123587,-0.00030964317977577593,0.00012246433630025422,3.917374111706774e-07,1.262630173090139e-07,GOOD,3.1117324505343373,0.7226823065494933
Russian River Upper,Other Deciduous,North Coast,1036.376478,938.4029559,1.49567879,2.875298636,0.215021845,143.7649318,0.542542160251163,0.5586272122329681,0.13,0.17,2284.866179,4950.948854,6009.195442,50,1258.8813119469355,9.239865903102048,1258.8813119469355,42.110416135,1216.77089581194,-4.88235294117647,0.04803553862230741,0.9519382085871912,0.030240377665067892,0.029801828629558644,0.8212171698212062,0.007422310189008065,74.82033851398731,1036.3764809640995,2979.890328156872,-2.964099621749483e-06,0.001545419012018101,2.8600606870869984e-09,5.186158013725482e-07,GOOD,0.6204120841421951,0.6295417628777134
Russian River Upper,Pasture,North Coast,2495.207389,21.0,3.5,3.069359746,0.350906068,30.69359746,0.10289172336777223,0.06852420918280822,0.51,0.17,328.209843,177.7241242,145.0367898,10,42.110416135,2.230039120654013,42.110416135,42.110416135,0.0,-4.88235294117647,0.005760722566977198,0.994192460424469,0.010638543624231379,0.013036181049130879,1.3620019312735145,0.0007858201776611884,62.85066751346229,2495.2071591768904,7658.657552297021,0.00022982310974839493,0.03156542134274787,9.210581483589656e-08,4.121517515278342e-06,GOOD,2.262942000342034,1.8467377139832826
Russian River Upper,Truck Crops,North Coast,32.87781604,1419.731455,14.12726327,1.856129243,0.139554281,92.80646215,1.1244727167916924,1.262909809962677,0.376060486,0.17,7441.94487,27484.23099,27982.75263,50,19963.15806867016,203.72682920959335,19963.15806867016,42.110416135,19921.0476525352,-4.88235294117647,0.9130139150088714,0.08694876771546368,0.3216433057770017,0.30350287539777965,13.879672935681159,0.08087966353486806,17243.409532215937,32.877816144156505,61.02545347586257,-1.0415650564254975e-07,2.2321955889026412e-05,3.1679873601041583e-09,3.657809397993154e-07,GOOD,0.332418674467662,0.35228740820875265
Russian River Upper,Vineyard,North Coast,10741.56722,1754.529636,9.603030678,2.243317817,0.1875,112.16589085,0.13322355658393814,0.06528673915935752,0.13,0.17,7370.795962,6213.04167,4349.368869,50,16736.179840094177,142.48074655493738,16736.179840094177,42.110416135,16694.0694239592,-4.88235294117647,0.7428028879370819,0.2571851869552211,0.8812187065803536,1.2588144824427798,9.048077579716393,0.0007161252668963599,10637.787533819072,10741.567229549388,24096.73774939037,-9.549386959406547e-06,0.011377738788723946,8.890124470502124e-10,4.7216903527930236e-07,GOOD,1.6946817290099252,1.1863425962541438
Salinas,Alfalfa,Central Coast,197.993401,175.0,3.5,3.906073496,0.306290873,195.30367479999998,0.13122437452970753,0.08146025298303902,1.86,0.17,739.7198673,484.1807412,381.4811931,50,416.53159546200004,2.976670319424986,416.53159546200004,58.952075005,357.579520457,-4.88235294117647,0.0027477374762763652,0.9972498997444884,0.004197928228613906,0.005328063445670506,1.1317593056288116,0.0027154157961161063,76986.83819826723,197.99341733591726,773.3765750439625,-1.6335917251808496e-05,0.00020098503739518492,8.250738241426791e-08,2.5987984592344214e-07,GOOD,1.939072961544676,1.5277763122781245
Salinas,Citrus & Subtropical,Central Coast,1749.722248,2635.287634,7.191094325,2.625655965,0.183365181,131.28279824999998,0.09485584338438294,0.7506750003126099,0.13,0.17,2549.235389,1743.692937,5418.931559,50,18818.632893692073,136.76078993498635,18818.632893692073,58.952075005,18759.6808186871,-4.88235294117647,0.5627028887276229,0.4372820742453062,0.7823580139211754,0.27810679748403344,6.40129862287109,0.004396302156585308,1947.2215725504711,1749.7222492942703,4594.167550812743,-1.2942703051521676e-06,0.0011067416662626783,7.397004333868238e-10,2.409014010495263e-07,GOOD,0.49423381869050864,1.3903572019867076
Salinas,Corn,Central Coast,1.71309198,73.0,23.1,2.274255141,0.234536008,113.71275705,1.320694044672553,0.03352518541352239,0.3,0.17,423.9938724,1022.014707,159.5840787,50,1571.7074819930003,14.01487660740552,1571.7074819930003,58.952075005,1512.755406988,-4.88235294117647,0.2001576789722707,0.79976016359016,0.08434821783461495,0.5294091297333634,16.85645299096288,1.9457993921221517,27.738930014790935,1.7130920254614053,3.8960140607911744,-4.546140530692355e-08,-5.818270305546491e-06,2.6537632443369183e-08,1.4933927095035724e-06,GOOD,2.644960375498291,0.4214088525991567
Salinas,Cucurbits,Central Coast,72.68695577,730.0,10.9,1.662176564,0.087908733,83.10882819999999,0.5954029958862788,4.8590594140887005,0.05,0.17,920.9338517,2396.72349,6846.813993,50,7872.9209112339995,90.13055861232974,7872.9209112339995,58.952075005,7813.968836229,-4.88235294117647,0.8878829837667068,0.11201750851062568,0.341166386343658,0.11942510684450758,10.660871059656879,0.27515253305263027,5.8534701415008146e-05,72.68695585147725,120.81853140582383,-8.147725338858436e-08,2.2983574723411948e-05,1.1209336328019995e-09,1.9023216127330758e-07,GOOD,0.13450545739469513,0.38424701518246485
Salinas,Dry Beans,Central Coast,80.95236037,2394.0,1.5,1.506154421,0.272510229,75.30772105,0.8579188204514863,0.04137219977784526,1.68,0.17,521.9411016,903.6303871,214.6292221,50,3514.8300679239996,44.899606797438516,3514.8300679239996,58.952075005,3455.877992919,-4.88235294117647,0.8632520082281063,0.1366031708496174,0.4865258320984575,2.215515001935249,1.461878229826111,0.007352943045977984,259192.73475823627,80.95236769896641,121.92674285947646,-7.328966418640448e-06,1.2602184227716862e-05,9.05343140724094e-08,1.033586449504068e-07,GOOD,2.5664753522934403,0.5635965250716192
Salinas,Grain,Central Coast,5006.391312,140.0,1.8,0.851962382,0.351483763,42.5981191,0.6729928083090427,0.036299510576689786,0.74,0.17,345.3012994,477.8051109,110.9675411,50,208.451082777,5.511044023690352,208.451082777,58.952075005,149.499007772,-4.88235294117647,0.912256170002491,0.0851254319972316,0.6592713931014069,2.8386971273969204,1.8358202893133886,0.0002699252349915694,143724.31541719305,5006.3970635264295,4265.2607362869385,-0.005751526429776277,-0.0036688913132820744,1.148836771107012e-06,8.601805835638196e-07,GOOD,3.1117324505343373,0.7226823065494933
Salinas,Lettuce,Central Coast,97956.61311,606.0,23.7,1.270016503,0.164570286,63.50082515,0.680529189238487,1.2720462492145637,0.25,0.17,2859.243032,5814.317411,7949.261967,50,14297.742410204999,212.20597539852076,14297.742410204999,58.952075005,14238.7903352,-4.88235294117647,0.985879566832946,0.014065809211774173,0.48481516791243123,0.3546076714010809,23.65279379223386,4.0834404875842483e-05,6386662.3499180125,97956.61345907481,124406.48552045025,-0.0003490748058538884,0.029707235895330086,3.5635654885484472e-09,2.387916407831257e-07,GOOD,0.35968660202607483,0.49175901826412594
Salinas,Onions & Garlic,Central Coast,1557.478879,631.0,33.1,1.590455311,0.178481578,79.52276555,0.8220938475297447,0.4158621200492846,0.41,0.17,887.6914461,1905.136225,1355.002253,50,20805.743260850002,247.54020658295724,20805.743260850002,58.952075005,20746.791185845,-4.88235294117647,0.9644488224663971,0.03552079250588921,0.4493814970300351,0.6318313983990175,32.88139216277194,0.0015660080037874482,1155861.6661307504,1557.4788845470493,2477.0999699088593,-5.5470493407483445e-06,0.0005849670169482124,3.561556702656476e-09,2.361498873337115e-07,GOOD,0.6551217479671209,0.46594644170006466
Salinas,Other Deciduous,Central Coast,296.9712025,2104.0,1.2,2.717713319,0.215021845,135.88566595,0.542542160251163,0.5586272122329681,0.13,0.17,2284.866179,4950.948854,6009.195442,50,2388.0111801839994,17.578713171192735,2388.0111801839994,58.952075005,2329.059105179,-4.88235294117647,0.11764967787644755,0.882316423110746,0.0740653856123339,0.07299128184998473,0.7830094638513334,0.025902537443197683,41.03472323886939,296.97120416107936,807.0823976899107,-1.6610793522886524e-06,0.00019470378538244404,5.59340211544132e-09,2.412439411002279e-07,GOOD,0.6204120841421951,0.6295417628777134
Salinas,Pasture,Central Coast,1068.227969,29.0,3.5,4.185193859,0.350906068,41.85193859,0.10289172336777223,0.06852420918280822,0.51,0.17,328.209843,177.7241242,145.0367898,10,58.952075005,2.2719478488792673,58.952075005,58.952075005,0.0,-4.88235294117647,0.0013042353465101528,0.9986881753895983,0.002408580602310354,0.002951408943948471,1.0023975828530907,0.0018355485632538145,26.90711850412851,1068.221833556038,4470.7063314974075,0.006135443961966303,0.034804373434781155,5.743571728148884e-06,7.784922539023659e-06,GOOD,2.262942000342034,1.8467377139832826
Salinas,Truck Crops,Central Coast,25440.51392,1890.3054,16.19311968,1.094970985,0.139554281,54.74854925,1.1244727167916924,1.262909809962677,0.362090938,0.17,7441.94487,27484.23099,27982.75263,50,30554.23751803527,523.3429564448272,30554.23751803527,58.952075005,30495.2854430303,-4.88235294117647,0.9971907438626537,0.0027826262321502333,0.3512977426451324,0.3314848252662452,16.189815571609003,0.00010855665778100316,17748882.561428055,25440.51398506326,27856.617928622254,-6.5063257352449e-05,0.006657266359979985,2.5574663136541305e-09,2.389832385992799e-07,GOOD,0.332418674467662,0.35228740820875265
Salinas,Vineyard,Central Coast,37720.10359,1593.541349,9.866655543,2.457170381,0.277321429,122.85851905,0.12968494119191362,0.08113329028028338,0.13,0.17,3571.632089,2442.416792,1931.85509,50,15599.44810077455,121.27276227379078,15599.44810077455,58.952075005,15540.4960257696,-4.88235294117647,0.6117453344284026,0.3882413464311948,0.8945767481649336,1.1310006021851169,8.93624894920582,0.00020393124515031834,34774.594283539685,37720.10362745394,92684.69886381312,-3.745393769349903e-05,0.022445786657044664,9.92943659450301e-10,2.421735356150858e-07,GOOD,1.8488095266666669,1.4623352199339625
San Diego,Alfalfa,South Coast,107.3808907,258.2619912,7.5,4.861060872,0.306290873,243.05304360000002,0.13122437452970753,0.08146025298303902,1.86,0.17,739.7198673,484.1807412,381.4811931,50,1693.2471606620002,7.569117686025576,1693.2471606620002,236.270696677,1456.976463985,-4.88235294117647,0.003082431269814356,0.9969169163367435,0.004709265478247753,0.0059770591311168395,2.3587606237099146,0.005006797811951382,170016.9084858984,107.38080872422435,521.984319286995,8.197577564317271e-05,0.0007268952837193865,7.634112094692535e-07,1.392559593489873e-06,GOOD,1.939072961544676,1.5277763122781245
San Diego,Citrus & Subtropical,South Coast,15015.51796,3026.035337,2.930409815,2.797830654,0.183365181,139.8915327,0.09485584338438294,0.7506750003126099,0.13,0.17,2549.235389,1743.692937,5418.931559,50,8726.945861723632,60.07535471658183,8726.945861723632,236.270696677,8490.67516504663,-4.88235294117647,0.2911344869227187,0.708848736730849,0.4047809306397069,0.14388850922431723,2.2834105417988906,0.0005122905325543423,7563.250611866801,15015.517901196785,42010.852194293824,5.880321441509295e-05,0.024239881720859557,3.916162903719969e-09,5.76990621912867e-07,GOOD,0.49423381869050864,1.3903572019867076
San Diego,Cucurbits,South Coast,10.92531371,1566.0,9.6,2.078707055,0.087908733,103.93535275,0.5954029958862788,4.8590594140887005,0.05,0.17,920.9338517,2396.72349,6846.813993,50,14928.694386683997,136.48187006529395,14928.694386683997,236.270696677,14692.423690007,-4.88235294117647,0.8012931401079972,0.19865950020405537,0.30789449737268254,0.1077783003174577,9.187306966563069,1.8306110497947432,1.6542849726521102e-05,10.925313704941509,22.710521135638484,5.058490515352787e-09,5.551426742300691e-06,4.6300643163433586e-10,2.444428884805435e-07,GOOD,0.13450545739469513,0.38424701518246485
San Diego,Grain,South Coast,917.2682179,200.0,1.5,1.255570104,0.351483763,62.7785052,0.6729928083090427,0.036299510576689786,0.74,0.17,345.3012994,477.8051109,110.9675411,50,236.27069667700005,4.483248220464557,236.27069667700005,236.270696677,0.0,-4.88235294117647,0.5529361290273456,0.44566339971644053,0.3995971571000303,1.7205892957672326,1.3947487960130274,0.0014732346820487733,61.76591765515093,917.2685098459069,1151.6941057911326,-0.0002919459069516961,0.0004459534650322894,3.1827757819853284e-07,3.8721505138385425e-07,GOOD,3.1117324505343373,0.7226823065494933
San Diego,Pasture,South Coast,976.6085396,2367.0,5.0,5.664931619,0.350906068,56.64931619,0.10289172336777223,0.06852420918280822,0.51,0.17,328.209843,177.7241242,145.0367898,10,11777.654697405,196.55365062824413,11777.654697405,236.270696677,11541.384000728,-4.88235294117647,0.041873305650337075,0.9581254675159432,0.07732901275362676,0.09475686204930718,2.613037198538336,0.0020077484828553613,809103.3159615498,976.6085080306274,5532.404771064265,3.1569372595185996e-05,0.015824301188331447,3.232551356566696e-08,2.8602852793924545e-06,GOOD,2.262942000342034,1.8467377139832826
San Diego,Tomato Processing,South Coast,543.5765933,97.0,54.6,2.605312983,0.124471553,130.26564915,2.283636824869254,0.28639447182202826,0.74,0.17,657.2463564,2815.18314,996.9547547,50,5165.087923642999,38.47090321616056,5165.087923642999,236.270696677,4928.817226966,-4.88235294117647,0.2699183646296432,0.730043908153245,0.06301645514705743,0.17794474729921353,41.96872105805918,0.002486036683712649,513288.7118160206,543.5765750336922,1416.1862965127464,1.8266307847625285e-05,0.0008592666545155225,3.3603926425036677e-08,6.067465384140021e-07,GOOD,0.6592539471827814,0.23346486717761028
San Diego,Truck Crops,South Coast,618.3148002,1343.711541,21.73061337,1.75058992,0.139554281,87.529496,1.1244727167916924,1.262909809962677,0.323923291,0.17,7441.94487,27484.23099,27982.75263,50,29111.190975612903,314.2816791529282,29111.190975612903,236.270696677,28874.9202789359,-4.88235294117647,0.9557404044859014,0.04423280736504027,0.3366953100167231,0.3177059583943904,21.543425758795063,0.0049928461263775694,263901.71752593684,618.3147996312782,1082.4150504104746,5.687218163075158e-07,0.0006062064594516414,9.197933093685565e-10,5.600496036303892e-07,GOOD,0.332418674467662,0.35228740820875265
San Diego,Vineyard,South Coast,324.5589359,2214.150684,6.880699574,2.882762464,0.302297005,144.1381232,0.1329510358537938,0.3058799853780738,0.13,0.17,2773.231975,2743.166444,4105.247296,50,15089.96068856461,100.10304606014567,15089.96068856461,236.270696677,14853.6899918876,-4.88235294117647,0.3732794594574715,0.6267080595366873,0.5628661765872336,0.3710867813231724,5.6341121360273405,0.02370080389552969,285.9916368383819,324.55893513345785,935.6257900093246,7.665421435376629e-07,0.0005277589773413638,2.361796452813866e-09,5.640702568095757e-07,GOOD,0.9941259073363267,1.5078948555200695
Scott River Valley,Alfalfa,North Coast,8938.152275,236.0,6.3,2.331077971,0.306290873,116.55389855,0.13122437452970753,0.08146025298303902,1.86,0.17,739.7198673,484.1807412,381.4811931,50,1369.581371712,12.079991215397628,1369.581371712,855.110416135,514.470955577,-4.88235294117647,0.15869036309510537,0.8412681146726796,0.24244337772351665,0.3077121923354259,4.394230372170038,6.0150508971067005e-05,4999060.342367151,8938.158786487205,20835.524064014262,-0.006511487204988953,0.005805681772471871,7.285048413419374e-07,2.786433466669772e-07,GOOD,1.939072961544676,1.5277763122781245
Scott River Valley,Dry Beans,North Coast,33.31078567,1748.0,2.2,2.18,0.272510229,109.00000000000001,0.8579188204514863,0.04137219977784526,1.68,0.17,521.9411016,903.6303871,214.6292221,50,3735.737788974,33.33699691888987,3735.737788974,855.110416135,2880.627372839,-4.88235294117647,0.4327514911631943,0.5671802023068971,0.24389723663913782,1.1106460357385706,1.8641851677990156,0.017869230138698653,88902.44468906462,33.31079040829035,72.61750879466177,-4.738290350303487e-06,3.965938233818633e-06,1.4224492923236075e-07,5.461407425083867e-08,GOOD,2.5664753522934403,0.5635965250716192
Scott River Valley,Grain,North Coast,2528.723281,281.0,4.4,1.227063393,0.351483763,61.35316965,0.6729928083090427,0.036299510576689786,0.74,0.17,345.3012994,477.8051109,110.9675411,50,1174.0960322270003,18.89966003150927,1174.0960322270003,855.110416135,318.985616092,-4.88235294117647,0.8753670213087402,0.1241862835269395,0.6326122580367598,2.72390796633399,4.326978924518959,0.0005344006445881064,154702.72673930583,2528.7262335451055,3102.9044097481205,-0.0029525451054723817,-0.0006406061684174347,1.1676030855795255e-06,2.0645376591700808e-07,GOOD,3.1117324505343373,0.7226823065494933
Scott River Valley,Other Deciduous,North Coast,3.81429559,728.0,2.6,2.875298636,0.215021845,143.7649318,0.542542160251163,0.5586272122329681,0.13,0.17,2284.866179,4950.948854,6009.195442,50,1748.1319143340002,12.460707269110777,1748.1319143340002,855.110416135,893.021498199,-4.88235294117647,0.06547866373388835,0.9344955645132204,0.04122155339790907,0.04062375423398763,1.5119914777600567,2.016704660350587,0.2021144597826466,3.814295623860452,10.967288467339692,-3.386045221986933e-08,-4.956011187573495e-05,8.877249133140552e-09,4.518923340228597e-06,GOOD,0.6204120841421951,0.6295417628777134
Scott River Valley,Pasture,North Coast,13197.86566,197.0,4.5,3.069359746,0.350906068,30.69359746,0.10289172336777223,0.06852420918280822,0.51,0.17,328.209843,177.7241242,145.0367898,10,855.110416135,26.897002455235135,855.110416135,855.110416135,0.0,-4.88235294117647,0.1045306465588598,0.8954271873375361,0.19304068726730322,0.23654679042095236,2.85433518597948,0.00014856828855806751,332.4351595545878,13197.856291171538,40508.773828499936,0.009368828461447265,0.2237614197874791,7.098745132587798e-07,5.523746157647702e-06,GOOD,2.262942000342034,1.8467377139832826
Scott River Valley,Truck Crops,North Coast,1.45959754,5809.0,4.2,1.856129243,0.139554281,92.80646215,1.1244727167916924,1.262909809962677,0.25,0.17,7441.94487,27484.23099,27982.75263,50,24304.038031185,247.81902826557018,24304.038031185,855.110416135,23448.92761505,-4.88235294117647,0.9274225986415786,0.07254626544865128,0.326719303589668,0.30829259091178807,4.138939913337993,2.740481461759657,156.71868339345295,1.4595975455488805,2.709285725377092,-5.548880466221817e-09,-8.404837222952821e-05,3.8016510128002936e-09,3.102329846571159e-05,GOOD,0.332418674467662,0.35228740820875265
Shasta Valley,Alfalfa,North Coast,3456.544286,236.0,6.3,2.331077971,0.306290873,116.55389855,0.13122437452970753,0.08146025298303902,1.86,0.17,739.7198673,484.1807412,381.4811931,50,1369.581371712,12.079991215397628,1369.581371712,855.110416135,514.470955577,-4.88235294117647,0.15869036309510542,0.8412681146726798,0.24244337772351673,0.307712192335426,4.394230372170038,0.00015554101556856213,1933226.5696691074,3456.5453667370743,8057.473301253174,-0.0010807370745169464,0.0009396273489983287,3.126640323673106e-07,1.166156193501707e-07,GOOD,1.939072961544676,1.5277763122781245
Shasta Valley,Corn,North Coast,145.3059177,68.0,18.6,2.492780338,0.234536008,124.63901690000002,1.320694044672553,0.03352518541352239,0.3,0.17,423.9938724,1022.014707,159.5840787,50,1139.2812221430002,9.596742807229711,1139.2812221430002,855.110416135,284.170806008,-4.88235294117647,0.0956381571700249,0.9043076898929566,0.04030276607771801,0.2529591361003936,11.749115907648589,0.022940107230975722,442.2766718937558,145.3059280710902,362.21562955380296,-1.0371090183980414e-05,0.00010508380330520595,7.137417627678913e-08,2.9011385551856654e-07,GOOD,2.644960375498291,0.4214088525991567
Shasta Valley,Grain,North Coast,8131.180593,281.0,4.4,1.227063393,0.351483763,61.35316965,0.6729928083090427,0.036299510576689786,0.74,0.17,345.3012994,477.8051109,110.9675411,50,1174.0960322270003,18.89966003150927,1174.0960322270003,855.110416135,318.985616092,-4.88235294117647,0.8753670213087402,0.1241862835269395,0.6326122580367598,2.72390796633399,4.326978924518959,0.00016619374467155576,497450.95432085975,8131.184664112896,9977.474882954983,-0.00407111289587192,-0.0008354126512131188,5.006791878877558e-07,8.372987463885201e-08,GOOD,3.1117324505343373,0.7226823065494933
Shasta Valley,Other Deciduous,North Coast,35.17068077,728.0,2.6,2.875298636,0.215021845,143.7649318,0.542542160251163,0.5586272122329681,0.13,0.17,2284.866179,4950.948854,6009.195442,50,1748.1319143340002,12.460707269110777,1748.1319143340002,855.110416135,893.021498199,-4.88235294117647,0.06547866373388836,0.9344955645132204,0.041221553397909075,0.04062375423398764,1.511991477760057,0.218713642269589,1.8636476844251235,35.17068088834075,101.12619576260751,-1.1834075053229753e-07,1.4682564923873542e-05,3.3647557551186277e-09,1.4519049867723447e-07,GOOD,0.6204120841421951,0.6295417628777134
Shasta Valley,Pasture,North Coast,38386.2456,197.0,4.5,3.069359746,0.350906068,30.69359746,0.10289172336777223,0.06852420918280822,0.51,0.17,328.209843,177.7241242,145.0367898,10,855.110416135,26.897002455235135,855.110416135,855.110416135,0.0,-4.88235294117647,0.10453064655885981,0.8954271873375359,0.19304068726730325,0.2365467904209524,2.85433518597948,5.108038785969447e-05,966.8940425279031,38386.240537498146,117820.93821427731,0.005062501855718438,0.2588304323144257,1.318832247485656e-07,2.1968070161110934e-06,GOOD,2.262942000342034,1.8467377139832826
Shasta Valley,Truck Crops,North Coast,107.1797968,5448.01081,5.029103863,1.856129243,0.139554281,92.80646215,1.1244727167916924,1.262909809962677,0.260528303,0.17,7441.94487,27484.23099,27982.75263,50,27304.850241421755,278.2995783950216,27304.850241421755,855.110416135,26449.7398252868,-4.88235294117647,0.934879421289704,0.06509264179846186,0.3293462483138484,0.3107713780122184,4.963696984749256,0.03581229555620812,15900.666563335448,107.17979695033111,198.93950229757252,-1.5033110400963778e-07,5.280170532273587e-05,1.402606727181608e-09,2.6541582088281017e-07,GOOD,0.332418674467662,0.35228740820875265
Shasta Valley,Vineyard,North Coast,3.75211621,1724.89191,9.969203427,2.243317817,0.1875,112.16589085,0.13322355658393814,0.06528673915935752,0.13,0.17,7370.795962,6213.04167,4349.368869,50,17083.17626050258,145.41509816441808,17083.17626050258,855.110416135,16228.0658443676,-4.88235294117647,0.7467037990533263,0.25328445670720195,0.8858465236017556,1.2654252852379708,9.402910837576645,2.0501251192077796,3.612140447594045,3.7521162130357206,8.417213125793433,-3.0357205638154028e-09,-2.39804459187809e-05,8.090689077605628e-10,2.848985035822293e-06,GOOD,1.6946817290099252,1.1863425962541438
Tulelake,Alfalfa,North Coast,14874.45803,251.354906,6.347984081,2.331077971,0.306290873,116.55389855,0.13122437452970753,0.08146025298303902,1.86,0.17,739.7198673,484.1807412,381.4811931,50,1478.3783136812513,12.963947432273255,1478.3783136812513,1056.816793227,421.561520454251,-4.88235294117647,0.1691616205575777,0.83079737401159,0.2584411168344474,0.32801672455427894,4.480700995253029,3.6144806588435445e-05,6817714.7674352545,14874.43807174886,34673.43979157392,0.01995825113954197,0.08165272313635796,1.3417800567448286e-06,2.354901369551775e-06,GOOD,1.939072961544676,1.5277763122781245
Tulelake,Grain,North Coast,15787.9891,254.3456275,4.4,1.227063393,0.351483763,61.35316965,0.6729928083090427,0.036299510576689786,0.74,0.17,345.3012994,477.8051109,110.9675411,50,1056.8167932270003,17.106924876337704,1056.8167932270003,1056.816793227,0.0,-4.88235294117647,0.8634288841481761,0.13608163339158386,0.6239847775376591,2.6867596775325326,4.319728080766643,8.559363341284238e-05,1063.1128558270093,15788.019027355234,19372.88096226627,-0.029927355233667186,-0.017488573255832307,1.89557739393595e-06,9.027355857630731e-07,GOOD,3.1117324505343373,0.7226823065494933
Tulelake,Lettuce,North Coast,379.0195663,3402.0,4.2,2.314196388,0.164570286,115.7098194,0.680529189238487,1.2720462492145637,0.25,0.17,2859.243032,5814.317411,7949.261967,50,14171.733415955003,116.64008260284022,14171.733415955003,1056.816793227,13114.916622728,-4.88235294117647,0.6706701680432221,0.3292923421918651,0.3298081034159713,0.24123107382372316,3.8765307983621344,0.010553544871174108,22761.175894915148,379.0195641353107,877.1249062588464,2.164689306027867e-06,0.0008050539400983325,5.7112864308289595e-09,9.178318794160249e-07,GOOD,0.35968660202607483,0.49175901826412594
Tulelake,Onions & Garlic,North Coast,1836.694853,209.021811,25.15430712,1.699157349,0.178481578,84.95786745000001,0.8220938475297447,0.4158621200492846,0.41,0.17,887.6914461,1905.136225,1355.002253,50,5172.006987622593,58.36717564972526,5172.006987622593,1056.816793227,4115.19019439559,-4.88235294117647,0.8205416868788789,0.17935432254834094,0.38232847926778224,0.5375547041879811,24.236999408662168,0.0013279420837163432,270380.1342878131,1836.6948292830953,3120.830566704147,2.3716904706816422e-05,0.002990641277847317,1.2912817100825415e-08,9.582828506852992e-07,GOOD,0.6551217479671209,0.46594644170006466
Tulelake,Pasture,North Coast,2116.81984,244.9575383,4.673759197,3.069359746,0.350906068,30.69359746,0.10289172336777223,0.06852420918280822,0.51,0.17,328.209843,177.7241242,145.0367898,10,1113.4829636391046,34.73619821900644,1113.4829636391046,1056.816793227,56.6661704121043,-4.88235294117647,0.13193636480511342,0.8680227595791707,0.24365186073145959,0.29856434128993975,3.1041657238422893,0.0009262877627438952,8663.656224690278,2116.8102130876223,6497.2208383011375,0.009626912377825647,0.060768129023017536,4.547818475579692e-06,9.352854424976314e-06,GOOD,2.262942000342034,1.8467377139832826
Tulelake,Potatoes,North Coast,4929.676369,215.6758334,23.14230555,2.70089927,0.150675135,135.0449635,1.4974640784942694,0.06026152289335652,0.41,0.17,793.9256634,2502.863999,502.0871398,50,4855.470103183696,35.01289330035467,4855.470103183696,1056.816793227,3798.6533099567,-4.88235294117647,0.21946614184610092,0.7805080817735229,0.06961616847167353,0.3470310004058451,17.059108082648358,0.0004947635925111786,669875.843193465,4929.67615268127,13314.545890068655,0.00021631873005389934,0.013416299694654299,4.388091912365847e-08,1.007641288453106e-06,GOOD,1.5812507454985842,0.31720687248646934
