g,i,hr,xland,p,y,xwater,omegaland,omegawater,omegasupply,omegalabor,theta,sigma,omegawater
1,Alfalfa,Sacramento River,218.8354054,187.2098036,5.87624882,3.537610105,310.085831,50,166.0095709,205.0405538,1.86,0.17,50
1,Almonds,Sacramento River,32.71585715,5165.974452,0.856578131,3.971676207,962.6735903,50,414.244587,1333.209787,0.4,0.17,50
1,Berries,Sacramento River,220.6292491,5388.84825,4.3725,3.453441036,1065.939344,50,9818.188327,9126.397598,0.25,0.17,50
1,Cucurbits,Sacramento River,17.42837714,161.7514,13.41,1.97136542,101.6320487,50,1417.709564,496.0756788,0.05,0.17,50
1,Field and Grain,Sacramento River,3219.912649,173.2298426,2.485487486,1.383894155,81.51658446,50,48.80951363,209.6822022,0.74,0.17,50
1,Grapes,Sacramento River,38.6108022,730.6198686,7.837965954,2.661751325,3325.975697,50,1208.721228,1105.151244,0.13,0.17,50
1,Orchards,Sacramento River,484.809818,2061.666385,2.066393172,3.327741402,607.0648734,50,1472.781853,1550.82325,0.13,0.17,50
1,Pasture,Sacramento River,10143.3774,173.2298426,2.485487486,3.965593094,81.51658446,50,48.80951363,209.6822022,0.74,0.17,50
1,Pistachios,Sacramento River,7.841825166,3834.493456,1.253131426,3.663925668,1252.751973,50,250.122497,1240.024825,0.4,0.17,50
1,Subtropical,Sacramento River,693.0795889,942.1801854,4.535541375,2.972946835,863.7792973,50,1846.907779,684.4007169,0.13,0.17,50
1,Truck,Sacramento River,39.18946079,750.0942005,17.60330131,2.662234731,736.5300735,50,4084.707976,3313.645347,0.41,0.17,50
1,Walnuts,Sacramento River,2185.280515,1949.323208,2.037882063,4.942462794,1016.733954,50,356.2595846,1085.072261,0.13,0.17,50
10,Alfalfa,San Joaquin River,37418.86257,205.8588937,7.063149253,4.134965358,409.846448,50,219.4180648,271.0060707,1.86,0.17,50
10,Almonds,San Joaquin River,100217.7711,5157.824281,1.067695081,4.125499535,1198.04631,50,515.5269696,1659.178231,0.4,0.17,50
10,Beans Dry,San Joaquin River,7330.340145,1415.3103,1.200351344,2.212101358,144.6880326,50,120.7038647,856.238012,1.68,0.17,50
10,Corn,San Joaquin River,33495.4245,44.88630607,26.76544219,2.415829265,105.8936729,50,105.1073939,671.1863659,0.3,0.17,50
10,Cotton,San Joaquin River,56278.45394,2462.1839,0.78,3.634047537,285.2698798,50,150.2373098,855.0856041,0.68,0.17,50
10,Cucurbits,San Joaquin River,7387.484592,252.19315,13.35,2.299627126,157.7496505,50,2200.518352,769.9910214,0.05,0.17,50
10,Field and Grain,San Joaquin River,35945.29395,187.333843,2.812754652,0.483631303,99.76076638,50,59.73354402,256.6110606,0.74,0.17,50
10,Grapes,San Joaquin River,4908.059924,447.1747228,10.57632504,3.098484515,1478.428428,50,1571.365603,1181.295692,0.13,0.17,50
10,Lettuce,San Joaquin River,778.8146205,479.2433265,17.02508876,3.326092372,706.2286879,50,4351.417982,3035.988095,0.25,0.17,50
10,Onions and Garlic,San Joaquin River,2073.989844,248.2454,30.0225,1.480822037,1196.627996,50,2086.336507,3108.934795,0.41,0.17,50
10,Orchards,San Joaquin River,10479.36517,3117.281059,2.261810582,3.445837194,1004.69895,50,2437.46994,2566.6293,0.13,0.17,50
10,Pasture,San Joaquin River,15475.32521,187.333843,2.812754652,4.600187047,99.76076638,50,59.73354402,256.6110606,0.74,0.17,50
10,Pistachios,San Joaquin River,20146.66039,4636.170568,1.382293453,3.805829794,1670.783317,50,333.5859804,1653.809241,0.4,0.17,50
10,Potatoes,San Joaquin River,714.5510225,960.1331262,14.27542043,3.305132031,1399.755757,50,1460.614703,8489.822961,0.41,0.17,50
10,Rice,San Joaquin River,1892.744493,356.2897,4.3575,4.833919598,193.7346724,50,110.9689819,890.6135194,0.2,0.17,50
10,Safflower,San Joaquin River,90.20422473,447.9696,1.4025,2.40565496,122.8862062,50,70.96245709,266.541912,0.74,0.17,50
10,Subtropical,San Joaquin River,1704.281493,826.2221391,4.405931004,3.247465856,735.8244443,50,1573.318433,583.0178829,0.13,0.17,50
10,Tomatoes,San Joaquin River,37388.86291,395.6381338,28.03035237,2.379660861,291.4439575,50,4554.566446,2199.660588,0.973286429,0.17,50
10,Truck,San Joaquin River,2211.434604,548.8387,13.5325,2.667732673,393.2180654,50,2180.74051,1769.086233,0.41,0.17,50
10,Walnuts,San Joaquin River,11490.16867,2092.008952,1.920558157,4.952669773,1028.336919,50,360.3252181,1097.455103,0.13,0.17,50
11,Alfalfa,San Joaquin River,5239.502225,205.8588937,7.063149253,4.134965358,409.846448,50,219.4180648,271.0060707,1.86,0.17,50
11,Almonds,San Joaquin River,117692.653,5157.824281,1.067695081,4.125499535,1198.04631,50,515.5269696,1659.178231,0.4,0.17,50
11,Beans Dry,San Joaquin River,422.2532085,1415.3103,1.200351344,2.212101358,144.6880326,50,120.7038647,856.238012,1.68,0.17,50
11,Berries,San Joaquin River,74.76634867,5010.1193,4.8075,3.460572945,1089.617527,50,10036.28409,9329.126312,0.25,0.17,50
11,Corn,San Joaquin River,21503.32131,44.88630607,26.76544219,2.415829265,105.8936729,50,105.1073939,671.1863659,0.3,0.17,50
11,Cucurbits,San Joaquin River,1179.626916,252.19315,13.35,2.299627126,157.7496505,50,2200.518352,769.9910214,0.05,0.17,50
11,Field and Grain,San Joaquin River,5380.726305,187.333843,2.812754652,0.483631303,99.76076638,50,59.73354402,256.6110606,0.74,0.17,50
11,Grapes,San Joaquin River,8159.822739,447.1747228,10.57632504,3.098484515,1478.428428,50,1571.365603,1181.295692,0.13,0.17,50
11,Lettuce,San Joaquin River,2.85248003,479.2433265,17.02508876,3.326092372,706.2286879,50,4351.417982,3035.988095,0.25,0.17,50
11,Onions and Garlic,San Joaquin River,171.6374832,248.2454,30.0225,1.480822037,1196.627996,50,2086.336507,3108.934795,0.41,0.17,50
11,Orchards,San Joaquin River,3827.164118,3117.281059,2.261810582,3.445837194,1004.69895,50,2437.46994,2566.6293,0.13,0.17,50
11,Pasture,San Joaquin River,23071.12955,187.333843,2.812754652,4.600187047,99.76076638,50,59.73354402,256.6110606,0.74,0.17,50
11,Pistachios,San Joaquin River,232.7180132,4636.170568,1.382293453,3.805829794,1670.783317,50,333.5859804,1653.809241,0.4,0.17,50
11,Potatoes,San Joaquin River,780.6514587,960.1331262,14.27542043,3.305132031,1399.755757,50,1460.614703,8489.822961,0.41,0.17,50
11,Rice,San Joaquin River,351.5468328,356.2897,4.3575,4.833919598,193.7346724,50,110.9689819,890.6135194,0.2,0.17,50
11,Safflower,San Joaquin River,6.30571216,447.9696,1.4025,2.40565496,122.8862062,50,70.96245709,266.541912,0.74,0.17,50
11,Subtropical,San Joaquin River,286.7821556,826.2221391,4.405931004,3.247465856,735.8244443,50,1573.318433,583.0178829,0.13,0.17,50
11,Truck,San Joaquin River,1929.470914,548.8387,13.5325,2.667732673,393.2180654,50,2180.74051,1769.086233,0.41,0.17,50
11,Walnuts,San Joaquin River,25623.24038,2092.008952,1.920558157,4.952669773,1028.336919,50,360.3252181,1097.455103,0.13,0.17,50
12,Alfalfa,San Joaquin River,10092.25907,205.8588937,7.063149253,4.134965358,409.846448,50,219.4180648,271.0060707,1.86,0.17,50
12,Almonds,San Joaquin River,117068.3818,5157.824281,1.067695081,4.125499535,1198.04631,50,515.5269696,1659.178231,0.4,0.17,50
12,Beans Dry,San Joaquin River,393.2915124,1415.3103,1.200351344,2.212101358,144.6880326,50,120.7038647,856.238012,1.68,0.17,50
12,Berries,San Joaquin River,197.6429401,5010.1193,4.8075,3.460572945,1089.617527,50,10036.28409,9329.126312,0.25,0.17,50
12,Corn,San Joaquin River,52729.48862,44.88630607,26.76544219,2.415829265,105.8936729,50,105.1073939,671.1863659,0.3,0.17,50
12,Cucurbits,San Joaquin River,485.2556058,252.19315,13.35,2.299627126,157.7496505,50,2200.518352,769.9910214,0.05,0.17,50
12,Field and Grain,San Joaquin River,3979.009651,187.333843,2.812754652,0.483631303,99.76076638,50,59.73354402,256.6110606,0.74,0.17,50
12,Grapes,San Joaquin River,8580.61997,447.1747228,10.57632504,3.098484515,1478.428428,50,1571.365603,1181.295692,0.13,0.17,50
12,Orchards,San Joaquin River,5404.046108,3117.281059,2.261810582,3.445837194,1004.69895,50,2437.46994,2566.6293,0.13,0.17,50
12,Pasture,San Joaquin River,9887.190142,187.333843,2.812754652,4.600187047,99.76076638,50,59.73354402,256.6110606,0.74,0.17,50
12,Pistachios,San Joaquin River,318.6936471,4636.170568,1.382293453,3.805829794,1670.783317,50,333.5859804,1653.809241,0.4,0.17,50
12,Potatoes,San Joaquin River,3763.01473,960.1331262,14.27542043,3.305132031,1399.755757,50,1460.614703,8489.822961,0.41,0.17,50
12,Safflower,San Joaquin River,293.0658075,447.9696,1.4025,2.40565496,122.8862062,50,70.96245709,266.541912,0.74,0.17,50
12,Subtropical,San Joaquin River,218.0057352,826.2221391,4.405931004,3.247465856,735.8244443,50,1573.318433,583.0178829,0.13,0.17,50
12,Truck,San Joaquin River,239.2525348,548.8387,13.5325,2.667732673,393.2180654,50,2180.74051,1769.086233,0.41,0.17,50
12,Walnuts,San Joaquin River,8540.768872,2092.008952,1.920558157,4.952669773,1028.336919,50,360.3252181,1097.455103,0.13,0.17,50
13,Alfalfa,San Joaquin River,36719.39993,205.8588937,7.063149253,4.134965358,409.846448,50,219.4180648,271.0060707,1.86,0.17,50
13,Almonds,San Joaquin River,247944.9751,5157.824281,1.067695081,4.125499535,1198.04631,50,515.5269696,1659.178231,0.4,0.17,50
13,Beans Dry,San Joaquin River,454.4272786,1415.3103,1.200351344,2.212101358,144.6880326,50,120.7038647,856.238012,1.68,0.17,50
13,Berries,San Joaquin River,232.5986876,5010.1193,4.8075,3.460572945,1089.617527,50,10036.28409,9329.126312,0.25,0.17,50
13,Corn,San Joaquin River,68254.51047,44.88630607,26.76544219,2.415829265,105.8936729,50,105.1073939,671.1863659,0.3,0.17,50
13,Cotton,San Joaquin River,9953.337568,2462.1839,0.78,3.634047537,285.2698798,50,150.2373098,855.0856041,0.68,0.17,50
13,Cucurbits,San Joaquin River,381.5091794,252.19315,13.35,2.299627126,157.7496505,50,2200.518352,769.9910214,0.05,0.17,50
13,Field and Grain,San Joaquin River,29481.60877,187.333843,2.812754652,0.483631303,99.76076638,50,59.73354402,256.6110606,0.74,0.17,50
13,Grapes,San Joaquin River,73566.55637,447.1747228,10.57632504,3.098484515,1478.428428,50,1571.365603,1181.295692,0.13,0.17,50
13,Onions and Garlic,San Joaquin River,685.1750378,248.2454,30.0225,1.480822037,1196.627996,50,2086.336507,3108.934795,0.41,0.17,50
13,Orchards,San Joaquin River,15993.26345,3117.281059,2.261810582,3.445837194,1004.69895,50,2437.46994,2566.6293,0.13,0.17,50
13,Pasture,San Joaquin River,17083.86758,187.333843,2.812754652,4.600187047,99.76076638,50,59.73354402,256.6110606,0.74,0.17,50
13,Pistachios,San Joaquin River,69326.68265,4636.170568,1.382293453,3.805829794,1670.783317,50,333.5859804,1653.809241,0.4,0.17,50
13,Potatoes,San Joaquin River,12938.74405,960.1331262,14.27542043,3.305132031,1399.755757,50,1460.614703,8489.822961,0.41,0.17,50
13,Rice,San Joaquin River,1085.172573,356.2897,4.3575,4.833919598,193.7346724,50,110.9689819,890.6135194,0.2,0.17,50
13,Safflower,San Joaquin River,55.10942187,447.9696,1.4025,2.40565496,122.8862062,50,70.96245709,266.541912,0.74,0.17,50
13,Subtropical,San Joaquin River,7801.771135,826.2221391,4.405931004,3.247465856,735.8244443,50,1573.318433,583.0178829,0.13,0.17,50
13,Tomatoes,San Joaquin River,12168.77935,395.6381338,28.03035237,2.379660861,291.4439575,50,4554.566446,2199.660588,0.973286429,0.17,50
13,Truck,San Joaquin River,1569.331034,548.8387,13.5325,2.667732673,393.2180654,50,2180.74051,1769.086233,0.41,0.17,50
13,Walnuts,San Joaquin River,8555.769072,2092.008952,1.920558157,4.952669773,1028.336919,50,360.3252181,1097.455103,0.13,0.17,50
14,Alfalfa,Tulare Lake,3768.866029,199.736451,8.253403631,4.524530937,464.6688622,50,248.7681497,307.2567376,1.86,0.17,50
14,Almonds,Tulare Lake,101460.1773,5115.183836,1.143761761,4.141037405,1272.789667,50,547.6895131,1762.69055,0.4,0.17,50
14,Beans Dry,Tulare Lake,8765.374646,989.2558964,1.380612025,1.919782133,116.3195893,50,97.0379078,688.3586163,1.68,0.17,50
14,Berries,Tulare Lake,164.466173,6318.852028,4.903289478,2.39378705,1401.62695,50,12910.1505,12000.49974,0.25,0.17,50
14,Corn,Tulare Lake,5650.568712,50.43552386,24.76768296,2.280437339,110.1041373,50,109.2865949,697.8735724,0.3,0.17,50
14,Cotton,Tulare Lake,42787.83393,2858.852174,0.790424805,3.749301711,335.6549753,50,176.7726076,1006.11301,0.68,0.17,50
14,Cucurbits,Tulare Lake,14628.32249,365.85,17.8725,2.442132231,306.3671659,50,4273.648587,1495.407224,0.05,0.17,50
14,Field and Grain,Tulare Lake,68296.34349,223.9885825,2.362115684,0.732562279,100.1702431,50,59.97872552,257.6643428,0.74,0.17,50
14,Grapes,Tulare Lake,19109.96245,1508.011287,11.85419447,4.00891598,2364.126279,50,7770.695391,5397.648302,0.13,0.17,50
14,Lettuce,Tulare Lake,8282.261381,479.2433265,17.02508876,2.300762612,706.2286879,50,4351.417982,3035.988095,0.25,0.17,50
14,Onions and Garlic,Tulare Lake,25454.12453,426.9855608,22.97465084,1.253629891,1575.045865,50,2746.112992,4092.094542,0.41,0.17,50
14,Orchards,Tulare Lake,6411.553084,1503.259449,11.50880315,3.502172688,2465.289127,50,5980.963891,6297.889837,0.13,0.17,50
14,Pasture,Tulare Lake,1021.397942,223.9885825,2.362115684,4.768194291,100.1702431,50,59.97872552,257.6643428,0.74,0.17,50
14,Pistachios,Tulare Lake,90860.51559,4379.7619,1.466522812,3.820163692,1674.55647,50,334.3393222,1657.544061,0.4,0.17,50
14,Potatoes,Tulare Lake,251.7669447,316.2258,23.4875,1.233512156,758.5181794,50,791.4972307,4600.577654,0.41,0.17,50
14,Subtropical,Tulare Lake,4565.094868,654.5088042,14.79755688,3.608433712,1957.695769,50,4185.888173,1551.146678,0.13,0.17,50
14,Tomatoes,Tulare Lake,63363.65349,230.9595433,32.87764995,2.220206136,240.7834131,50,2570.781849,1711.860449,0.935120824,0.17,50
14,Truck,Tulare Lake,5108.895454,923.9057691,21.11899335,1.84535452,1033.026808,50,5729.043516,4647.582765,0.41,0.17,50
14,Walnuts,Tulare Lake,513.9410645,2131.866347,1.870657994,3.425917313,1020.701599,50,357.6498318,1089.306585,0.13,0.17,50
15,Alfalfa,Tulare Lake,37949.49526,199.736451,8.253403631,4.524530937,464.6688622,50,248.7681497,307.2567376,1.86,0.17,50
15,Almonds,Tulare Lake,99517.83192,5115.183836,1.143761761,4.141037405,1272.789667,50,547.6895131,1762.69055,0.4,0.17,50
15,Beans Dry,Tulare Lake,805.3403083,989.2558964,1.380612025,1.919782133,116.3195893,50,97.0379078,688.3586163,1.68,0.17,50
15,Berries,Tulare Lake,33.18934584,6318.852028,4.903289478,2.39378705,1401.62695,50,12910.1505,12000.49974,0.25,0.17,50
15,Corn,Tulare Lake,70770.62237,50.43552386,24.76768296,2.280437339,110.1041373,50,109.2865949,697.8735724,0.3,0.17,50
15,Cotton,Tulare Lake,95545.06362,2858.852174,0.790424805,3.749301711,335.6549753,50,176.7726076,1006.11301,0.68,0.17,50
15,Cucurbits,Tulare Lake,746.6842079,365.85,17.8725,2.442132231,306.3671659,50,4273.648587,1495.407224,0.05,0.17,50
15,Field and Grain,Tulare Lake,32034.08983,223.9885825,2.362115684,0.732562279,100.1702431,50,59.97872552,257.6643428,0.74,0.17,50
15,Grapes,Tulare Lake,54464.91898,1508.011287,11.85419447,4.00891598,2364.126279,50,7770.695391,5397.648302,0.13,0.17,50
15,Lettuce,Tulare Lake,19.64172298,479.2433265,17.02508876,2.300762612,706.2286879,50,4351.417982,3035.988095,0.25,0.17,50
15,Onions and Garlic,Tulare Lake,5000.73711,426.9855608,22.97465084,1.253629891,1575.045865,50,2746.112992,4092.094542,0.41,0.17,50
15,Orchards,Tulare Lake,19537.02272,1503.259449,11.50880315,3.502172688,2465.289127,50,5980.963891,6297.889837,0.13,0.17,50
15,Pasture,Tulare Lake,6317.467262,223.9885825,2.362115684,4.768194291,100.1702431,50,59.97872552,257.6643428,0.74,0.17,50
15,Pistachios,Tulare Lake,66888.30312,4379.7619,1.466522812,3.820163692,1674.55647,50,334.3393222,1657.544061,0.4,0.17,50
15,Potatoes,Tulare Lake,21.44721467,316.2258,23.4875,1.233512156,758.5181794,50,791.4972307,4600.577654,0.41,0.17,50
15,Safflower,Tulare Lake,28254.60058,447.9696,1.4025,2.392307778,122.8862062,50,70.96245709,266.541912,0.74,0.17,50
15,Subtropical,Tulare Lake,1240.848025,654.5088042,14.79755688,3.608433712,1957.695769,50,4185.888173,1551.146678,0.13,0.17,50
15,Tomatoes,Tulare Lake,25854.41845,230.9595433,32.87764995,2.220206136,240.7834131,50,2570.781849,1711.860449,0.935120824,0.17,50
15,Truck,Tulare Lake,1289.016998,923.9057691,21.11899335,1.84535452,1033.026808,50,5729.043516,4647.582765,0.41,0.17,50
15,Walnuts,Tulare Lake,21772.91403,2131.866347,1.870657994,3.425917313,1020.701599,50,357.6498318,1089.306585,0.13,0.17,50
16,Alfalfa,Tulare Lake,2466.454089,199.736451,8.253403631,4.524530937,464.6688622,50,248.7681497,307.2567376,1.86,0.17,50
16,Almonds,Tulare Lake,46803.97708,5115.183836,1.143761761,4.141037405,1272.789667,50,547.6895131,1762.69055,0.4,0.17,50
16,Beans Dry,Tulare Lake,91.6001467,989.2558964,1.380612025,1.919782133,116.3195893,50,97.0379078,688.3586163,1.68,0.17,50
16,Berries,Tulare Lake,249.3732739,6318.852028,4.903289478,2.39378705,1401.62695,50,12910.1505,12000.49974,0.25,0.17,50
16,Corn,Tulare Lake,3052.982049,50.43552386,24.76768296,2.280437339,110.1041373,50,109.2865949,697.8735724,0.3,0.17,50
16,Cotton,Tulare Lake,889.9776911,2858.852174,0.790424805,3.749301711,335.6549753,50,176.7726076,1006.11301,0.68,0.17,50
16,Cucurbits,Tulare Lake,209.5085738,365.85,17.8725,2.442132231,306.3671659,50,4273.648587,1495.407224,0.05,0.17,50
16,Field and Grain,Tulare Lake,3602.540471,223.9885825,2.362115684,0.732562279,100.1702431,50,59.97872552,257.6643428,0.74,0.17,50
16,Grapes,Tulare Lake,41023.70268,1508.011287,11.85419447,4.00891598,2364.126279,50,7770.695391,5397.648302,0.13,0.17,50
16,Lettuce,Tulare Lake,82.58610222,479.2433265,17.02508876,2.300762612,706.2286879,50,4351.417982,3035.988095,0.25,0.17,50
16,Onions and Garlic,Tulare Lake,42.64021801,426.9855608,22.97465084,1.253629891,1575.045865,50,2746.112992,4092.094542,0.41,0.17,50
16,Orchards,Tulare Lake,5313.305722,1503.259449,11.50880315,3.502172688,2465.289127,50,5980.963891,6297.889837,0.13,0.17,50
16,Pasture,Tulare Lake,2943.60105,223.9885825,2.362115684,4.768194291,100.1702431,50,59.97872552,257.6643428,0.74,0.17,50
16,Pistachios,Tulare Lake,1164.734089,4379.7619,1.466522812,3.820163692,1674.55647,50,334.3393222,1657.544061,0.4,0.17,50
16,Safflower,Tulare Lake,11.31471358,447.9696,1.4025,2.392307778,122.8862062,50,70.96245709,266.541912,0.74,0.17,50
16,Subtropical,Tulare Lake,15228.57499,654.5088042,14.79755688,3.608433712,1957.695769,50,4185.888173,1551.146678,0.13,0.17,50
16,Tomatoes,Tulare Lake,319.050942,230.9595433,32.87764995,2.220206136,240.7834131,50,2570.781849,1711.860449,0.935120824,0.17,50
16,Truck,Tulare Lake,4343.275908,923.9057691,21.11899335,1.84535452,1033.026808,50,5729.043516,4647.582765,0.41,0.17,50
16,Walnuts,Tulare Lake,1390.367178,2131.866347,1.870657994,3.425917313,1020.701599,50,357.6498318,1089.306585,0.13,0.17,50
17,Alfalfa,Tulare Lake,4847.141477,199.736451,8.253403631,4.524530937,464.6688622,50,248.7681497,307.2567376,1.86,0.17,50
17,Almonds,Tulare Lake,33045.9966,5115.183836,1.143761761,4.141037405,1272.789667,50,547.6895131,1762.69055,0.4,0.17,50
17,Beans Dry,Tulare Lake,53.77919298,989.2558964,1.380612025,1.919782133,116.3195893,50,97.0379078,688.3586163,1.68,0.17,50
17,Berries,Tulare Lake,1815.355668,6318.852028,4.903289478,2.39378705,1401.62695,50,12910.1505,12000.49974,0.25,0.17,50
17,Corn,Tulare Lake,11256.28657,50.43552386,24.76768296,2.280437339,110.1041373,50,109.2865949,697.8735724,0.3,0.17,50
17,Cotton,Tulare Lake,186.8571123,2858.852174,0.790424805,3.749301711,335.6549753,50,176.7726076,1006.11301,0.68,0.17,50
17,Cucurbits,Tulare Lake,441.0893964,365.85,17.8725,2.442132231,306.3671659,50,4273.648587,1495.407224,0.05,0.17,50
17,Field and Grain,Tulare Lake,5019.079689,223.9885825,2.362115684,0.732562279,100.1702431,50,59.97872552,257.6643428,0.74,0.17,50
17,Grapes,Tulare Lake,63871.25966,1508.011287,11.85419447,4.00891598,2364.126279,50,7770.695391,5397.648302,0.13,0.17,50
17,Lettuce,Tulare Lake,2.07427826,479.2433265,17.02508876,2.300762612,706.2286879,50,4351.417982,3035.988095,0.25,0.17,50
17,Onions and Garlic,Tulare Lake,33.51575746,426.9855608,22.97465084,1.253629891,1575.045865,50,2746.112992,4092.094542,0.41,0.17,50
17,Orchards,Tulare Lake,55538.02191,1503.259449,11.50880315,3.502172688,2465.289127,50,5980.963891,6297.889837,0.13,0.17,50
17,Pasture,Tulare Lake,4702.077441,223.9885825,2.362115684,4.768194291,100.1702431,50,59.97872552,257.6643428,0.74,0.17,50
17,Pistachios,Tulare Lake,1711.931043,4379.7619,1.466522812,3.820163692,1674.55647,50,334.3393222,1657.544061,0.4,0.17,50
17,Subtropical,Tulare Lake,59539.13598,654.5088042,14.79755688,3.608433712,1957.695769,50,4185.888173,1551.146678,0.13,0.17,50
17,Tomatoes,Tulare Lake,162.2701745,230.9595433,32.87764995,2.220206136,240.7834131,50,2570.781849,1711.860449,0.935120824,0.17,50
17,Truck,Tulare Lake,2609.469788,923.9057691,21.11899335,1.84535452,1033.026808,50,5729.043516,4647.582765,0.41,0.17,50
17,Walnuts,Tulare Lake,5385.165444,2131.866347,1.870657994,3.425917313,1020.701599,50,357.6498318,1089.306585,0.13,0.17,50
18,Alfalfa,Tulare Lake,41405.01748,199.736451,8.253403631,4.524530937,464.6688622,50,248.7681497,307.2567376,1.86,0.17,50
18,Almonds,Tulare Lake,74132.22675,5115.183836,1.143761761,4.141037405,1272.789667,50,547.6895131,1762.69055,0.4,0.17,50
18,Beans Dry,Tulare Lake,910.5068121,989.2558964,1.380612025,1.919782133,116.3195893,50,97.0379078,688.3586163,1.68,0.17,50
18,Berries,Tulare Lake,1574.376586,6318.852028,4.903289478,2.39378705,1401.62695,50,12910.1505,12000.49974,0.25,0.17,50
18,Corn,Tulare Lake,131867.0385,50.43552386,24.76768296,2.280437339,110.1041373,50,109.2865949,697.8735724,0.3,0.17,50
18,Cotton,Tulare Lake,17969.94274,2858.852174,0.790424805,3.749301711,335.6549753,50,176.7726076,1006.11301,0.68,0.17,50
18,Cucurbits,Tulare Lake,35.30720929,365.85,17.8725,2.442132231,306.3671659,50,4273.648587,1495.407224,0.05,0.17,50
18,Field and Grain,Tulare Lake,39430.43577,223.9885825,2.362115684,0.732562279,100.1702431,50,59.97872552,257.6643428,0.74,0.17,50
18,Grapes,Tulare Lake,45041.01532,1508.011287,11.85419447,4.00891598,2364.126279,50,7770.695391,5397.648302,0.13,0.17,50
18,Lettuce,Tulare Lake,403.3620594,479.2433265,17.02508876,2.300762612,706.2286879,50,4351.417982,3035.988095,0.25,0.17,50
18,Orchards,Tulare Lake,15128.64924,1503.259449,11.50880315,3.502172688,2465.289127,50,5980.963891,6297.889837,0.13,0.17,50
18,Pasture,Tulare Lake,3371.268029,223.9885825,2.362115684,4.768194291,100.1702431,50,59.97872552,257.6643428,0.74,0.17,50
18,Pistachios,Tulare Lake,66537.59063,4379.7619,1.466522812,3.820163692,1674.55647,50,334.3393222,1657.544061,0.4,0.17,50
18,Potatoes,Tulare Lake,382.9543082,316.2258,23.4875,1.233512156,758.5181794,50,791.4972307,4600.577654,0.41,0.17,50
18,Subtropical,Tulare Lake,102923.7726,654.5088042,14.79755688,3.608433712,1957.695769,50,4185.888173,1551.146678,0.13,0.17,50
18,Tomatoes,Tulare Lake,434.4070189,230.9595433,32.87764995,2.220206136,240.7834131,50,2570.781849,1711.860449,0.935120824,0.17,50
18,Truck,Tulare Lake,386.8312028,923.9057691,21.11899335,1.84535452,1033.026808,50,5729.043516,4647.582765,0.41,0.17,50
18,Walnuts,Tulare Lake,43377.60831,2131.866347,1.870657994,3.425917313,1020.701599,50,357.6498318,1089.306585,0.13,0.17,50
19,Alfalfa,Tulare Lake,15098.39435,199.736451,8.253403631,4.524530937,464.6688622,50,248.7681497,307.2567376,1.86,0.17,50
19,Almonds,Tulare Lake,80203.69359,5115.183836,1.143761761,4.141037405,1272.789667,50,547.6895131,1762.69055,0.4,0.17,50
19,Beans Dry,Tulare Lake,76.39036342,989.2558964,1.380612025,1.919782133,116.3195893,50,97.0379078,688.3586163,1.68,0.17,50
19,Corn,Tulare Lake,11264.00406,50.43552386,24.76768296,2.280437339,110.1041373,50,109.2865949,697.8735724,0.3,0.17,50
19,Cotton,Tulare Lake,9573.783379,2858.852174,0.790424805,3.749301711,335.6549753,50,176.7726076,1006.11301,0.68,0.17,50
19,Cucurbits,Tulare Lake,174.7500419,365.85,17.8725,2.442132231,306.3671659,50,4273.648587,1495.407224,0.05,0.17,50
19,Field and Grain,Tulare Lake,18078.18202,223.9885825,2.362115684,0.732562279,100.1702431,50,59.97872552,257.6643428,0.74,0.17,50
19,Grapes,Tulare Lake,11060.20714,1508.011287,11.85419447,4.00891598,2364.126279,50,7770.695391,5397.648302,0.13,0.17,50
19,Lettuce,Tulare Lake,134.1802536,479.2433265,17.02508876,2.300762612,706.2286879,50,4351.417982,3035.988095,0.25,0.17,50
19,Onions and Garlic,Tulare Lake,679.2365772,426.9855608,22.97465084,1.253629891,1575.045865,50,2746.112992,4092.094542,0.41,0.17,50
19,Orchards,Tulare Lake,8749.001214,1503.259449,11.50880315,3.502172688,2465.289127,50,5980.963891,6297.889837,0.13,0.17,50
19,Pasture,Tulare Lake,222.921511,223.9885825,2.362115684,4.768194291,100.1702431,50,59.97872552,257.6643428,0.74,0.17,50
19,Pistachios,Tulare Lake,91828.08776,4379.7619,1.466522812,3.820163692,1674.55647,50,334.3393222,1657.544061,0.4,0.17,50
19,Potatoes,Tulare Lake,337.8563631,316.2258,23.4875,1.233512156,758.5181794,50,791.4972307,4600.577654,0.41,0.17,50
19,Subtropical,Tulare Lake,3827.779258,654.5088042,14.79755688,3.608433712,1957.695769,50,4185.888173,1551.146678,0.13,0.17,50
19,Tomatoes,Tulare Lake,907.769775,230.9595433,32.87764995,2.220206136,240.7834131,50,2570.781849,1711.860449,0.935120824,0.17,50
19,Truck,Tulare Lake,1786.639413,923.9057691,21.11899335,1.84535452,1033.026808,50,5729.043516,4647.582765,0.41,0.17,50
19,Walnuts,Tulare Lake,867.1153965,2131.866347,1.870657994,3.425917313,1020.701599,50,357.6498318,1089.306585,0.13,0.17,50
2,Alfalfa,Sacramento River,2589.075961,187.2098036,5.87624882,3.537610105,310.085831,50,166.0095709,205.0405538,1.86,0.17,50
2,Almonds,Sacramento River,44645.7564,5165.974452,0.856578131,3.971676207,962.6735903,50,414.244587,1333.209787,0.4,0.17,50
2,Beans Dry,Sacramento River,284.6320574,1054.225767,1.083582552,2.293810917,97.28999715,50,81.16275023,575.7448786,1.68,0.17,50
2,Berries,Sacramento River,85.99700287,5388.84825,4.3725,3.453441036,1065.939344,50,9818.188327,9126.397598,0.25,0.17,50
2,Corn,Sacramento River,2633.224008,166.7194068,5.454093572,2.826875063,80.14758921,50,79.5524794,507.9998424,0.3,0.17,50
2,Cucurbits,Sacramento River,305.2231259,161.7514,13.41,1.97136542,101.6320487,50,1417.709564,496.0756788,0.05,0.17,50
2,Field and Grain,Sacramento River,16716.28082,173.2298426,2.485487486,1.383894155,81.51658446,50,48.80951363,209.6822022,0.74,0.17,50
2,Grapes,Sacramento River,106.5481767,730.6198686,7.837965954,2.661751325,3325.975697,50,1208.721228,1105.151244,0.13,0.17,50
2,Orchards,Sacramento River,10390.52022,2061.666385,2.066393172,3.327741402,607.0648734,50,1472.781853,1550.82325,0.13,0.17,50
2,Pasture,Sacramento River,25102.19846,173.2298426,2.485487486,3.965593094,81.51658446,50,48.80951363,209.6822022,0.74,0.17,50
2,Pistachios,Sacramento River,1330.478064,3834.493456,1.253131426,3.663925668,1252.751973,50,250.122497,1240.024825,0.4,0.17,50
2,Rice,Sacramento River,301.7095659,370.9204664,4.450435008,4.534377778,205.9918082,50,117.9897276,946.9605361,0.2,0.17,50
2,Safflower,Sacramento River,501.0385783,429.9064999,1.059039203,2.357007476,89.05078906,50,51.42369509,193.1524157,0.74,0.17,50
2,Subtropical,Sacramento River,12557.89365,942.1801854,4.535541375,2.972946835,863.7792973,50,1846.907779,684.4007169,0.13,0.17,50
2,Sunflowers,Sacramento River,290.9232235,3239.762235,0.609912532,2.873453662,409.0470283,50,350.2383501,767.1265354,0.74,0.17,50
2,Tomatoes,Sacramento River,141.3933554,77.35725946,46.64298895,2.666779844,307.3158515,50,744.6913332,1960.523005,0.74,0.17,50
2,Truck,Sacramento River,230.3636995,750.0942005,17.60330131,2.662234731,736.5300735,50,4084.707976,3313.645347,0.41,0.17,50
2,Walnuts,Sacramento River,60902.63232,1949.323208,2.037882063,4.942462794,1016.733954,50,356.2595846,1085.072261,0.13,0.17,50
20,Alfalfa,Tulare Lake,2404.455992,199.736451,8.253403631,4.524530937,464.6688622,50,248.7681497,307.2567376,1.86,0.17,50
20,Almonds,Tulare Lake,83191.08787,5115.183836,1.143761761,4.141037405,1272.789667,50,547.6895131,1762.69055,0.4,0.17,50
20,Beans Dry,Tulare Lake,191.4828215,989.2558964,1.380612025,1.919782133,116.3195893,50,97.0379078,688.3586163,1.68,0.17,50
20,Berries,Tulare Lake,171.341345,6318.852028,4.903289478,2.39378705,1401.62695,50,12910.1505,12000.49974,0.25,0.17,50
20,Corn,Tulare Lake,1627.579367,50.43552386,24.76768296,2.280437339,110.1041373,50,109.2865949,697.8735724,0.3,0.17,50
20,Cotton,Tulare Lake,194.2331342,2858.852174,0.790424805,3.749301711,335.6549753,50,176.7726076,1006.11301,0.68,0.17,50
20,Cucurbits,Tulare Lake,5.59041716,365.85,17.8725,2.442132231,306.3671659,50,4273.648587,1495.407224,0.05,0.17,50
20,Field and Grain,Tulare Lake,19418.14225,223.9885825,2.362115684,0.732562279,100.1702431,50,59.97872552,257.6643428,0.74,0.17,50
20,Grapes,Tulare Lake,40213.73389,1508.011287,11.85419447,4.00891598,2364.126279,50,7770.695391,5397.648302,0.13,0.17,50
20,Lettuce,Tulare Lake,282.9119023,479.2433265,17.02508876,2.300762612,706.2286879,50,4351.417982,3035.988095,0.25,0.17,50
20,Onions and Garlic,Tulare Lake,958.4488373,426.9855608,22.97465084,1.253629891,1575.045865,50,2746.112992,4092.094542,0.41,0.17,50
20,Orchards,Tulare Lake,1999.720184,1503.259449,11.50880315,3.502172688,2465.289127,50,5980.963891,6297.889837,0.13,0.17,50
20,Pasture,Tulare Lake,153.3119947,223.9885825,2.362115684,4.768194291,100.1702431,50,59.97872552,257.6643428,0.74,0.17,50
20,Pistachios,Tulare Lake,27103.30742,4379.7619,1.466522812,3.820163692,1674.55647,50,334.3393222,1657.544061,0.4,0.17,50
20,Potatoes,Tulare Lake,1745.370847,316.2258,23.4875,1.233512156,758.5181794,50,791.4972307,4600.577654,0.41,0.17,50
20,Safflower,Tulare Lake,163.7428134,447.9696,1.4025,2.392307778,122.8862062,50,70.96245709,266.541912,0.74,0.17,50
20,Subtropical,Tulare Lake,30202.52078,654.5088042,14.79755688,3.608433712,1957.695769,50,4185.888173,1551.146678,0.13,0.17,50
20,Tomatoes,Tulare Lake,154.8813963,230.9595433,32.87764995,2.220206136,240.7834131,50,2570.781849,1711.860449,0.935120824,0.17,50
20,Truck,Tulare Lake,2530.424001,923.9057691,21.11899335,1.84535452,1033.026808,50,5729.043516,4647.582765,0.41,0.17,50
20,Walnuts,Tulare Lake,539.4306341,2131.866347,1.870657994,3.425917313,1020.701599,50,357.6498318,1089.306585,0.13,0.17,50
21,Alfalfa,Tulare Lake,24007.93345,199.736451,8.253403631,4.524530937,464.6688622,50,248.7681497,307.2567376,1.86,0.17,50
21,Almonds,Tulare Lake,60134.51659,5115.183836,1.143761761,4.141037405,1272.789667,50,547.6895131,1762.69055,0.4,0.17,50
21,Beans Dry,Tulare Lake,816.2895592,989.2558964,1.380612025,1.919782133,116.3195893,50,97.0379078,688.3586163,1.68,0.17,50
21,Berries,Tulare Lake,962.7923907,6318.852028,4.903289478,2.39378705,1401.62695,50,12910.1505,12000.49974,0.25,0.17,50
21,Corn,Tulare Lake,31383.88203,50.43552386,24.76768296,2.280437339,110.1041373,50,109.2865949,697.8735724,0.3,0.17,50
21,Cotton,Tulare Lake,8667.883681,2858.852174,0.790424805,3.749301711,335.6549753,50,176.7726076,1006.11301,0.68,0.17,50
21,Cucurbits,Tulare Lake,1555.899022,365.85,17.8725,2.442132231,306.3671659,50,4273.648587,1495.407224,0.05,0.17,50
21,Field and Grain,Tulare Lake,16510.0289,223.9885825,2.362115684,0.732562279,100.1702431,50,59.97872552,257.6643428,0.74,0.17,50
21,Grapes,Tulare Lake,51245.46541,1508.011287,11.85419447,4.00891598,2364.126279,50,7770.695391,5397.648302,0.13,0.17,50
21,Lettuce,Tulare Lake,7126.238792,479.2433265,17.02508876,2.300762612,706.2286879,50,4351.417982,3035.988095,0.25,0.17,50
21,Onions and Garlic,Tulare Lake,5851.75321,426.9855608,22.97465084,1.253629891,1575.045865,50,2746.112992,4092.094542,0.41,0.17,50
21,Orchards,Tulare Lake,6056.107449,1503.259449,11.50880315,3.502172688,2465.289127,50,5980.963891,6297.889837,0.13,0.17,50
21,Pasture,Tulare Lake,1268.197469,223.9885825,2.362115684,4.768194291,100.1702431,50,59.97872552,257.6643428,0.74,0.17,50
21,Pistachios,Tulare Lake,23980.50321,4379.7619,1.466522812,3.820163692,1674.55647,50,334.3393222,1657.544061,0.4,0.17,50
21,Potatoes,Tulare Lake,16540.24157,316.2258,23.4875,1.233512156,758.5181794,50,791.4972307,4600.577654,0.41,0.17,50
21,Safflower,Tulare Lake,1994.775601,447.9696,1.4025,2.392307778,122.8862062,50,70.96245709,266.541912,0.74,0.17,50
21,Subtropical,Tulare Lake,38230.48043,654.5088042,14.79755688,3.608433712,1957.695769,50,4185.888173,1551.146678,0.13,0.17,50
21,Tomatoes,Tulare Lake,4988.243491,230.9595433,32.87764995,2.220206136,240.7834131,50,2570.781849,1711.860449,0.935120824,0.17,50
21,Truck,Tulare Lake,16465.51673,923.9057691,21.11899335,1.84535452,1033.026808,50,5729.043516,4647.582765,0.41,0.17,50
21,Walnuts,Tulare Lake,42.99896185,2131.866347,1.870657994,3.425917313,1020.701599,50,357.6498318,1089.306585,0.13,0.17,50
3,Alfalfa,Sacramento River,8540.882564,187.2098036,5.87624882,3.537610105,310.085831,50,166.0095709,205.0405538,1.86,0.17,50
3,Almonds,Sacramento River,126972.3732,5165.974452,0.856578131,3.971676207,962.6735903,50,414.244587,1333.209787,0.4,0.17,50
3,Beans Dry,Sacramento River,876.3128658,1054.225767,1.083582552,2.293810917,97.28999715,50,81.16275023,575.7448786,1.68,0.17,50
3,Berries,Sacramento River,2.38744199,5388.84825,4.3725,3.453441036,1065.939344,50,9818.188327,9126.397598,0.25,0.17,50
3,Corn,Sacramento River,7779.388557,166.7194068,5.454093572,2.826875063,80.14758921,50,79.5524794,507.9998424,0.3,0.17,50
3,Cotton,Sacramento River,1963.168492,1657.32655,0.8275,2.633766816,203.7121439,50,107.2849489,610.6193958,0.68,0.17,50
3,Cucurbits,Sacramento River,4513.852324,161.7514,13.41,1.97136542,101.6320487,50,1417.709564,496.0756788,0.05,0.17,50
3,Field and Grain,Sacramento River,22975.96108,173.2298426,2.485487486,1.383894155,81.51658446,50,48.80951363,209.6822022,0.74,0.17,50
3,Grapes,Sacramento River,6869.829368,730.6198686,7.837965954,2.661751325,3325.975697,50,1208.721228,1105.151244,0.13,0.17,50
3,Lettuce,Sacramento River,14.04784201,479.2433265,17.02508876,3.319237614,706.2286879,50,4351.417982,3035.988095,0.25,0.17,50
3,Onions and Garlic,Sacramento River,120.3364612,248.2454,30.0225,2.113494575,1196.627996,50,2086.336507,3108.934795,0.41,0.17,50
3,Orchards,Sacramento River,1890.379759,2061.666385,2.066393172,3.327741402,607.0648734,50,1472.781853,1550.82325,0.13,0.17,50
3,Pasture,Sacramento River,9802.239154,173.2298426,2.485487486,3.965593094,81.51658446,50,48.80951363,209.6822022,0.74,0.17,50
3,Pistachios,Sacramento River,5798.660482,3834.493456,1.253131426,3.663925668,1252.751973,50,250.122497,1240.024825,0.4,0.17,50
3,Rice,Sacramento River,145699.9137,370.9204664,4.450435008,4.534377778,205.9918082,50,117.9897276,946.9605361,0.2,0.17,50
3,Safflower,Sacramento River,844.1269196,429.9064999,1.059039203,2.357007476,89.05078906,50,51.42369509,193.1524157,0.74,0.17,50
3,Subtropical,Sacramento River,8344.074891,942.1801854,4.535541375,2.972946835,863.7792973,50,1846.907779,684.4007169,0.13,0.17,50
3,Sunflowers,Sacramento River,9821.115502,3239.762235,0.609912532,2.873453662,409.0470283,50,350.2383501,767.1265354,0.74,0.17,50
3,Tomatoes,Sacramento River,13741.55169,77.35725946,46.64298895,2.666779844,307.3158515,50,744.6913332,1960.523005,0.74,0.17,50
3,Truck,Sacramento River,1434.851152,750.0942005,17.60330131,2.662234731,736.5300735,50,4084.707976,3313.645347,0.41,0.17,50
3,Walnuts,Sacramento River,25831.11216,1949.323208,2.037882063,4.942462794,1016.733954,50,356.2595846,1085.072261,0.13,0.17,50
4,Alfalfa,Sacramento River,7794.661126,187.2098036,5.87624882,3.537610105,310.085831,50,166.0095709,205.0405538,1.86,0.17,50
4,Almonds,Sacramento River,4522.404719,5165.974452,0.856578131,3.971676207,962.6735903,50,414.244587,1333.209787,0.4,0.17,50
4,Beans Dry,Sacramento River,7854.25666,1054.225767,1.083582552,2.293810917,97.28999715,50,81.16275023,575.7448786,1.68,0.17,50
4,Corn,Sacramento River,10015.70748,166.7194068,5.454093572,2.826875063,80.14758921,50,79.5524794,507.9998424,0.3,0.17,50
4,Cotton,Sacramento River,1256.323403,1657.32655,0.8275,2.633766816,203.7121439,50,107.2849489,610.6193958,0.68,0.17,50
4,Cucurbits,Sacramento River,5113.150981,161.7514,13.41,1.97136542,101.6320487,50,1417.709564,496.0756788,0.05,0.17,50
4,Field and Grain,Sacramento River,12702.2223,173.2298426,2.485487486,1.383894155,81.51658446,50,48.80951363,209.6822022,0.74,0.17,50
4,Onions and Garlic,Sacramento River,31.90768587,248.2454,30.0225,2.113494575,1196.627996,50,2086.336507,3108.934795,0.41,0.17,50
4,Orchards,Sacramento River,2543.290824,2061.666385,2.066393172,3.327741402,607.0648734,50,1472.781853,1550.82325,0.13,0.17,50
4,Pasture,Sacramento River,2392.91361,173.2298426,2.485487486,3.965593094,81.51658446,50,48.80951363,209.6822022,0.74,0.17,50
4,Rice,Sacramento River,113417.2722,370.9204664,4.450435008,4.534377778,205.9918082,50,117.9897276,946.9605361,0.2,0.17,50
4,Safflower,Sacramento River,2635.482416,429.9064999,1.059039203,2.357007476,89.05078906,50,51.42369509,193.1524157,0.74,0.17,50
4,Subtropical,Sacramento River,205.9929344,942.1801854,4.535541375,2.972946835,863.7792973,50,1846.907779,684.4007169,0.13,0.17,50
4,Sunflowers,Sacramento River,17788.77638,3239.762235,0.609912532,2.873453662,409.0470283,50,350.2383501,767.1265354,0.74,0.17,50
4,Tomatoes,Sacramento River,24535.9756,77.35725946,46.64298895,2.666779844,307.3158515,50,744.6913332,1960.523005,0.74,0.17,50
4,Truck,Sacramento River,122.7592553,750.0942005,17.60330131,2.662234731,736.5300735,50,4084.707976,3313.645347,0.41,0.17,50
4,Walnuts,Sacramento River,41858.30566,1949.323208,2.037882063,4.942462794,1016.733954,50,356.2595846,1085.072261,0.13,0.17,50
5,Alfalfa,Sacramento River,938.6716029,187.2098036,5.87624882,3.537610105,310.085831,50,166.0095709,205.0405538,1.86,0.17,50
5,Almonds,Sacramento River,37924.95873,5165.974452,0.856578131,3.971676207,962.6735903,50,414.244587,1333.209787,0.4,0.17,50
5,Beans Dry,Sacramento River,1563.129003,1054.225767,1.083582552,2.293810917,97.28999715,50,81.16275023,575.7448786,1.68,0.17,50
5,Berries,Sacramento River,16.22204085,5388.84825,4.3725,3.453441036,1065.939344,50,9818.188327,9126.397598,0.25,0.17,50
5,Corn,Sacramento River,1094.294324,166.7194068,5.454093572,2.826875063,80.14758921,50,79.5524794,507.9998424,0.3,0.17,50
5,Cucurbits,Sacramento River,527.730521,161.7514,13.41,1.97136542,101.6320487,50,1417.709564,496.0756788,0.05,0.17,50
5,Field and Grain,Sacramento River,8008.875436,173.2298426,2.485487486,1.383894155,81.51658446,50,48.80951363,209.6822022,0.74,0.17,50
5,Grapes,Sacramento River,213.9194229,730.6198686,7.837965954,2.661751325,3325.975697,50,1208.721228,1105.151244,0.13,0.17,50
5,Orchards,Sacramento River,42049.51387,2061.666385,2.066393172,3.327741402,607.0648734,50,1472.781853,1550.82325,0.13,0.17,50
5,Pasture,Sacramento River,10539.23114,173.2298426,2.485487486,3.965593094,81.51658446,50,48.80951363,209.6822022,0.74,0.17,50
5,Pistachios,Sacramento River,488.8806378,3834.493456,1.253131426,3.663925668,1252.751973,50,250.122497,1240.024825,0.4,0.17,50
5,Rice,Sacramento River,163607.852,370.9204664,4.450435008,4.534377778,205.9918082,50,117.9897276,946.9605361,0.2,0.17,50
5,Safflower,Sacramento River,538.2207607,429.9064999,1.059039203,2.357007476,89.05078906,50,51.42369509,193.1524157,0.74,0.17,50
5,Subtropical,Sacramento River,5110.316048,942.1801854,4.535541375,2.972946835,863.7792973,50,1846.907779,684.4007169,0.13,0.17,50
5,Sunflowers,Sacramento River,731.92811,3239.762235,0.609912532,2.873453662,409.0470283,50,350.2383501,767.1265354,0.74,0.17,50
5,Tomatoes,Sacramento River,1197.582062,77.35725946,46.64298895,2.666779844,307.3158515,50,744.6913332,1960.523005,0.74,0.17,50
5,Truck,Sacramento River,358.9825436,750.0942005,17.60330131,2.662234731,736.5300735,50,4084.707976,3313.645347,0.41,0.17,50
5,Walnuts,Sacramento River,67085.35939,1949.323208,2.037882063,4.942462794,1016.733954,50,356.2595846,1085.072261,0.13,0.17,50
6,Alfalfa,Sacramento River,30767.07214,187.2098036,5.87624882,3.537610105,310.085831,50,166.0095709,205.0405538,1.86,0.17,50
6,Almonds,Sacramento River,42492.44889,5165.974452,0.856578131,3.971676207,962.6735903,50,414.244587,1333.209787,0.4,0.17,50
6,Beans Dry,Sacramento River,2816.036415,1054.225767,1.083582552,2.293810917,97.28999715,50,81.16275023,575.7448786,1.68,0.17,50
6,Berries,Sacramento River,13.28750641,5388.84825,4.3725,3.453441036,1065.939344,50,9818.188327,9126.397598,0.25,0.17,50
6,Corn,Sacramento River,8042.790786,166.7194068,5.454093572,2.826875063,80.14758921,50,79.5524794,507.9998424,0.3,0.17,50
6,Cucurbits,Sacramento River,3209.13723,161.7514,13.41,1.97136542,101.6320487,50,1417.709564,496.0756788,0.05,0.17,50
6,Field and Grain,Sacramento River,48027.61397,173.2298426,2.485487486,1.383894155,81.51658446,50,48.80951363,209.6822022,0.74,0.17,50
6,Grapes,Sacramento River,3937.795411,730.6198686,7.837965954,2.661751325,3325.975697,50,1208.721228,1105.151244,0.13,0.17,50
6,Lettuce,Sacramento River,29.46165931,479.2433265,17.02508876,3.319237614,706.2286879,50,4351.417982,3035.988095,0.25,0.17,50
6,Onions and Garlic,Sacramento River,158.0376387,248.2454,30.0225,2.113494575,1196.627996,50,2086.336507,3108.934795,0.41,0.17,50
6,Orchards,Sacramento River,4275.274872,2061.666385,2.066393172,3.327741402,607.0648734,50,1472.781853,1550.82325,0.13,0.17,50
6,Pasture,Sacramento River,23375.03186,173.2298426,2.485487486,3.965593094,81.51658446,50,48.80951363,209.6822022,0.74,0.17,50
6,Pistachios,Sacramento River,4222.585928,3834.493456,1.253131426,3.663925668,1252.751973,50,250.122497,1240.024825,0.4,0.17,50
6,Rice,Sacramento River,14404.07892,370.9204664,4.450435008,4.534377778,205.9918082,50,117.9897276,946.9605361,0.2,0.17,50
6,Safflower,Sacramento River,6845.820131,429.9064999,1.059039203,2.357007476,89.05078906,50,51.42369509,193.1524157,0.74,0.17,50
6,Subtropical,Sacramento River,2569.44967,942.1801854,4.535541375,2.972946835,863.7792973,50,1846.907779,684.4007169,0.13,0.17,50
6,Sunflowers,Sacramento River,19463.68413,3239.762235,0.609912532,2.873453662,409.0470283,50,350.2383501,767.1265354,0.74,0.17,50
6,Tomatoes,Sacramento River,26420.49272,77.35725946,46.64298895,2.666779844,307.3158515,50,744.6913332,1960.523005,0.74,0.17,50
6,Truck,Sacramento River,3051.29663,750.0942005,17.60330131,2.662234731,736.5300735,50,4084.707976,3313.645347,0.41,0.17,50
6,Walnuts,Sacramento River,27815.58803,1949.323208,2.037882063,4.942462794,1016.733954,50,356.2595846,1085.072261,0.13,0.17,50
7,Alfalfa,Sacramento River,3440.350038,187.2098036,5.87624882,3.537610105,310.085831,50,166.0095709,205.0405538,1.86,0.17,50
7,Almonds,Sacramento River,4182.790125,5165.974452,0.856578131,3.971676207,962.6735903,50,414.244587,1333.209787,0.4,0.17,50
7,Beans Dry,Sacramento River,431.3635937,1054.225767,1.083582552,2.293810917,97.28999715,50,81.16275023,575.7448786,1.68,0.17,50
7,Berries,Sacramento River,26.95790066,5388.84825,4.3725,3.453441036,1065.939344,50,9818.188327,9126.397598,0.25,0.17,50
7,Corn,Sacramento River,1311.538028,166.7194068,5.454093572,2.826875063,80.14758921,50,79.5524794,507.9998424,0.3,0.17,50
7,Cucurbits,Sacramento River,257.0286545,161.7514,13.41,1.97136542,101.6320487,50,1417.709564,496.0756788,0.05,0.17,50
7,Field and Grain,Sacramento River,15137.14047,173.2298426,2.485487486,1.383894155,81.51658446,50,48.80951363,209.6822022,0.74,0.17,50
7,Grapes,Sacramento River,60.34087769,730.6198686,7.837965954,2.661751325,3325.975697,50,1208.721228,1105.151244,0.13,0.17,50
7,Orchards,Sacramento River,1810.380733,2061.666385,2.066393172,3.327741402,607.0648734,50,1472.781853,1550.82325,0.13,0.17,50
7,Pasture,Sacramento River,7086.828774,173.2298426,2.485487486,3.965593094,81.51658446,50,48.80951363,209.6822022,0.74,0.17,50
7,Pistachios,Sacramento River,353.2080829,3834.493456,1.253131426,3.663925668,1252.751973,50,250.122497,1240.024825,0.4,0.17,50
7,Rice,Sacramento River,51878.90295,370.9204664,4.450435008,4.534377778,205.9918082,50,117.9897276,946.9605361,0.2,0.17,50
7,Safflower,Sacramento River,206.5091157,429.9064999,1.059039203,2.357007476,89.05078906,50,51.42369509,193.1524157,0.74,0.17,50
7,Subtropical,Sacramento River,185.8814697,942.1801854,4.535541375,2.972946835,863.7792973,50,1846.907779,684.4007169,0.13,0.17,50
7,Sunflowers,Sacramento River,247.4237138,3239.762235,0.609912532,2.873453662,409.0470283,50,350.2383501,767.1265354,0.74,0.17,50
7,Tomatoes,Sacramento River,188.6409119,77.35725946,46.64298895,2.666779844,307.3158515,50,744.6913332,1960.523005,0.74,0.17,50
7,Truck,Sacramento River,129.9083724,750.0942005,17.60330131,2.662234731,736.5300735,50,4084.707976,3313.645347,0.41,0.17,50
7,Walnuts,Sacramento River,13209.02375,1949.323208,2.037882063,4.942462794,1016.733954,50,356.2595846,1085.072261,0.13,0.17,50
8,Alfalfa,San Joaquin River,11126.75492,205.8588937,7.063149253,4.134965358,409.846448,50,219.4180648,271.0060707,1.86,0.17,50
8,Almonds,San Joaquin River,24326.57025,5157.824281,1.067695081,4.125499535,1198.04631,50,515.5269696,1659.178231,0.4,0.17,50
8,Beans Dry,San Joaquin River,1370.959546,1415.3103,1.200351344,2.212101358,144.6880326,50,120.7038647,856.238012,1.68,0.17,50
8,Berries,San Joaquin River,166.6805916,5010.1193,4.8075,3.460572945,1089.617527,50,10036.28409,9329.126312,0.25,0.17,50
8,Corn,San Joaquin River,25401.78072,44.88630607,26.76544219,2.415829265,105.8936729,50,105.1073939,671.1863659,0.3,0.17,50
8,Cucurbits,San Joaquin River,3813.429114,252.19315,13.35,2.299627126,157.7496505,50,2200.518352,769.9910214,0.05,0.17,50
8,Field and Grain,San Joaquin River,28688.94944,187.333843,2.812754652,0.483631303,99.76076638,50,59.73354402,256.6110606,0.74,0.17,50
8,Grapes,San Joaquin River,103788.0223,447.1747228,10.57632504,3.098484515,1478.428428,50,1571.365603,1181.295692,0.13,0.17,50
8,Lettuce,San Joaquin River,170.9219319,479.2433265,17.02508876,3.326092372,706.2286879,50,4351.417982,3035.988095,0.25,0.17,50
8,Onions and Garlic,San Joaquin River,793.4878651,248.2454,30.0225,1.480822037,1196.627996,50,2086.336507,3108.934795,0.41,0.17,50
8,Orchards,San Joaquin River,20939.52151,3117.281059,2.261810582,3.445837194,1004.69895,50,2437.46994,2566.6293,0.13,0.17,50
8,Pasture,San Joaquin River,28744.17211,187.333843,2.812754652,4.600187047,99.76076638,50,59.73354402,256.6110606,0.74,0.17,50
8,Pistachios,San Joaquin River,133.7007328,4636.170568,1.382293453,3.805829794,1670.783317,50,333.5859804,1653.809241,0.4,0.17,50
8,Potatoes,San Joaquin River,276.4039181,960.1331262,14.27542043,3.305132031,1399.755757,50,1460.614703,8489.822961,0.41,0.17,50
8,Rice,San Joaquin River,108.4576058,356.2897,4.3575,4.833919598,193.7346724,50,110.9689819,890.6135194,0.2,0.17,50
8,Safflower,San Joaquin River,158.1579519,447.9696,1.4025,2.40565496,122.8862062,50,70.96245709,266.541912,0.74,0.17,50
8,Subtropical,San Joaquin River,2103.150231,826.2221391,4.405931004,3.247465856,735.8244443,50,1573.318433,583.0178829,0.13,0.17,50
8,Sunflowers,San Joaquin River,31.62485663,3239.762235,0.609912532,2.945560199,409.0470283,50,350.2383501,767.1265354,0.74,0.17,50
8,Tomatoes,San Joaquin River,2536.156703,395.6381338,28.03035237,2.379660861,291.4439575,50,4554.566446,2199.660588,0.973286429,0.17,50
8,Truck,San Joaquin River,1352.551035,548.8387,13.5325,2.667732673,393.2180654,50,2180.74051,1769.086233,0.41,0.17,50
8,Walnuts,San Joaquin River,66387.24406,2092.008952,1.920558157,4.952669773,1028.336919,50,360.3252181,1097.455103,0.13,0.17,50
9,Alfalfa,Sacramento River,56667.16451,187.2098036,5.87624882,3.537610105,310.085831,50,166.0095709,205.0405538,1.86,0.17,50
9,Almonds,Sacramento River,22244.317,5165.974452,0.856578131,3.971676207,962.6735903,50,414.244587,1333.209787,0.4,0.17,50
9,Beans Dry,Sacramento River,4720.093101,1054.225767,1.083582552,2.293810917,97.28999715,50,81.16275023,575.7448786,1.68,0.17,50
9,Berries,Sacramento River,2005.395013,5388.84825,4.3725,3.453441036,1065.939344,50,9818.188327,9126.397598,0.25,0.17,50
9,Corn,Sacramento River,78089.63557,166.7194068,5.454093572,2.826875063,80.14758921,50,79.5524794,507.9998424,0.3,0.17,50
9,Cotton,Sacramento River,233.8499336,1657.32655,0.8275,2.633766816,203.7121439,50,107.2849489,610.6193958,0.68,0.17,50
9,Cucurbits,Sacramento River,5940.141836,161.7514,13.41,1.97136542,101.6320487,50,1417.709564,496.0756788,0.05,0.17,50
9,Field and Grain,Sacramento River,45950.52421,173.2298426,2.485487486,1.383894155,81.51658446,50,48.80951363,209.6822022,0.74,0.17,50
9,Grapes,Sacramento River,41430.611,730.6198686,7.837965954,2.661751325,3325.975697,50,1208.721228,1105.151244,0.13,0.17,50
9,Lettuce,Sacramento River,39.19348551,479.2433265,17.02508876,3.319237614,706.2286879,50,4351.417982,3035.988095,0.25,0.17,50
9,Onions and Garlic,Sacramento River,1355.63945,248.2454,30.0225,2.113494575,1196.627996,50,2086.336507,3108.934795,0.41,0.17,50
9,Orchards,Sacramento River,10263.74702,2061.666385,2.066393172,3.327741402,607.0648734,50,1472.781853,1550.82325,0.13,0.17,50
9,Pasture,Sacramento River,55560.68015,173.2298426,2.485487486,3.965593094,81.51658446,50,48.80951363,209.6822022,0.74,0.17,50
9,Pistachios,Sacramento River,197.6296771,3834.493456,1.253131426,3.663925668,1252.751973,50,250.122497,1240.024825,0.4,0.17,50
9,Potatoes,Sacramento River,1669.71946,960.1331262,14.27542043,4.38175,1399.755757,50,1460.614703,8489.822961,0.41,0.17,50
9,Rice,Sacramento River,7990.682377,370.9204664,4.450435008,4.534377778,205.9918082,50,117.9897276,946.9605361,0.2,0.17,50
9,Safflower,Sacramento River,13218.14247,429.9064999,1.059039203,2.357007476,89.05078906,50,51.42369509,193.1524157,0.74,0.17,50
9,Subtropical,Sacramento River,2414.869276,942.1801854,4.535541375,2.972946835,863.7792973,50,1846.907779,684.4007169,0.13,0.17,50
9,Sunflowers,Sacramento River,1524.679814,3239.762235,0.609912532,2.873453662,409.0470283,50,350.2383501,767.1265354,0.74,0.17,50
9,Tomatoes,Sacramento River,22554.66355,77.35725946,46.64298895,2.666779844,307.3158515,50,744.6913332,1960.523005,0.74,0.17,50
9,Truck,Sacramento River,2637.531344,750.0942005,17.60330131,2.662234731,736.5300735,50,4084.707976,3313.645347,0.41,0.17,50
9,Walnuts,Sacramento River,6249.207146,1949.323208,2.037882063,4.942462794,1016.733954,50,356.2595846,1085.072261,0.13,0.17,50
BUTV,Alfalfa,North Coast,13525.59982,187.2098036,5.87624882,2.331077971,310.085831,50,166.0095709,205.0405538,1.86,0.17,50
BUTV,Berries,North Coast,2694.549509,5388.84825,4.3725,2.407763981,1065.939344,50,9818.188327,9126.397598,0.25,0.17,50
BUTV,Field and Grain,North Coast,6089.352314,173.2298426,2.485487486,1.305116017,81.51658446,50,48.80951363,209.6822022,0.74,0.17,50
BUTV,Onions and Garlic,North Coast,189.5076943,248.2454,30.0225,1.699157349,1196.627996,50,2086.336507,3108.934795,0.41,0.17,50
BUTV,Pasture,North Coast,2425.138199,173.2298426,2.485487486,3.069359746,81.51658446,50,48.80951363,209.6822022,0.74,0.17,50
BUTV,Potatoes,North Coast,93.18973485,960.1331262,14.27542043,2.70089927,1399.755757,50,1460.614703,8489.822961,0.41,0.17,50
BUTV,Truck,North Coast,100.98869,750.0942005,17.60330131,1.856129243,736.5300735,50,4084.707976,3313.645347,0.41,0.17,50
COAC,Alfalfa,Colorado River,416.3458734,199.736451,8.253403631,6.349688555,464.6688622,50,248.7681497,307.2567376,1.86,0.17,50
COAC,Beans Dry,Colorado River,142.8712045,989.2558964,1.380612025,2.712448276,116.3195893,50,97.0379078,688.3586163,1.68,0.17,50
COAC,Berries,Colorado River,10.43353874,6318.852028,4.903289478,1.515428762,1401.62695,50,12910.1505,12000.49974,0.25,0.17,50
COAC,Corn,Colorado River,1233.116147,50.43552386,24.76768296,3.708931611,110.1041373,50,109.2865949,697.8735724,0.3,0.17,50
COAC,Cucurbits,Colorado River,173.1444964,365.85,17.8725,2.811221224,306.3671659,50,4273.648587,1495.407224,0.05,0.17,50
COAC,Field and Grain,Colorado River,12.44593083,223.9885825,2.362115684,3.976067248,100.1702431,50,59.97872552,257.6643428,0.74,0.17,50
COAC,Grapes,Colorado River,7596.246812,1508.011287,11.85419447,4.088997246,2364.126279,50,7770.695391,5397.648302,0.13,0.17,50
COAC,Lettuce,Colorado River,5341.049255,479.2433265,17.02508876,1.456538014,706.2286879,50,4351.417982,3035.988095,0.25,0.17,50
COAC,Onions and Garlic,Colorado River,150.7121,426.9855608,22.97465084,3.522556052,1575.045865,50,2746.112992,4092.094542,0.41,0.17,50
COAC,Orchards,Colorado River,9834.489349,1503.259449,11.50880315,3.064182243,2465.289127,50,5980.963891,6297.889837,0.13,0.17,50
COAC,Pasture,Colorado River,2027.849626,223.9885825,2.362115684,8.233264788,100.1702431,50,59.97872552,257.6643428,0.74,0.17,50
COAC,Potatoes,Colorado River,125.0634267,316.2258,23.4875,5.581382827,758.5181794,50,791.4972307,4600.577654,0.41,0.17,50
COAC,Subtropical,Colorado River,7524.643223,654.5088042,14.79755688,5.958172293,1957.695769,50,4185.888173,1551.146678,0.13,0.17,50
COAC,Tomatoes,Colorado River,110.0197816,230.9595433,32.87764995,3.924449153,240.7834131,50,2570.781849,1711.860449,0.935120824,0.17,50
COAC,Truck,Colorado River,11205.8846,923.9057691,21.11899335,1.168233956,1033.026808,50,5729.043516,4647.582765,0.41,0.17,50
IMP,Beans Dry,Colorado River,19.98171416,989.2558964,1.380612025,2.712448276,116.3195893,50,97.0379078,688.3586163,1.68,0.17,50
IMP,Corn,Colorado River,26684.9055,50.43552386,24.76768296,3.708931611,110.1041373,50,109.2865949,697.8735724,0.3,0.17,50
IMP,Cotton,Colorado River,58.78676481,2858.852174,0.790424805,5.971693969,335.6549753,50,176.7726076,1006.11301,0.68,0.17,50
IMP,Cucurbits,Colorado River,5430.479369,365.85,17.8725,2.811221224,306.3671659,50,4273.648587,1495.407224,0.05,0.17,50
IMP,Field and Grain,Colorado River,26717.79443,223.9885825,2.362115684,3.976067248,100.1702431,50,59.97872552,257.6643428,0.74,0.17,50
IMP,Lettuce,Colorado River,59161.48244,479.2433265,17.02508876,1.456538014,706.2286879,50,4351.417982,3035.988095,0.25,0.17,50
IMP,Onions and Garlic,Colorado River,12685.46679,426.9855608,22.97465084,3.522556052,1575.045865,50,2746.112992,4092.094542,0.41,0.17,50
IMP,Orchards,Colorado River,1084.35938,1503.259449,11.50880315,3.064182243,2465.289127,50,5980.963891,6297.889837,0.13,0.17,50
IMP,Pasture,Colorado River,90296.36006,223.9885825,2.362115684,8.233264788,100.1702431,50,59.97872552,257.6643428,0.74,0.17,50
IMP,Potatoes,Colorado River,679.2364573,316.2258,23.4875,5.581382827,758.5181794,50,791.4972307,4600.577654,0.41,0.17,50
IMP,Safflower,Colorado River,115.8646159,447.9696,1.4025,2.346040268,122.8862062,50,70.96245709,266.541912,0.74,0.17,50
IMP,Subtropical,Colorado River,7918.001989,654.5088042,14.79755688,5.958172293,1957.695769,50,4185.888173,1551.146678,0.13,0.17,50
IMP,Sunflowers,Colorado River,1171.057586,3239.762235,0.609912532,5.544757405,409.0470283,50,350.2383501,767.1265354,0.74,0.17,50
IMP,Truck,Colorado River,18319.95294,923.9057691,21.11899335,1.168233956,1033.026808,50,5729.043516,4647.582765,0.41,0.17,50
OXNV,Alfalfa,South Coast,12.72970771,199.736451,8.253403631,4.861060872,464.6688622,50,248.7681497,307.2567376,1.86,0.17,50
OXNV,Beans Dry,South Coast,108.3916919,989.2558964,1.380612025,1.559609211,116.3195893,50,97.0379078,688.3586163,1.68,0.17,50
OXNV,Berries,South Coast,13412.30341,6318.852028,4.903289478,2.270858762,1401.62695,50,12910.1505,12000.49974,0.25,0.17,50
OXNV,Corn,South Coast,26.40129758,50.43552386,24.76768296,2.879812638,110.1041373,50,109.2865949,697.8735724,0.3,0.17,50
OXNV,Cucurbits,South Coast,279.8855846,365.85,17.8725,2.078707055,306.3671659,50,4273.648587,1495.407224,0.05,0.17,50
OXNV,Field and Grain,South Coast,3265.88907,223.9885825,2.362115684,1.364580401,100.1702431,50,59.97872552,257.6643428,0.74,0.17,50
OXNV,Grapes,South Coast,84.37665106,1508.011287,11.85419447,2.882762464,2364.126279,50,7770.695391,5397.648302,0.13,0.17,50
OXNV,Lettuce,South Coast,4664.745011,479.2433265,17.02508876,2.182611413,706.2286879,50,4351.417982,3035.988095,0.25,0.17,50
OXNV,Onions and Garlic,South Coast,61.2668274,426.9855608,22.97465084,2.418056426,1575.045865,50,2746.112992,4092.094542,0.41,0.17,50
OXNV,Orchards,South Coast,19248.39291,1503.259449,11.50880315,2.23900313,2465.289127,50,5980.963891,6297.889837,0.13,0.17,50
OXNV,Pasture,South Coast,2061.242519,223.9885825,2.362115684,5.664931619,100.1702431,50,59.97872552,257.6643428,0.74,0.17,50
OXNV,Subtropical,South Coast,24456.77659,654.5088042,14.79755688,3.277692314,1957.695769,50,4185.888173,1551.146678,0.13,0.17,50
OXNV,Tomatoes,South Coast,11.2406011,230.9595433,32.87764995,2.605312983,240.7834131,50,2570.781849,1711.860449,0.935120824,0.17,50
OXNV,Truck,South Coast,14889.51311,923.9057691,21.11899335,1.75058992,1033.026808,50,5729.043516,4647.582765,0.41,0.17,50
OXNV,Walnuts,South Coast,144.7119036,2131.866347,1.870657994,3.249985978,1020.701599,50,357.6498318,1089.306585,0.13,0.17,50
PALV,Alfalfa,Colorado River,45091.16623,199.736451,8.253403631,6.349688555,464.6688622,50,248.7681497,307.2567376,1.86,0.17,50
PALV,Almonds,Colorado River,6.098707983,5115.183836,1.143761761,5.171405369,1272.789667,50,547.6895131,1762.69055,0.4,0.17,50
PALV,Corn,Colorado River,1811.61954,50.43552386,24.76768296,3.708931611,110.1041373,50,109.2865949,697.8735724,0.3,0.17,50
PALV,Cotton,Colorado River,10909.92628,2858.852174,0.790424805,5.971693969,335.6549753,50,176.7726076,1006.11301,0.68,0.17,50
PALV,Cucurbits,Colorado River,1766.731696,365.85,17.8725,2.811221224,306.3671659,50,4273.648587,1495.407224,0.05,0.17,50
PALV,Field and Grain,Colorado River,7445.166637,223.9885825,2.362115684,3.976067248,100.1702431,50,59.97872552,257.6643428,0.74,0.17,50
PALV,Lettuce,Colorado River,1673.302898,479.2433265,17.02508876,1.456538014,706.2286879,50,4351.417982,3035.988095,0.25,0.17,50
PALV,Onions and Garlic,Colorado River,1782.613277,426.9855608,22.97465084,3.522556052,1575.045865,50,2746.112992,4092.094542,0.41,0.17,50
PALV,Orchards,Colorado River,648.5097905,1503.259449,11.50880315,3.064182243,2465.289127,50,5980.963891,6297.889837,0.13,0.17,50
PALV,Pasture,Colorado River,4031.583642,223.9885825,2.362115684,8.233264788,100.1702431,50,59.97872552,257.6643428,0.74,0.17,50
PALV,Potatoes,Colorado River,730.3197676,316.2258,23.4875,5.581382827,758.5181794,50,791.4972307,4600.577654,0.41,0.17,50
PALV,Subtropical,Colorado River,1506.454008,654.5088042,14.79755688,5.958172293,1957.695769,50,4185.888173,1551.146678,0.13,0.17,50
PALV,Truck,Colorado River,57.08847397,923.9057691,21.11899335,1.168233956,1033.026808,50,5729.043516,4647.582765,0.41,0.17,50
PITRC,Alfalfa,Sacramento River,12236.3104,187.2098036,5.87624882,3.537610105,310.085831,50,166.0095709,205.0405538,1.86,0.17,50
PITRC,Field and Grain,Sacramento River,5183.213892,173.2298426,2.485487486,1.383894155,81.51658446,50,48.80951363,209.6822022,0.74,0.17,50
PITRC,Orchards,Sacramento River,1.36562883,2061.666385,2.066393172,3.327741402,607.0648734,50,1472.781853,1550.82325,0.13,0.17,50
PITRC,Pasture,Sacramento River,11422.66961,173.2298426,2.485487486,3.965593094,81.51658446,50,48.80951363,209.6822022,0.74,0.17,50
PITRC,Rice,Sacramento River,1290.480633,370.9204664,4.450435008,4.534377778,205.9918082,50,117.9897276,946.9605361,0.2,0.17,50
PITREL,Alfalfa,Sacramento River,10999.1602,187.2098036,5.87624882,3.537610105,310.085831,50,166.0095709,205.0405538,1.86,0.17,50
PITREL,Field and Grain,Sacramento River,2205.450515,173.2298426,2.485487486,1.383894155,81.51658446,50,48.80951363,209.6822022,0.74,0.17,50
PITREL,Pasture,Sacramento River,11831.99369,173.2298426,2.485487486,3.965593094,81.51658446,50,48.80951363,209.6822022,0.74,0.17,50
PITREL,Rice,Sacramento River,506.3338709,370.9204664,4.450435008,4.534377778,205.9918082,50,117.9897276,946.9605361,0.2,0.17,50
PITREU,Alfalfa,Sacramento River,8606.299339,187.2098036,5.87624882,3.537610105,310.085831,50,166.0095709,205.0405538,1.86,0.17,50
PITREU,Field and Grain,Sacramento River,3464.899252,173.2298426,2.485487486,1.383894155,81.51658446,50,48.80951363,209.6822022,0.74,0.17,50
PITREU,Orchards,Sacramento River,21.83113304,2061.666385,2.066393172,3.327741402,607.0648734,50,1472.781853,1550.82325,0.13,0.17,50
PITREU,Pasture,Sacramento River,30624.36259,173.2298426,2.485487486,3.965593094,81.51658446,50,48.80951363,209.6822022,0.74,0.17,50
PITREU,Rice,Sacramento River,2107.428498,370.9204664,4.450435008,4.534377778,205.9918082,50,117.9897276,946.9605361,0.2,0.17,50
PITREU,Truck,Sacramento River,0.32739123,750.0942005,17.60330131,2.662234731,736.5300735,50,4084.707976,3313.645347,0.41,0.17,50
PITRW,Alfalfa,Sacramento River,6291.354834,187.2098036,5.87624882,3.537610105,310.085831,50,166.0095709,205.0405538,1.86,0.17,50
PITRW,Berries,Sacramento River,243.2498212,5388.84825,4.3725,3.453441036,1065.939344,50,9818.188327,9126.397598,0.25,0.17,50
PITRW,Field and Grain,Sacramento River,2627.27505,173.2298426,2.485487486,1.383894155,81.51658446,50,48.80951363,209.6822022,0.74,0.17,50
PITRW,Onions and Garlic,Sacramento River,95.12116088,248.2454,30.0225,2.113494575,1196.627996,50,2086.336507,3108.934795,0.41,0.17,50
PITRW,Pasture,Sacramento River,18006.70043,173.2298426,2.485487486,3.965593094,81.51658446,50,48.80951363,209.6822022,0.74,0.17,50
PITRW,Rice,Sacramento River,4943.641141,370.9204664,4.450435008,4.534377778,205.9918082,50,117.9897276,946.9605361,0.2,0.17,50
PITRW,Truck,Sacramento River,11.50262236,750.0942005,17.60330131,2.662234731,736.5300735,50,4084.707976,3313.645347,0.41,0.17,50
RUSRL,Berries,North Coast,35.04822376,5388.84825,4.3725,2.407763981,1065.939344,50,9818.188327,9126.397598,0.25,0.17,50
RUSRL,Corn,North Coast,6.62318171,166.7194068,5.454093572,2.492780338,80.14758921,50,79.5524794,507.9998424,0.3,0.17,50
RUSRL,Field and Grain,North Coast,2279.147057,173.2298426,2.485487486,1.305116017,81.51658446,50,48.80951363,209.6822022,0.74,0.17,50
RUSRL,Grapes,North Coast,22590.82598,730.6198686,7.837965954,2.243317817,3325.975697,50,1208.721228,1105.151244,0.13,0.17,50
RUSRL,Orchards,North Coast,1757.561972,2061.666385,2.066393172,2.875298636,607.0648734,50,1472.781853,1550.82325,0.13,0.17,50
RUSRL,Pasture,North Coast,4857.365854,173.2298426,2.485487486,3.069359746,81.51658446,50,48.80951363,209.6822022,0.74,0.17,50
RUSRL,Subtropical,North Coast,122.3422982,942.1801854,4.535541375,2.262567308,863.7792973,50,1846.907779,684.4007169,0.13,0.17,50
RUSRL,Truck,North Coast,504.8835829,750.0942005,17.60330131,1.856129243,736.5300735,50,4084.707976,3313.645347,0.41,0.17,50
RUSRL,Walnuts,North Coast,103.9771732,1949.323208,2.037882063,3.445920684,1016.733954,50,356.2595846,1085.072261,0.13,0.17,50
RUSRU,Alfalfa,North Coast,119.5214793,187.2098036,5.87624882,2.331077971,310.085831,50,166.0095709,205.0405538,1.86,0.17,50
RUSRU,Berries,North Coast,11.13607598,5388.84825,4.3725,2.407763981,1065.939344,50,9818.188327,9126.397598,0.25,0.17,50
RUSRU,Cucurbits,North Coast,6.2892958,161.7514,13.41,1.932083333,101.6320487,50,1417.709564,496.0756788,0.05,0.17,50
RUSRU,Field and Grain,North Coast,843.4190492,173.2298426,2.485487486,1.305116017,81.51658446,50,48.80951363,209.6822022,0.74,0.17,50
RUSRU,Grapes,North Coast,11033.06729,730.6198686,7.837965954,2.243317817,3325.975697,50,1208.721228,1105.151244,0.13,0.17,50
RUSRU,Orchards,North Coast,1000.843607,2061.666385,2.066393172,2.875298636,607.0648734,50,1472.781853,1550.82325,0.13,0.17,50
RUSRU,Pasture,North Coast,2238.215988,173.2298426,2.485487486,3.069359746,81.51658446,50,48.80951363,209.6822022,0.74,0.17,50
RUSRU,Subtropical,North Coast,30.67084687,942.1801854,4.535541375,2.262567308,863.7792973,50,1846.907779,684.4007169,0.13,0.17,50
RUSRU,Truck,North Coast,42.59212388,750.0942005,17.60330131,1.856129243,736.5300735,50,4084.707976,3313.645347,0.41,0.17,50
RUSRU,Walnuts,North Coast,49.17931509,1949.323208,2.037882063,3.445920684,1016.733954,50,356.2595846,1085.072261,0.13,0.17,50
RUSSRC,Field and Grain,North Coast,239.4284279,173.2298426,2.485487486,1.305116017,81.51658446,50,48.80951363,209.6822022,0.74,0.17,50
RUSSRC,Grapes,North Coast,24974.27496,730.6198686,7.837965954,2.243317817,3325.975697,50,1208.721228,1105.151244,0.13,0.17,50
RUSSRC,Orchards,North Coast,179.7675847,2061.666385,2.066393172,2.875298636,607.0648734,50,1472.781853,1550.82325,0.13,0.17,50
RUSSRC,Pasture,North Coast,380.1607555,173.2298426,2.485487486,3.069359746,81.51658446,50,48.80951363,209.6822022,0.74,0.17,50
RUSSRC,Subtropical,North Coast,127.9010377,942.1801854,4.535541375,2.262567308,863.7792973,50,1846.907779,684.4007169,0.13,0.17,50
RUSSRC,Truck,North Coast,63.36946722,750.0942005,17.60330131,1.856129243,736.5300735,50,4084.707976,3313.645347,0.41,0.17,50
SAL,Alfalfa,Central Coast,124.1446052,199.736451,8.253403631,3.906073496,464.6688622,50,248.7681497,307.2567376,1.86,0.17,50
SAL,Berries,Central Coast,8804.511567,6318.852028,4.903289478,1.420392307,1401.62695,50,12910.1505,12000.49974,0.25,0.17,50
SAL,Cucurbits,Central Coast,73.5450981,365.85,17.8725,1.662176564,306.3671659,50,4273.648587,1495.407224,0.05,0.17,50
SAL,Field and Grain,Central Coast,4465.965288,223.9885825,2.362115684,0.864004742,100.1702431,50,59.97872552,257.6643428,0.74,0.17,50
SAL,Grapes,Central Coast,48837.82923,1508.011287,11.85419447,2.457170381,2364.126279,50,7770.695391,5397.648302,0.13,0.17,50
SAL,Lettuce,Central Coast,112509.6856,479.2433265,17.02508876,1.36519475,706.2286879,50,4351.417982,3035.988095,0.25,0.17,50
SAL,Onions and Garlic,Central Coast,999.4362001,426.9855608,22.97465084,1.590455311,1575.045865,50,2746.112992,4092.094542,0.41,0.17,50
SAL,Orchards,Central Coast,237.282651,1503.259449,11.50880315,2.717713319,2465.289127,50,5980.963891,6297.889837,0.13,0.17,50
SAL,Pasture,Central Coast,2934.827098,223.9885825,2.362115684,4.185193859,100.1702431,50,59.97872552,257.6643428,0.74,0.17,50
SAL,Subtropical,Central Coast,1587.01126,654.5088042,14.79755688,2.611553899,1957.695769,50,4185.888173,1551.146678,0.13,0.17,50
SAL,Truck,Central Coast,15837.45299,923.9057691,21.11899335,1.094970985,1033.026808,50,5729.043516,4647.582765,0.41,0.17,50
SAL,Walnuts,Central Coast,357.4916673,2131.866347,1.870657994,2.032823511,1020.701599,50,357.6498318,1089.306585,0.13,0.17,50
SAN,Alfalfa,South Coast,135.391399,199.736451,8.253403631,4.861060872,464.6688622,50,248.7681497,307.2567376,1.86,0.17,50
SAN,Berries,South Coast,186.0479637,6318.852028,4.903289478,2.270858762,1401.62695,50,12910.1505,12000.49974,0.25,0.17,50
SAN,Cucurbits,South Coast,24.72622728,365.85,17.8725,2.078707055,306.3671659,50,4273.648587,1495.407224,0.05,0.17,50
SAN,Field and Grain,South Coast,583.8045473,223.9885825,2.362115684,1.364580401,100.1702431,50,59.97872552,257.6643428,0.74,0.17,50
SAN,Grapes,South Coast,707.1787559,1508.011287,11.85419447,2.882762464,2364.126279,50,7770.695391,5397.648302,0.13,0.17,50
SAN,Lettuce,South Coast,102.7246933,479.2433265,17.02508876,2.182611413,706.2286879,50,4351.417982,3035.988095,0.25,0.17,50
SAN,Orchards,South Coast,21749.0531,1503.259449,11.50880315,2.23900313,2465.289127,50,5980.963891,6297.889837,0.13,0.17,50
SAN,Pasture,South Coast,954.0942154,223.9885825,2.362115684,5.664931619,100.1702431,50,59.97872552,257.6643428,0.74,0.17,50
SAN,Subtropical,South Coast,7328.183118,654.5088042,14.79755688,3.277692314,1957.695769,50,4185.888173,1551.146678,0.13,0.17,50
SAN,Tomatoes,South Coast,660.8028395,230.9595433,32.87764995,2.605312983,240.7834131,50,2570.781849,1711.860449,0.935120824,0.17,50
SAN,Truck,South Coast,318.7356346,923.9057691,21.11899335,1.75058992,1033.026808,50,5729.043516,4647.582765,0.41,0.17,50
SCOV,Alfalfa,North Coast,12313.28184,187.2098036,5.87624882,2.331077971,310.085831,50,166.0095709,205.0405538,1.86,0.17,50
SCOV,Berries,North Coast,2.05539015,5388.84825,4.3725,2.407763981,1065.939344,50,9818.188327,9126.397598,0.25,0.17,50
SCOV,Field and Grain,North Coast,2700.73167,173.2298426,2.485487486,1.305116017,81.51658446,50,48.80951363,209.6822022,0.74,0.17,50
SCOV,Orchards,North Coast,3.81431074,2061.666385,2.066393172,2.875298636,607.0648734,50,1472.781853,1550.82325,0.13,0.17,50
SCOV,Pasture,North Coast,15077.43476,173.2298426,2.485487486,3.069359746,81.51658446,50,48.80951363,209.6822022,0.74,0.17,50
SCOV,Truck,North Coast,4.63451031,750.0942005,17.60330131,1.856129243,736.5300735,50,4084.707976,3313.645347,0.41,0.17,50
SHV,Alfalfa,North Coast,5341.341955,187.2098036,5.87624882,2.331077971,310.085831,50,166.0095709,205.0405538,1.86,0.17,50
SHV,Berries,North Coast,115.4261067,5388.84825,4.3725,2.407763981,1065.939344,50,9818.188327,9126.397598,0.25,0.17,50
SHV,Field and Grain,North Coast,6029.557896,173.2298426,2.485487486,1.305116017,81.51658446,50,48.80951363,209.6822022,0.74,0.17,50
SHV,Grapes,North Coast,3.75212993,730.6198686,7.837965954,2.243317817,3325.975697,50,1208.721228,1105.151244,0.13,0.17,50
SHV,Orchards,North Coast,22.20686391,2061.666385,2.066393172,2.875298636,607.0648734,50,1472.781853,1550.82325,0.13,0.17,50
SHV,Pasture,North Coast,35109.05705,173.2298426,2.485487486,3.069359746,81.51658446,50,48.80951363,209.6822022,0.74,0.17,50
SHV,Truck,North Coast,39.92939282,750.0942005,17.60330131,1.856129243,736.5300735,50,4084.707976,3313.645347,0.41,0.17,50
TULE,Alfalfa,North Coast,7746.806105,187.2098036,5.87624882,2.331077971,310.085831,50,166.0095709,205.0405538,1.86,0.17,50
TULE,Field and Grain,North Coast,13380.81467,173.2298426,2.485487486,1.305116017,81.51658446,50,48.80951363,209.6822022,0.74,0.17,50
TULE,Lettuce,North Coast,471.3459526,479.2433265,17.02508876,2.314196388,706.2286879,50,4351.417982,3035.988095,0.25,0.17,50
TULE,Onions and Garlic,North Coast,1325.165262,248.2454,30.0225,1.699157349,1196.627996,50,2086.336507,3108.934795,0.41,0.17,50
TULE,Pasture,North Coast,516.6373152,173.2298426,2.485487486,3.069359746,81.51658446,50,48.80951363,209.6822022,0.74,0.17,50
TULE,Potatoes,North Coast,3761.819522,960.1331262,14.27542043,2.70089927,1399.755757,50,1460.614703,8489.822961,0.41,0.17,50
WATS,Berries,Central Coast,8593.655816,6318.852028,4.903289478,1.420392307,1401.62695,50,12910.1505,12000.49974,0.25,0.17,50
WATS,Field and Grain,Central Coast,1600.18704,223.9885825,2.362115684,0.864004742,100.1702431,50,59.97872552,257.6643428,0.74,0.17,50
WATS,Grapes,Central Coast,268.2049628,1508.011287,11.85419447,2.457170381,2364.126279,50,7770.695391,5397.648302,0.13,0.17,50
WATS,Lettuce,Central Coast,7616.756561,479.2433265,17.02508876,1.36519475,706.2286879,50,4351.417982,3035.988095,0.25,0.17,50
WATS,Onions and Garlic,Central Coast,1.69087963,426.9855608,22.97465084,1.590455311,1575.045865,50,2746.112992,4092.094542,0.41,0.17,50
WATS,Orchards,Central Coast,1774.126745,1503.259449,11.50880315,2.717713319,2465.289127,50,5980.963891,6297.889837,0.13,0.17,50
WATS,Pasture,Central Coast,502.4778247,223.9885825,2.362115684,4.185193859,100.1702431,50,59.97872552,257.6643428,0.74,0.17,50
WATS,Subtropical,Central Coast,76.36745932,654.5088042,14.79755688,2.611553899,1957.695769,50,4185.888173,1551.146678,0.13,0.17,50
WATS,Truck,Central Coast,1855.345368,923.9057691,21.11899335,1.094970985,1033.026808,50,5729.043516,4647.582765,0.41,0.17,50
WATS,Walnuts,Central Coast,52.41471596,2131.866347,1.870657994,2.032823511,1020.701599,50,357.6498318,1089.306585,0.13,0.17,50
