g,i,hr,xland,p,y,xwater,omegaland,omegasupply,omegalabor,theta,sigma,omegaland,omegasupply,omegalabor,omegawater,omegawater,mprof,f_adjustment,mprof,lambdaland,lambdacrop,rho,betaland,betawater,betasupply,betalabor,tau,gamma,delta,xlandcalib,xwatercalib,diffland,diffwater,percdiffland,percdiffwater,status,pc,pimarginal
SACRAMENTO VALLEY - ANTELOPE,
SACRAMENTO VALLEY - ANTELOPE,
SACRAMENTO VALLEY - ANTELOPE,
SACRAMENTO VALLEY - ANTELOPE,
SACRAMENTO VALLEY - ANTELOPE,
SACRAMENTO VALLEY - ANTELOPE,
SACRAMENTO VALLEY - ANTELOPE,
SACRAMENTO VALLEY - ANTELOPE,
SACRAMENTO VALLEY - BEND,
SACRAMENTO VALLEY - BEND,
SACRAMENTO VALLEY - BEND,
SACRAMENTO VALLEY - BEND,
SACRAMENTO VALLEY - BEND,
SACRAMENTO VALLEY - BUTTE,
SACRAMENTO VALLEY - BUTTE,
SACRAMENTO VALLEY - BUTTE,
SACRAMENTO VALLEY - BUTTE,
SACRAMENTO VALLEY - BUTTE,
SACRAMENTO VALLEY - BUTTE,
SACRAMENTO VALLEY - BUTTE,
SACRAMENTO VALLEY - BUTTE,
SACRAMENTO VALLEY - BUTTE,
SACRAMENTO VALLEY - BUTTE,
SACRAMENTO VALLEY - BUTTE,
SACRAMENTO VALLEY - BUTTE,
SACRAMENTO VALLEY - BUTTE,
SACRAMENTO VALLEY - BUTTE,
SACRAMENTO VALLEY - BUTTE,
SACRAMENTO VALLEY - COLUSA,
SACRAMENTO VALLEY - COLUSA,
SACRAMENTO VALLEY - COLUSA,
SACRAMENTO VALLEY - COLUSA,
SACRAMENTO VALLEY - COLUSA,
SACRAMENTO VALLEY - COLUSA,
SACRAMENTO VALLEY - COLUSA,
SACRAMENTO VALLEY - COLUSA,
SACRAMENTO VALLEY - COLUSA,
SACRAMENTO VALLEY - COLUSA,
SACRAMENTO VALLEY - COLUSA,
SACRAMENTO VALLEY - COLUSA,
SACRAMENTO VALLEY - COLUSA,
SACRAMENTO VALLEY - COLUSA,
SACRAMENTO VALLEY - COLUSA,
SACRAMENTO VALLEY - COLUSA,
SACRAMENTO VALLEY - COLUSA,
SACRAMENTO VALLEY - CORNING,
SACRAMENTO VALLEY - CORNING,
SACRAMENTO VALLEY - CORNING,
SACRAMENTO VALLEY - CORNING,
SACRAMENTO VALLEY - CORNING,
SACRAMENTO VALLEY - CORNING,
SACRAMENTO VALLEY - CORNING,
SACRAMENTO VALLEY - CORNING,
SACRAMENTO VALLEY - CORNING,
SACRAMENTO VALLEY - CORNING,
SACRAMENTO VALLEY - CORNING,
SACRAMENTO VALLEY - CORNING,
SACRAMENTO VALLEY - LOS MOLINOS,
SACRAMENTO VALLEY - LOS MOLINOS,
SACRAMENTO VALLEY - LOS MOLINOS,
SACRAMENTO VALLEY - LOS MOLINOS,
SACRAMENTO VALLEY - LOS MOLINOS,
SACRAMENTO VALLEY - LOS MOLINOS,
SACRAMENTO VALLEY - LOS MOLINOS,
SACRAMENTO VALLEY - LOS MOLINOS,
SACRAMENTO VALLEY - LOS MOLINOS,
SACRAMENTO VALLEY - LOS MOLINOS,
SACRAMENTO VALLEY - NORTH AMERICAN,
SACRAMENTO VALLEY - NORTH AMERICAN,
SACRAMENTO VALLEY - NORTH AMERICAN,
SACRAMENTO VALLEY - NORTH AMERICAN,
SACRAMENTO VALLEY - NORTH AMERICAN,
SACRAMENTO VALLEY - NORTH AMERICAN,
SACRAMENTO VALLEY - NORTH AMERICAN,
SACRAMENTO VALLEY - NORTH AMERICAN,
SACRAMENTO VALLEY - NORTH AMERICAN,
SACRAMENTO VALLEY - NORTH AMERICAN,
SACRAMENTO VALLEY - NORTH AMERICAN,
SACRAMENTO VALLEY - NORTH AMERICAN,
SACRAMENTO VALLEY - NORTH AMERICAN,
SACRAMENTO VALLEY - NORTH AMERICAN,
SACRAMENTO VALLEY - NORTH AMERICAN,
SACRAMENTO VALLEY - NORTH AMERICAN,
SACRAMENTO VALLEY - NORTH YUBA,
SACRAMENTO VALLEY - NORTH YUBA,
SACRAMENTO VALLEY - NORTH YUBA,
SACRAMENTO VALLEY - NORTH YUBA,
SACRAMENTO VALLEY - NORTH YUBA,
SACRAMENTO VALLEY - NORTH YUBA,
SACRAMENTO VALLEY - NORTH YUBA,
SACRAMENTO VALLEY - NORTH YUBA,
SACRAMENTO VALLEY - NORTH YUBA,
SACRAMENTO VALLEY - NORTH YUBA,
SACRAMENTO VALLEY - NORTH YUBA,
SACRAMENTO VALLEY - NORTH YUBA,
SACRAMENTO VALLEY - RED BLUFF,
SACRAMENTO VALLEY - RED BLUFF,
SACRAMENTO VALLEY - RED BLUFF,
SACRAMENTO VALLEY - RED BLUFF,
SACRAMENTO VALLEY - RED BLUFF,
SACRAMENTO VALLEY - RED BLUFF,
SACRAMENTO VALLEY - RED BLUFF,
SACRAMENTO VALLEY - RED BLUFF,
SACRAMENTO VALLEY - RED BLUFF,
SACRAMENTO VALLEY - RED BLUFF,
SACRAMENTO VALLEY - RED BLUFF,
SACRAMENTO VALLEY - RED BLUFF,
SACRAMENTO VALLEY - RED BLUFF,
SACRAMENTO VALLEY - SOLANO,
SACRAMENTO VALLEY - SOLANO,
SACRAMENTO VALLEY - SOLANO,
SACRAMENTO VALLEY - SOLANO,
SACRAMENTO VALLEY - SOLANO,
SACRAMENTO VALLEY - SOLANO,
SACRAMENTO VALLEY - SOLANO,
SACRAMENTO VALLEY - SOLANO,
SACRAMENTO VALLEY - SOLANO,
SACRAMENTO VALLEY - SOLANO,
SACRAMENTO VALLEY - SOLANO,
SACRAMENTO VALLEY - SOLANO,
SACRAMENTO VALLEY - SOLANO,
SACRAMENTO VALLEY - SOLANO,
SACRAMENTO VALLEY - SOLANO,
SACRAMENTO VALLEY - SOLANO,
SACRAMENTO VALLEY - SOLANO,
SACRAMENTO VALLEY - SOUTH AMERICAN,
SACRAMENTO VALLEY - SOUTH AMERICAN,
SACRAMENTO VALLEY - SOUTH AMERICAN,
SACRAMENTO VALLEY - SOUTH AMERICAN,
SACRAMENTO VALLEY - SOUTH AMERICAN,
SACRAMENTO VALLEY - SOUTH AMERICAN,
SACRAMENTO VALLEY - SOUTH AMERICAN,
SACRAMENTO VALLEY - SOUTH AMERICAN,
SACRAMENTO VALLEY - SOUTH AMERICAN,
SACRAMENTO VALLEY - SOUTH AMERICAN,
SACRAMENTO VALLEY - SOUTH AMERICAN,
SACRAMENTO VALLEY - SOUTH AMERICAN,
SACRAMENTO VALLEY - SOUTH AMERICAN,
SACRAMENTO VALLEY - SOUTH AMERICAN,
SACRAMENTO VALLEY - SOUTH AMERICAN,
SACRAMENTO VALLEY - SOUTH AMERICAN,
SACRAMENTO VALLEY - SOUTH AMERICAN,
SACRAMENTO VALLEY - SOUTH AMERICAN,
SACRAMENTO VALLEY - SOUTH AMERICAN,
SACRAMENTO VALLEY - SOUTH AMERICAN,
SACRAMENTO VALLEY - SOUTH AMERICAN,
SACRAMENTO VALLEY - SOUTH AMERICAN,
SACRAMENTO VALLEY - SOUTH AMERICAN,
SACRAMENTO VALLEY - SOUTH AMERICAN,
SACRAMENTO VALLEY - SOUTH AMERICAN,
SACRAMENTO VALLEY - SOUTH AMERICAN,
SACRAMENTO VALLEY - SOUTH AMERICAN,
SACRAMENTO VALLEY - SOUTH YUBA,
SACRAMENTO VALLEY - SOUTH YUBA,
SACRAMENTO VALLEY - SOUTH YUBA,
SACRAMENTO VALLEY - SOUTH YUBA,
SACRAMENTO VALLEY - SOUTH YUBA,
SACRAMENTO VALLEY - SOUTH YUBA,
SACRAMENTO VALLEY - SOUTH YUBA,
SACRAMENTO VALLEY - SOUTH YUBA,
SACRAMENTO VALLEY - SOUTH YUBA,
SACRAMENTO VALLEY - SOUTH YUBA,
SACRAMENTO VALLEY - SOUTH YUBA,
SACRAMENTO VALLEY - SOUTH YUBA,
SACRAMENTO VALLEY - SOUTH YUBA,
SACRAMENTO VALLEY - SUTTER,
SACRAMENTO VALLEY - SUTTER,
SACRAMENTO VALLEY - SUTTER,
SACRAMENTO VALLEY - SUTTER,
SACRAMENTO VALLEY - SUTTER,
SACRAMENTO VALLEY - SUTTER,
SACRAMENTO VALLEY - SUTTER,
SACRAMENTO VALLEY - SUTTER,
SACRAMENTO VALLEY - SUTTER,
SACRAMENTO VALLEY - SUTTER,
SACRAMENTO VALLEY - SUTTER,
SACRAMENTO VALLEY - SUTTER,
SACRAMENTO VALLEY - SUTTER,
SACRAMENTO VALLEY - SUTTER,
SACRAMENTO VALLEY - SUTTER,
SACRAMENTO VALLEY - SUTTER,
SACRAMENTO VALLEY - SUTTER,
SACRAMENTO VALLEY - VINA,
SACRAMENTO VALLEY - VINA,
SACRAMENTO VALLEY - VINA,
SACRAMENTO VALLEY - VINA,
SACRAMENTO VALLEY - VINA,
SACRAMENTO VALLEY - VINA,
SACRAMENTO VALLEY - VINA,
SACRAMENTO VALLEY - VINA,
SACRAMENTO VALLEY - VINA,
SACRAMENTO VALLEY - VINA,
SACRAMENTO VALLEY - VINA,
SACRAMENTO VALLEY - VINA,
SACRAMENTO VALLEY - VINA,
SACRAMENTO VALLEY - VINA,
SACRAMENTO VALLEY - WYANDOTTE CREEK,
SACRAMENTO VALLEY - WYANDOTTE CREEK,
SACRAMENTO VALLEY - WYANDOTTE CREEK,
SACRAMENTO VALLEY - WYANDOTTE CREEK,
SACRAMENTO VALLEY - WYANDOTTE CREEK,
SACRAMENTO VALLEY - WYANDOTTE CREEK,
SACRAMENTO VALLEY - WYANDOTTE CREEK,
SACRAMENTO VALLEY - WYANDOTTE CREEK,
SACRAMENTO VALLEY - WYANDOTTE CREEK,
SACRAMENTO VALLEY - WYANDOTTE CREEK,
SACRAMENTO VALLEY - YOLO,
SACRAMENTO VALLEY - YOLO,
SACRAMENTO VALLEY - YOLO,
SACRAMENTO VALLEY - YOLO,
SACRAMENTO VALLEY - YOLO,
SACRAMENTO VALLEY - YOLO,
SACRAMENTO VALLEY - YOLO,
SACRAMENTO VALLEY - YOLO,
SACRAMENTO VALLEY - YOLO,
SACRAMENTO VALLEY - YOLO,
SACRAMENTO VALLEY - YOLO,
SACRAMENTO VALLEY - YOLO,
SACRAMENTO VALLEY - YOLO,
SACRAMENTO VALLEY - YOLO,
SACRAMENTO VALLEY - YOLO,
SACRAMENTO VALLEY - YOLO,
SAN JOAQUIN VALLEY - CHOWCHILLA,
SAN JOAQUIN VALLEY - CHOWCHILLA,
SAN JOAQUIN VALLEY - CHOWCHILLA,
SAN JOAQUIN VALLEY - CHOWCHILLA,
SAN JOAQUIN VALLEY - CHOWCHILLA,
SAN JOAQUIN VALLEY - CHOWCHILLA,
SAN JOAQUIN VALLEY - CHOWCHILLA,
SAN JOAQUIN VALLEY - CHOWCHILLA,
SAN JOAQUIN VALLEY - CHOWCHILLA,
SAN JOAQUIN VALLEY - CHOWCHILLA,
SAN JOAQUIN VALLEY - CHOWCHILLA,
SAN JOAQUIN VALLEY - CHOWCHILLA,
SAN JOAQUIN VALLEY - CHOWCHILLA,
SAN JOAQUIN VALLEY - CHOWCHILLA,
SAN JOAQUIN VALLEY - COSUMNES,
SAN JOAQUIN VALLEY - COSUMNES,
SAN JOAQUIN VALLEY - COSUMNES,
SAN JOAQUIN VALLEY - COSUMNES,
SAN JOAQUIN VALLEY - COSUMNES,
SAN JOAQUIN VALLEY - COSUMNES,
SAN JOAQUIN VALLEY - COSUMNES,
SAN JOAQUIN VALLEY - COSUMNES,
SAN JOAQUIN VALLEY - COSUMNES,
SAN JOAQUIN VALLEY - COSUMNES,
SAN JOAQUIN VALLEY - COSUMNES,
SAN JOAQUIN VALLEY - COSUMNES,
SAN JOAQUIN VALLEY - COSUMNES,
SAN JOAQUIN VALLEY - DELTA-MENDOTA,
SAN JOAQUIN VALLEY - DELTA-MENDOTA,
SAN JOAQUIN VALLEY - DELTA-MENDOTA,
SAN JOAQUIN VALLEY - DELTA-MENDOTA,
SAN JOAQUIN VALLEY - DELTA-MENDOTA,
SAN JOAQUIN VALLEY - DELTA-MENDOTA,
SAN JOAQUIN VALLEY - DELTA-MENDOTA,
SAN JOAQUIN VALLEY - DELTA-MENDOTA,
SAN JOAQUIN VALLEY - DELTA-MENDOTA,
SAN JOAQUIN VALLEY - DELTA-MENDOTA,
SAN JOAQUIN VALLEY - DELTA-MENDOTA,
SAN JOAQUIN VALLEY - DELTA-MENDOTA,
SAN JOAQUIN VALLEY - DELTA-MENDOTA,
SAN JOAQUIN VALLEY - DELTA-MENDOTA,
SAN JOAQUIN VALLEY - DELTA-MENDOTA,
SAN JOAQUIN VALLEY - DELTA-MENDOTA,
SAN JOAQUIN VALLEY - DELTA-MENDOTA,
SAN JOAQUIN VALLEY - DELTA-MENDOTA,
SAN JOAQUIN VALLEY - DELTA-MENDOTA,
SAN JOAQUIN VALLEY - DELTA-MENDOTA,
SAN JOAQUIN VALLEY - DELTA-MENDOTA,
SAN JOAQUIN VALLEY - DELTA-MENDOTA,
SAN JOAQUIN VALLEY - DELTA-MENDOTA,
SAN JOAQUIN VALLEY - DELTA-MENDOTA,
SAN JOAQUIN VALLEY - DELTA-MENDOTA,
SAN JOAQUIN VALLEY - DELTA-MENDOTA,
SAN JOAQUIN VALLEY - DELTA-MENDOTA,
SAN JOAQUIN VALLEY - DELTA-MENDOTA,
SAN JOAQUIN VALLEY - DELTA-MENDOTA,
SAN JOAQUIN VALLEY - EAST CONTRA COSTA,
SAN JOAQUIN VALLEY - EAST CONTRA COSTA,
SAN JOAQUIN VALLEY - EASTERN SAN JOAQUIN,
SAN JOAQUIN VALLEY - EASTERN SAN JOAQUIN,
SAN JOAQUIN VALLEY - EASTERN SAN JOAQUIN,
SAN JOAQUIN VALLEY - EASTERN SAN JOAQUIN,
SAN JOAQUIN VALLEY - EASTERN SAN JOAQUIN,
SAN JOAQUIN VALLEY - EASTERN SAN JOAQUIN,
SAN JOAQUIN VALLEY - EASTERN SAN JOAQUIN,
SAN JOAQUIN VALLEY - EASTERN SAN JOAQUIN,
SAN JOAQUIN VALLEY - EASTERN SAN JOAQUIN,
SAN JOAQUIN VALLEY - EASTERN SAN JOAQUIN,
SAN JOAQUIN VALLEY - EASTERN SAN JOAQUIN,
SAN JOAQUIN VALLEY - EASTERN SAN JOAQUIN,
SAN JOAQUIN VALLEY - EASTERN SAN JOAQUIN,
SAN JOAQUIN VALLEY - EASTERN SAN JOAQUIN,
SAN JOAQUIN VALLEY - EASTERN SAN JOAQUIN,
SAN JOAQUIN VALLEY - EASTERN SAN JOAQUIN,
SAN JOAQUIN VALLEY - EASTERN SAN JOAQUIN,
SAN JOAQUIN VALLEY - EASTERN SAN JOAQUIN,
SAN JOAQUIN VALLEY - EASTERN SAN JOAQUIN,
SAN JOAQUIN VALLEY - KAWEAH,
SAN JOAQUIN VALLEY - KAWEAH,
SAN JOAQUIN VALLEY - KAWEAH,
SAN JOAQUIN VALLEY - KAWEAH,
SAN JOAQUIN VALLEY - KAWEAH,
SAN JOAQUIN VALLEY - KAWEAH,
SAN JOAQUIN VALLEY - KAWEAH,
SAN JOAQUIN VALLEY - KAWEAH,
SAN JOAQUIN VALLEY - KAWEAH,
SAN JOAQUIN VALLEY - KAWEAH,
SAN JOAQUIN VALLEY - KAWEAH,
SAN JOAQUIN VALLEY - KAWEAH,
SAN JOAQUIN VALLEY - KAWEAH,
SAN JOAQUIN VALLEY - KAWEAH,
SAN JOAQUIN VALLEY - KERN COUNTY,
SAN JOAQUIN VALLEY - KERN COUNTY,
SAN JOAQUIN VALLEY - KERN COUNTY,
SAN JOAQUIN VALLEY - KERN COUNTY,
SAN JOAQUIN VALLEY - KERN COUNTY,
SAN JOAQUIN VALLEY - KERN COUNTY,
SAN JOAQUIN VALLEY - KERN COUNTY,
SAN JOAQUIN VALLEY - KERN COUNTY,
SAN JOAQUIN VALLEY - KERN COUNTY,
SAN JOAQUIN VALLEY - KERN COUNTY,
SAN JOAQUIN VALLEY - KERN COUNTY,
SAN JOAQUIN VALLEY - KERN COUNTY,
SAN JOAQUIN VALLEY - KERN COUNTY,
SAN JOAQUIN VALLEY - KERN COUNTY,
SAN JOAQUIN VALLEY - KERN COUNTY,
SAN JOAQUIN VALLEY - KERN COUNTY,
SAN JOAQUIN VALLEY - KERN COUNTY,
SAN JOAQUIN VALLEY - KINGS,
SAN JOAQUIN VALLEY - KINGS,
SAN JOAQUIN VALLEY - KINGS,
SAN JOAQUIN VALLEY - KINGS,
SAN JOAQUIN VALLEY - KINGS,
SAN JOAQUIN VALLEY - KINGS,
SAN JOAQUIN VALLEY - KINGS,
SAN JOAQUIN VALLEY - KINGS,
SAN JOAQUIN VALLEY - KINGS,
SAN JOAQUIN VALLEY - KINGS,
SAN JOAQUIN VALLEY - KINGS,
SAN JOAQUIN VALLEY - KINGS,
SAN JOAQUIN VALLEY - KINGS,
SAN JOAQUIN VALLEY - KINGS,
SAN JOAQUIN VALLEY - KINGS,
SAN JOAQUIN VALLEY - MADERA,
SAN JOAQUIN VALLEY - MADERA,
SAN JOAQUIN VALLEY - MADERA,
SAN JOAQUIN VALLEY - MADERA,
SAN JOAQUIN VALLEY - MADERA,
SAN JOAQUIN VALLEY - MADERA,
SAN JOAQUIN VALLEY - MADERA,
SAN JOAQUIN VALLEY - MADERA,
SAN JOAQUIN VALLEY - MADERA,
SAN JOAQUIN VALLEY - MADERA,
SAN JOAQUIN VALLEY - MADERA,
SAN JOAQUIN VALLEY - MADERA,
SAN JOAQUIN VALLEY - MERCED,
SAN JOAQUIN VALLEY - MERCED,
SAN JOAQUIN VALLEY - MERCED,
SAN JOAQUIN VALLEY - MERCED,
SAN JOAQUIN VALLEY - MERCED,
SAN JOAQUIN VALLEY - MERCED,
SAN JOAQUIN VALLEY - MERCED,
SAN JOAQUIN VALLEY - MERCED,
SAN JOAQUIN VALLEY - MERCED,
SAN JOAQUIN VALLEY - MERCED,
SAN JOAQUIN VALLEY - MERCED,
SAN JOAQUIN VALLEY - MERCED,
SAN JOAQUIN VALLEY - MERCED,
SAN JOAQUIN VALLEY - MERCED,
SAN JOAQUIN VALLEY - MERCED,
SAN JOAQUIN VALLEY - MERCED,
SAN JOAQUIN VALLEY - MERCED,
SAN JOAQUIN VALLEY - MODESTO,
SAN JOAQUIN VALLEY - MODESTO,
SAN JOAQUIN VALLEY - MODESTO,
SAN JOAQUIN VALLEY - MODESTO,
SAN JOAQUIN VALLEY - MODESTO,
SAN JOAQUIN VALLEY - MODESTO,
SAN JOAQUIN VALLEY - MODESTO,
SAN JOAQUIN VALLEY - MODESTO,
SAN JOAQUIN VALLEY - MODESTO,
SAN JOAQUIN VALLEY - MODESTO,
SAN JOAQUIN VALLEY - MODESTO,
SAN JOAQUIN VALLEY - MODESTO,
SAN JOAQUIN VALLEY - MODESTO,
SAN JOAQUIN VALLEY - MODESTO,
SAN JOAQUIN VALLEY - PLEASANT VALLEY,
SAN JOAQUIN VALLEY - PLEASANT VALLEY,
SAN JOAQUIN VALLEY - TRACY,
SAN JOAQUIN VALLEY - TRACY,
SAN JOAQUIN VALLEY - TRACY,
SAN JOAQUIN VALLEY - TRACY,
SAN JOAQUIN VALLEY - TRACY,
SAN JOAQUIN VALLEY - TRACY,
SAN JOAQUIN VALLEY - TRACY,
SAN JOAQUIN VALLEY - TRACY,
SAN JOAQUIN VALLEY - TRACY,
SAN JOAQUIN VALLEY - TRACY,
SAN JOAQUIN VALLEY - TRACY,
SAN JOAQUIN VALLEY - TRACY,
SAN JOAQUIN VALLEY - TRACY,
SAN JOAQUIN VALLEY - TRACY,
SAN JOAQUIN VALLEY - TRACY,
SAN JOAQUIN VALLEY - TRACY,
SAN JOAQUIN VALLEY - TULARE LAKE,
SAN JOAQUIN VALLEY - TULARE LAKE,
SAN JOAQUIN VALLEY - TULARE LAKE,
SAN JOAQUIN VALLEY - TULARE LAKE,
SAN JOAQUIN VALLEY - TULARE LAKE,
SAN JOAQUIN VALLEY - TULARE LAKE,
SAN JOAQUIN VALLEY - TULARE LAKE,
SAN JOAQUIN VALLEY - TULARE LAKE,
SAN JOAQUIN VALLEY - TULARE LAKE,
SAN JOAQUIN VALLEY - TULARE LAKE,
SAN JOAQUIN VALLEY - TULARE LAKE,
SAN JOAQUIN VALLEY - TULARE LAKE,
SAN JOAQUIN VALLEY - TULARE LAKE,
SAN JOAQUIN VALLEY - TULARE LAKE,
SAN JOAQUIN VALLEY - TULARE LAKE,
SAN JOAQUIN VALLEY - TULE,
SAN JOAQUIN VALLEY - TULE,
SAN JOAQUIN VALLEY - TULE,
SAN JOAQUIN VALLEY - TULE,
SAN JOAQUIN VALLEY - TULE,
SAN JOAQUIN VALLEY - TULE,
SAN JOAQUIN VALLEY - TULE,
SAN JOAQUIN VALLEY - TULE,
SAN JOAQUIN VALLEY - TULE,
SAN JOAQUIN VALLEY - TULE,
SAN JOAQUIN VALLEY - TULE,
SAN JOAQUIN VALLEY - TULE,
SAN JOAQUIN VALLEY - TULE,
SAN JOAQUIN VALLEY - TULE,
SAN JOAQUIN VALLEY - TULE,
SAN JOAQUIN VALLEY - TURLOCK,
SAN JOAQUIN VALLEY - TURLOCK,
SAN JOAQUIN VALLEY - TURLOCK,
SAN JOAQUIN VALLEY - TURLOCK,
SAN JOAQUIN VALLEY - TURLOCK,
SAN JOAQUIN VALLEY - TURLOCK,
SAN JOAQUIN VALLEY - TURLOCK,
SAN JOAQUIN VALLEY - TURLOCK,
SAN JOAQUIN VALLEY - TURLOCK,
SAN JOAQUIN VALLEY - TURLOCK,
SAN JOAQUIN VALLEY - TURLOCK,
SAN JOAQUIN VALLEY - TURLOCK,
SAN JOAQUIN VALLEY - TURLOCK,
SAN JOAQUIN VALLEY - WESTSIDE,
SAN JOAQUIN VALLEY - WESTSIDE,
SAN JOAQUIN VALLEY - WESTSIDE,
SAN JOAQUIN VALLEY - WESTSIDE,
SAN JOAQUIN VALLEY - WESTSIDE,
SAN JOAQUIN VALLEY - WESTSIDE,
SAN JOAQUIN VALLEY - WESTSIDE,
SAN JOAQUIN VALLEY - WESTSIDE,
SAN JOAQUIN VALLEY - WESTSIDE,
SAN JOAQUIN VALLEY - WESTSIDE,
SAN JOAQUIN VALLEY - WESTSIDE,
SAN JOAQUIN VALLEY - WESTSIDE,
SAN JOAQUIN VALLEY - WESTSIDE,
SAN JOAQUIN VALLEY - WESTSIDE,
SAN JOAQUIN VALLEY - WESTSIDE,
SAN JOAQUIN VALLEY - WESTSIDE,
SAN JOAQUIN VALLEY - WESTSIDE,
SAN JOAQUIN VALLEY - WESTSIDE,
SAN JOAQUIN VALLEY - WESTSIDE,
SAN JOAQUIN VALLEY - WESTSIDE,
SAN JOAQUIN VALLEY - WESTSIDE,
SAN JOAQUIN VALLEY - WESTSIDE,
SAN JOAQUIN VALLEY - WHITE WOLF,
SAN JOAQUIN VALLEY - WHITE WOLF,
SAN JOAQUIN VALLEY - WHITE WOLF,
SAN JOAQUIN VALLEY - WHITE WOLF,
SAN JOAQUIN VALLEY - WHITE WOLF,
SAN JOAQUIN VALLEY - WHITE WOLF,
SAN JOAQUIN VALLEY - WHITE WOLF,
SAN JOAQUIN VALLEY - WHITE WOLF,
SAN JOAQUIN VALLEY - WHITE WOLF,
SAN JOAQUIN VALLEY - WHITE WOLF,
SAN JOAQUIN VALLEY - WHITE WOLF,
SAN JOAQUIN VALLEY - WHITE WOLF,
SAN JOAQUIN VALLEY - WHITE WOLF,