NAME,Subregion,OpenAgName
San Diego - SAN MARCOS AREA,SM01 - 9032,Low & Very Low Overdrafted,
Imperial - IMPERIAL VALLEY - IV01,IV01 - 7030, Low & Very Low Overdrafted,
Palo Verde - MZimmerman - PV01,PV01 - 7038, Low & Very Low Overdrafted,
Russian River Lower Polygon,SRV - 105503, Low & Very Low Overdrafted,
Russian River Lower - LOWER RUSSIAN RIVER VALLEY - RR060,RR02 Lower - 1060, Low & Very Low Overdrafted,
Russian River Central - KNIGHTS VALLEY - RR050,RR03 Central - 1050,Low & Very Low Overdrafted,
Russian River Central - SANTA ROSA VALLEY - HEALDSBURG AREA - RR055,RR04 Central - 105502,Low & Very Low Overdrafted,
Russian River Central Alexander - ALEXANDER VALLEY - CLOVERDALE AREA - RR054,RR05 Central - 105402,Low & Very Low Overdrafted,
Russian River Central - McDOWELL VALLEY - RR06,RR02 Lower - 1060,Low & Very Low Overdrafted,
Russian River Central - SANEL VALLEY - RR053,RR07 Central - 1053,Low & Very Low Overdrafted,
Russian River Upper POTTER VALLEY - RR051,RR09 Central - 1051,Low & Very Low Overdrafted,
Pitt River Western - BURNEY CREEK VALLEY - PR048,PR01 Western - 5048,Low & Very Low Overdrafted,
Pitt River Eastrn ALTURAS AREA - SOUTH FORK PITT RIVER - PR002,PR12 Eastern - 500201,Low & Very Low Overdrafted,
Pitt River Eastern Lower - DRY VALLEY - RR095,RR01 Lower - 6095,Low & Very Low Overdrafted,
Pitt River Western - GOOSE VALLEY - PR047,PR02 Western - 5047,Low & Very Low Overdrafted,
Pitt River Western - FALL RIVER VALLEY - PR005,PR04 Western - 5005,Low & Very Low Overdrafted,
Pitt River Western - LAKE BRITTON AREA - PR046,PR05 Western 5046,Low & Very Low Overdrafted,
Pitt River Eastern Lower - MADELINE PLAINS - PR002,PR01 Eastern - 6002,Low & Very Low Overdrafted,
Pitt River Western - CAYTON VALLEY - PR045,PR07 Western - 5045,Low & Very Low Overdrafted,
Pitt River Eastern Lower - ASH VALLEY - PR054,PR05 Lower - 5054,Low & Very Low Overdrafted,
Pitt River Western - HOT SPRINGS VALLEY - PR040,PR08 Western - 5040,Low & Very Low Overdrafted,
Pitt River Central -  ROUND VALLEY - PR-036,PR06 Central - 5036,Low & Very Low Overdrafted,
Pitt River Eastern - JESS VALLEY - PR003,PR08 Eastern - 5003,Low & Very Low Overdrafted,
Pitt River Eastrn Upper Rock Prairie Valley - ROCK PRAIRIE VALLEY - PR043,PR09 Eastern - 5043,Low & Very Low Overdrafted,
Pitt River Central - ALTURAS AREA - WARM SPRINGS VALLEY - PR002,PR11 Central - 500202,Low & Very Low Overdrafted,
Pitt River Eastrn Upper - JOSEPH CREEK - PR086,PR13 Eastern - 5086,Low & Very Low Overdrafted,
Pitt River Eastrn - GOOSE LAKE - PR001,PR15 Easter - 5001,Low & Very Low Overdrafted,
Pitt River Eastrn - GOOSE LAKE - FANDANGO VALLEY - PR001,PR16 Eastern - 5001,Low & Very Low Overdrafted,
Russian River Central - ALEXANDER VALLEY - ALEXANDER AREA - RR054,RR10 Central - 1054,Low & Very Low Overdrafted,
San Diego - SAN PASQUAL VALLEY - SD010,SD02 - 9010,Low & Very Low Overdrafted,
Russian River Lower - WILSON GROVE FORMATION HIGHLANDS - RR059,RR18 Lower - 1059,Low & Very Low Overdrafted,
Salinas - SALINAS VALLEY - EAST SIDE AQUIFER - SAL02,SAL02 - 300402, Medium & High Overdrafted,
Russian River Upper - UKIAH VALLEY = RR052,RR08 Central - 1052,Medium & High Overdrafted,
Pitt River Central - BIG VALLEY - PR004,PR10 Central - 5004,Medium & High Overdrafted,
Scott River Valley - SCOTT RIVER VALLEY - SRV005,SRV01 - 1005,Medium & High Overdrafted,
Shasta Valley - SHASTA VALLEY - SV004,SV01 - 1004,Medium & High Overdrafted,
Butte Valley - BUTTE VALLEY - BV003,BV01 - 1003,Medium & High Overdrafted,
Russian River Lower - SANTA ROSA VALLEY - SANTA ROSA PLAIN - RR055,RR19 Lower - 1055,Medium & High Overdrafted,
San Diego - SAN LUIS REY VALLEY - UPPER SAN LUIS REY VALLEY - SD007,SD04 - 900701,Medium & High Overdrafted,
SACRAMENTO VALLEY - ANTELOPE - ANT02-WAs,ANT02-WAs,Medium & High Overdrafted,
SACRAMENTO VALLEY - BEND - BND01-FULL,BND01-FULL,Medium & High Overdrafted,
SACRAMENTO VALLEY - BUTTE - BTE01-IDs,BTE01-IDs,Medium & High Overdrafted,
SACRAMENTO VALLEY - BUTTE - BTE02-WAs,BTE02-WAs,Medium & High Overdrafted,
SACRAMENTO VALLEY - COLUSA - CLS01-SC-ColusaCountyWD,CLS01-SC-ColusaCountyWD,Medium & High Overdrafted,
SACRAMENTO VALLEY - COLUSA - CLS02-North-WAs,CLS02-North-WAs,Medium & High Overdrafted,
SACRAMENTO VALLEY - COLUSA - CLS03-IDs,CLS03-IDs,Medium & High Overdrafted,
SACRAMENTO VALLEY - CORNING - CRN01-IDs,CRN01-IDs,Medium & High Overdrafted,
SACRAMENTO VALLEY - CORNING - CRN02-WAs,CRN02-WAs,Medium & High Overdrafted,
SAN JOAQUIN VALLEY - COSUMNES - CSM01-IDs,CSM01-IDs,Medium & High Overdrafted,
SAN JOAQUIN VALLEY - COSUMNES - CSM02-WAs,CSM02-WAs,Medium & High Overdrafted,
SACRAMENTO VALLEY - LOS MOLINOS - LMS01-IDs,LMS01-IDs,Medium & High Overdrafted,
SACRAMENTO VALLEY - LOS MOLINOS - LMS02-WAs,LMS02-WAs,Medium & High Overdrafted,
SAN JOAQUIN VALLEY - MODESTO - MOD01-CC-OAK&MID,MOD01-CC-OAK&MID,Medium & High Overdrafted,
SAN JOAQUIN VALLEY - MODESTO - MOD02-E&W-WA,MOD02-E&W-WA,Medium & High Overdrafted,
SACRAMENTO VALLEY - NORTH AMERICAN - NAM01-IDs,NAM01-IDs,Medium & High Overdrafted,
SACRAMENTO VALLEY - NORTH AMERICAN - NAM02-WAs,NAM02-WAs,Medium & High Overdrafted,
SACRAMENTO VALLEY - NORTH YUBA - NYB01-CE-IDs,NYB01-CE-IDs,Medium & High Overdrafted,
SACRAMENTO VALLEY - NORTH YUBA - NYB02-CW-WAs,NYB02-CW-WAs,Medium & High Overdrafted,
SACRAMENTO VALLEY - RED BLUFF - RBF01-FULL,RBF01-FULL,Medium & High Overdrafted,
SACRAMENTO VALLEY - SOUTH AMERICAN - SAM01-IDs,SAM01-IDs,Medium & High Overdrafted,
SACRAMENTO VALLEY - SOUTH AMERICAN - SAM02-WAs,SAM02-WAs,Medium & High Overdrafted,
SACRAMENTO VALLEY - SOLANO - SLN01-SE-IDs,SLN01-SE-IDs,Medium & High Overdrafted,
SACRAMENTO VALLEY - SOLANO - SLN02-NC-IDs,SLN02-NC-IDs,Medium & High Overdrafted,
SACRAMENTO VALLEY - SOLANO - SLN03-WAs,SLN03-WAs,Medium & High Overdrafted,
SACRAMENTO VALLEY - SUTTER - STR01-IDs,STR01-IDs,Medium & High Overdrafted,
SACRAMENTO VALLEY - SUTTER - STR02-WAs,STR02-WAs,Medium & High Overdrafted,
SACRAMENTO VALLEY - SOUTH YUBA - SYB01-IDs,SYB01-IDs,Medium & High Overdrafted,
SACRAMENTO VALLEY - SOUTH YUBA - SYB02-WAs,SYB02-WAs,Medium & High Overdrafted,
SAN JOAQUIN VALLEY - TURLOCK - TUR01-CW-TID,TUR01-CW-TID,Medium & High Overdrafted,
SAN JOAQUIN VALLEY - TURLOCK - TUR02-SE-MID,TUR02-SE-MID,Medium & High Overdrafted,
SAN JOAQUIN VALLEY - TURLOCK - TUR03-E-WA,TUR03-E-WA,Medium & High Overdrafted,
SACRAMENTO VALLEY - VINA - VNA01-FULL,VNA01-FULL,Medium & High Overdrafted,
SACRAMENTO VALLEY - WYANDOTTE CREEK - WYC01-FULL,WYC01-FULL,Medium & High Overdrafted,
SACRAMENTO VALLEY - YOLO - YLO01-SE-IDs,YLO01-SE-IDs,Medium & High Overdrafted,
SACRAMENTO VALLEY - YOLO - YLO02-NE-IDs,YLO02-NE-IDs,Medium & High Overdrafted,
SACRAMENTO VALLEY - YOLO - YLO03-CC-WAs,YLO03-CC-WAs,Medium & High Overdrafted,
SAN JOAQUIN VALLEY - TULE - TLE04-E-WAs,TLE04-E-WAs,Medium & High Overdrafted,
SAN JOAQUIN VALLEY - TULE - TLE03-E-ID,TLE03-E-ID,Medium & High Overdrafted,
Oxnard Ventura - TIERRA REJADA - OV01,OV01 - 4015, Critically Overdrafted
Oxnard Ventura - VENTURA RIVER VALLEY - LOWER VENTURA RIVER - VRV01,VRV01 - 4003,Critically Overdrafted
Salinas SALINAS VALLEY - FOREBAY AQUIFER - SAL01,SAL01 - 3004,Critically Overdrafted
Salinas Salinas Valley - SALINAS VALLEY - 180\/400 FOOT AQUIFER - SAL004,SAL02 - 300401,Critically Overdrafted
Watsonville - CORRALITOS - PAJARO VALLEY - WAT002,WAT01 - 3002,Critically Overdrafted
Oxnard Ventura - PLEASANT VALLEY - OXN006,OXN02 - 4006,Critically Overdrafted
Oxnard Ventura - OJAI VALLEY - OXN002,OXN04 - 4002,Critically Overdrafted
Oxnard Ventura - VENTURA RIVER VALLEY - OXN003,OXN05 - 4003,Critically Overdrafted
Oxnard Ventura - LAS POSAS VALLEY - OXN008,OXN06 - 4008,Critically Overdrafted
Oxnard Ventura - ARROYO SANTA ROSA VALLEY - OXN007,OXN07 - 4007,Critically Overdrafted
Oxnard Ventura - SANTA CLARA RIVER VALLEY - FILLMORE - OXN004,OXN09 - 4004,Critically Overdrafted
Oxnard Ventura - SANTA CLARA RIVER VALLEY - PIRU - OXN004,OXN10 - 4004B,Critically Overdrafted
Oxnard Ventura - SANTA CLARA RIVER VALLEY - OXNARD - OXN004,OXN11 - 40047,Critically Overdrafted
Oxnard Ventura - SANTA CLARA RIVER VALLEY - SANTA PAULA - OXN004,OXN13 - 4004C,Critically Overdrafted
Oxnard Ventura - SANTA CLARA RIVER VALLEY - MOUND - OXN004,OXN09 - 4004,Critically Overdrafted
Oxnard Ventura - SANTA CLARA RIVER VALLEY - MOUND - OXN004,OXN16 - 400403,Critically Overdrafted
SAN JOAQUIN VALLEY - CHOWCHILLA - CHW01-E-ChID&WA,CHW01-E-ChID&WA,Critically Overdrafted
SAN JOAQUIN VALLEY - CHOWCHILLA - CHW02-W-WA,CHW02-W-WA,Critically Overdrafted
SAN JOAQUIN VALLEY - DELTA-MENDOTA - DLM01-CC-IDs,DLM01-CC-IDs,Critically Overdrafted
SAN JOAQUIN VALLEY - DELTA-MENDOTA - DLM02-NE-WAs,DLM02-NE-WAs,Critically Overdrafted
SAN JOAQUIN VALLEY - DELTA-MENDOTA - DLM03-NW,DLM03-NW,Critically Overdrafted
SAN JOAQUIN VALLEY - DELTA-MENDOTA - DLM04-SW-IDs,DLM04-SW-IDs,Critically Overdrafted
SAN JOAQUIN VALLEY - DELTA-MENDOTA - DLM05-S-WAs,DLM05-S-WAs,Critically Overdrafted
SAN JOAQUIN VALLEY - DELTA-MENDOTA - DLM06-S-IDs,DLM06-S-IDs,Critically Overdrafted
SAN JOAQUIN VALLEY - EASTERN SAN JOAQUIN - ESJ01-NW-IDs,ESJ01-NW-IDs,Critically Overdrafted
SAN JOAQUIN VALLEY - EASTERN SAN JOAQUIN - ESJ02-SW-IDs,ESJ02-SW-IDs,Critically Overdrafted
SAN JOAQUIN VALLEY - EASTERN SAN JOAQUIN - ESJ03-CE-WAs,ESJ03-CE-WAs,Critically Overdrafted
SAN JOAQUIN VALLEY - KAWEAH - KAW01-CC-TID,KAW01-CC-TID,Critically Overdrafted
SAN JOAQUIN VALLEY - KAWEAH - KAW02-CC,KAW02-CC,Critically Overdrafted
SAN JOAQUIN VALLEY - KAWEAH - KAW03-SE-LindsayStrat,KAW03-SE-LindsayStrat,Critically Overdrafted
SAN JOAQUIN VALLEY - KINGS - KGS01-NE-FID,KGS01-NE-FID,Critically Overdrafted
SAN JOAQUIN VALLEY - KINGS - KGS02-SE,KGS02-SE,Critically Overdrafted
SAN JOAQUIN VALLEY - KINGS - KGS03-CC-WA,KGS03-CC-WA,Critically Overdrafted
SAN JOAQUIN VALLEY - KINGS - KGS04-SW-ID,KGS04-SW-ID,Critically Overdrafted
SAN JOAQUIN VALLEY - KINGS - KGS05-SW-WA,KGS05-SW-WA,Critically Overdrafted
SAN JOAQUIN VALLEY - KERN COUNTY - KRN01-NW,KRN01-NW,Critically Overdrafted
SAN JOAQUIN VALLEY - KERN COUNTY - KRN02-NC,KRN02-NC,Critically Overdrafted
SAN JOAQUIN VALLEY - KERN COUNTY - KRN03-NE,KRN03-NE,Critically Overdrafted
SAN JOAQUIN VALLEY - KERN COUNTY - KRN04-CC,KRN04-CC,Critically Overdrafted
SAN JOAQUIN VALLEY - KERN COUNTY - KRN05-SC,KRN05-SC,Critically Overdrafted
SAN JOAQUIN VALLEY - KERN COUNTY - KRN06-OTHER,KRN06-OTHER,Critically Overdrafted
SAN JOAQUIN VALLEY - MADERA - MAD01-SW-WA,MAD01-SW-WA,Critically Overdrafted
SAN JOAQUIN VALLEY - MADERA - MAD02-CC-MID&Gravelly,MAD02-CC-MID&Gravelly,Critically Overdrafted
SAN JOAQUIN VALLEY - MADERA - MAD03-E-WA,MAD03-E-WA,Critically Overdrafted
SAN JOAQUIN VALLEY - MERCED - MER01-CC-MID,MER01-CC-MID,Critically Overdrafted
SAN JOAQUIN VALLEY - MERCED - MER02-NW-StevinsonMerquin,MER02-NW-StevinsonMerquin,Critically Overdrafted
SAN JOAQUIN VALLEY - MERCED - MER03-SW-TurnerIs,MER03-SW-TurnerIs,Critically Overdrafted
SAN JOAQUIN VALLEY - MERCED - MER04-RestWA,MER04-RestWA,Critically Overdrafted
SAN JOAQUIN VALLEY - TULE - TLE01-NC,TLE01-NC,Critically Overdrafted
SAN JOAQUIN VALLEY - TULE - TLE02-SW-WA,TLE02-SW-WA,Critically Overdrafted
SAN JOAQUIN VALLEY - TULARE LAKE - TLK01-CC-IDs,TLK01-CC-IDs,Critically Overdrafted
SAN JOAQUIN VALLEY - TULARE LAKE - TLK02-EC-CorcID,TLK02-EC-CorcID,Critically Overdrafted
SAN JOAQUIN VALLEY - TULARE LAKE - TLK03-NC-WAs,TLK03-NC-WAs,Critically Overdrafted
SAN JOAQUIN VALLEY - TULARE LAKE - TLK04-NC-Lemoore,TLK04-NC-Lemoore,Critically Overdrafted
SAN JOAQUIN VALLEY - EASTERN SAN JOAQUIN - TRC01-CC-IDs,TRC01-CC-IDs,Critically Overdrafted
SAN JOAQUIN VALLEY - WESTSIDE - WST01-ALL,WST01-ALL,Critically Overdrafted
SAN JOAQUIN VALLEY - WHITE WOLF - WWS01,WWS01,Critically Overdrafted
