i,g,year,xland,xwater,p,y,omegalabor,omegasupply,omegaland,omegawater,sigma,theta,pc,pimarginal,price_yield_correction_factor,alphaland,alphawater,alphasupply,alphalabor,rho,lambdaland,lambdacrop,betaland,betawater,betasupply,betalabor,tau,gamma,delta,Etc
Berry,Okanogan,2016,15,1.7,1900,4.17,5454,7676,195,15,0.17,0.25,3361.636691,667.525,0.952380952,1,1.7,1,1,-4.882352941,24.2,643.325,0.060178918,0.023732628,0.535559404,0.38052905,4.151083769,0.266666667,59.24136162,0.25
Cereal Grain,Okanogan,2016,4,2.4,146,3.1,71,182,195,15,0.17,0.74,163.9354839,24.2,0.952380952,1,2.4,1,1,-4.882352941,24.2,0,0.071676226,0.845595284,0.059512195,0.023216296,2.146442449,0.337837838,167.9762284,0.74
Hay/Silage,Okanogan,2016,3555,2.2,142,5.43,253,455,195,15,0.17,0.51,180.9944751,46.8,0.952380952,1,2.2,1,1,-4.882352941,24.2,22.6,0.096726271,0.620055367,0.1820118,0.101206561,4.484938879,0.000551557,61703.28275,0.51
Orchard,Okanogan,2016,11350,2.3,1255,16.19,5353,3838,195,15,0.17,0.13,1255,10897.95,0.46364265,1,2.3,1,1,-4.882352941,24.2,10873.75,0.497503721,0.090292429,0.17212908,0.24007477,15.88474738,0.000677736,7468.948853,0.13
Vegetable,Okanogan,2016,42,2.2,703,6.71,2222,2929,195,15,0.17,0.3,841.7213115,268.95,0.952380952,1,2.2,1,1,-4.882352941,24.2,244.75,0.064752377,0.216335036,0.408793432,0.310119155,6.39086504,0.079365079,208.5419601,0.3
Vineyard,Okanogan,2016,119,1.4,703,6.71,2222,2929,195,15,0.17,0.13,839.8435171,268.35,0.952380952,1,1.4,1,1,-4.882352941,24.2,244.15,0.080964062,0.018969289,0.511802604,0.388264045,6.688843783,0.064641241,3.270940899,0.13
Cereal Grain,Ahtanum,2016,75,2,146,3.1,71,182,345,15,0.17,0.74,212.7096774,31.4,0.952380952,1,2,1,1,-4.882352941,12.06,19.34,0.248576488,0.584341017,0.120193732,0.046888764,2.614650314,0.018018018,5408.267483,0.74
Hay/Silage,Ahtanum,2016,1297,2,142,5.43,121,263,345,15,0.17,0.51,142,12.06,0.984359194,1,2,1,1,-4.882352941,12.06,0,0.219610026,0.544210481,0.161758351,0.074421142,4.66056111,0.001511784,33242.48988,0.51
Orchard,Ahtanum,2016,156,2,1364,18.6,1717,3232,345,15,0.17,0.13,1364,20046.4,0.20985085,1,2,1,1,-4.882352941,12.06,20034.34,0.777549184,0.033739354,0.123240139,0.065471324,18.47418184,0.049309665,188.707087,0.13
Cereal Grain,Buena,2016,109,2,146,3.1,71,182,345,15,0.17,0.74,212.7096774,31.4,0.952380952,1,2,1,1,-4.882352941,12.06,19.34,0.248576488,0.584341017,0.120193732,0.046888764,2.614650314,0.012397719,7860.015409,0.74
Hay/Silage,Buena,2016,119,2,142,5.43,121,263,345,15,0.17,0.51,142,12.06,0.984359194,1,2,1,1,-4.882352941,12.06,0,0.219610026,0.544210481,0.161758351,0.074421142,4.66056111,0.016477179,3050.004854,0.51
Orchard,Buena,2016,40,2,1364,18.6,1717,3232,345,15,0.17,0.13,1364,20046.4,0.20985085,1,2,1,1,-4.882352941,12.06,20034.34,0.777549184,0.033739354,0.123240139,0.065471324,18.47418184,0.192307692,48.38643257,0.13
Vegetable,Buena,2016,2,2.49,255,16.19,5353,3838,345,15,0.17,0.3,620.8781655,478.6675,0.952380952,1,2.49,1,1,-4.882352941,12.06,466.6075,0.062276722,0.242800441,0.290187558,0.404735278,15.30516204,1.666666667,17.63010535,0.3
Cereal Grain,Bull Ditch,2016,116,2,146,3.1,71,182,345,15,0.17,0.74,212.7096774,31.4,0.952380952,1,2,1,1,-4.882352941,12.06,19.34,0.248576488,0.584341017,0.120193732,0.046888764,2.614650314,0.011649581,8364.78704,0.74
Hay/Silage,Bull Ditch,2016,773,2,142,5.43,121,263,345,15,0.17,0.51,142,12.06,0.984359194,1,2,1,1,-4.882352941,12.06,0,0.219610026,0.544210481,0.161758351,0.074421142,4.66056111,0.00253659,19812.2164,0.51
Cereal Grain,Cascade,2016,567,2,146,3.1,71,182,345,15,0.17,0.74,212.7096774,31.4,0.952380952,1,2,1,1,-4.882352941,12.06,19.34,0.248576488,0.584341017,0.120193732,0.046888764,2.614650314,0.002383336,40886.50217,0.74
Hay/Silage,Cascade,2016,6255,2,142,5.43,121,263,345,15,0.17,0.51,142,12.06,0.984359194,1,2,1,1,-4.882352941,12.06,0,0.219610026,0.544210481,0.161758351,0.074421142,4.66056111,0.000313475,160317.482,0.51
Orchard,Cascade,2016,66,2,1364,18.6,1717,3232,345,15,0.17,0.13,1364,20046.4,0.20985085,1,2,1,1,-4.882352941,12.06,20034.34,0.777549184,0.033739354,0.123240139,0.065471324,18.47418184,0.116550117,79.83761374,0.13
Vegetable,Cascade,2016,89,1,255,16.19,5353,3838,345,15,0.17,0.3,619.4286597,477.55,0.952380952,1,1,1,1,-4.882352941,12.06,465.49,0.082020831,0.00149573,0.38270737,0.533776069,16.19,0.037453184,783.4752742,0.3
Cereal Grain,Ellensburg Wat,2016,401,2,146,3.1,71,182,345,15,0.17,0.74,212.7096774,31.4,0.952380952,1,2,1,1,-4.882352941,12.06,19.34,0.248576488,0.584341017,0.120193732,0.046888764,2.614650314,0.003369953,28916.20348,0.74
Hay/Silage,Ellensburg Wat,2016,7529,2,142,5.43,121,263,345,15,0.17,0.51,142,12.06,0.984359194,1,2,1,1,-4.882352941,12.06,0,0.219610026,0.544210481,0.161758351,0.074421142,4.66056111,0.000260431,192970.4752,0.51
Seed,Ellensburg Wat,2016,2,2.585,8180,0.38,253,455,345,15,0.17,0.74,8180,2016.625,0.351233754,1,2.585,1,1,-4.882352941,12.06,2004.565,0.333934966,0.565953477,0.06433723,0.035774328,0.321115026,0.675675676,904.8742256,0.74
Vegetable,Ellensburg Wat,2016,307,1,255,16.19,5353,3838,345,15,0.17,0.3,619.4286597,477.55,0.952380952,1,1,1,1,-4.882352941,12.06,465.49,0.082020831,0.00149573,0.38270737,0.533776069,16.19,0.010857763,2702.549541,0.3
Vineyard,Ellensburg Wat,2016,3,2,703,6.71,2222,2929,345,15,0.17,0.13,864.7242921,276.3,0.952380952,1,2,1,1,-4.882352941,12.06,264.24,0.093328618,0.1329136,0.439979916,0.333777867,6.523754466,2.564102564,0.110570475,0.13
Cereal Grain,FGP,2016,153,2,146,3.1,71,182,345,15,0.17,0.74,212.7096774,31.4,0.952380952,1,2,1,1,-4.882352941,31.4,0,0.248576488,0.584341017,0.120193732,0.046888764,2.614650314,0.008832362,11032.86567,0.74
Vegetable,FGP,2016,78,1,255,16.19,5353,3838,345,15,0.17,0.3,619.4286597,477.55,0.952380952,1,1,1,1,-4.882352941,31.4,446.15,0.082020831,0.00149573,0.38270737,0.533776069,16.19,0.042735043,686.6412515,0.3
Hay/Silage,Fowler Ditch,2016,27,2,142,5.43,121,263,345,15,0.17,0.51,142,12.06,0.984359194,1,2,1,1,-4.882352941,12.06,0,0.219610026,0.544210481,0.161758351,0.074421142,4.66056111,0.072621641,692.017908,0.51
Herb,Fowler Ditch,2016,712,1,368,0.06,758,606,345,15,0.17,0.41,30170,86.2,0.952380952,1,1,1,1,-4.882352941,12.06,74.14,0.238205723,0.008286377,0.334769639,0.418738261,0.06,0.003425596,10982.16005,0.41
Vineyard,Fowler Ditch,2016,18,2,703,6.71,2222,2929,345,15,0.17,0.13,864.7242921,276.3,0.952380952,1,2,1,1,-4.882352941,12.06,264.24,0.093328618,0.1329136,0.439979916,0.333777867,6.523754466,0.427350427,0.663422852,0.13
Berry,Irrigated area outside irrigation districts,2016,206,2,1900,4.17,5454,7676,345,15,0.17,0.25,3400.539568,675.25,0.952380952,1,2,1,1,-4.882352941,12.06,663.19,0.067858005,0.058850536,0.510539622,0.362751837,4.120303582,0.019417476,962.3563247,0.25
Cereal Grain,Irrigated area outside irrigation districts,2016,7913,2,146,3.1,71,182,345,15,0.17,0.74,212.7096774,31.4,0.952380952,1,2,1,1,-4.882352941,12.06,19.34,0.248576488,0.584341017,0.120193732,0.046888764,2.614650314,0.000170776,570608.2746,0.74
Hay/Silage,Irrigated area outside irrigation districts,2016,10959,2,142,5.43,121,263,345,15,0.17,0.51,142,12.06,0.984359194,1,2,1,1,-4.882352941,12.06,0,0.219610026,0.544210481,0.161758351,0.074421142,4.66056111,0.00017892,280882.3798,0.51
Herb,Irrigated area outside irrigation districts,2016,4058,1,368,0.06,758,606,345,15,0.17,0.41,30170,86.2,0.952380952,1,1,1,1,-4.882352941,12.06,74.14,0.238205723,0.008286377,0.334769639,0.418738261,0.06,0.000601041,62592.14253,0.41
Oilseed,Irrigated area outside irrigation districts,2016,13,2.603,314,1,253,455,345,15,0.17,0.74,1146.64725,54.60225,0.952380952,1,2.603,1,1,-4.882352941,12.06,42.54225,0.075727526,0.790101337,0.086225801,0.047945336,0.731503188,0.103950104,995.2187783,0.74
Orchard,Irrigated area outside irrigation districts,2016,10727,2,1364,18.6,1717,3232,345,15,0.17,0.13,1364,20046.4,0.20985085,1,2,1,1,-4.882352941,12.06,20034.34,0.777549184,0.033739354,0.123240139,0.065471324,18.47418184,0.000717098,12976.03155,0.13
Seed,Irrigated area outside irrigation districts,2016,60,2.264,8180,0.38,253,455,345,15,0.17,0.74,8180,2021.44,0.349684725,1,2.264,1,1,-4.882352941,12.06,2009.38,0.482033433,0.373750077,0.092681501,0.051534989,0.346043561,0.022522523,27201.57386,0.74
Vegetable,Irrigated area outside irrigation districts,2016,5082,1,255,16.19,5353,3838,345,15,0.17,0.3,619.4286597,477.55,0.952380952,1,1,1,1,-4.882352941,12.06,465.49,0.082020831,0.00149573,0.38270737,0.533776069,16.19,0.00065591,44737.31847,0.3
Vineyard,Irrigated area outside irrigation districts,2016,5083,2,703,6.71,2222,2929,345,15,0.17,0.13,864.7242921,276.3,0.952380952,1,2,1,1,-4.882352941,12.06,264.24,0.093328618,0.1329136,0.439979916,0.333777867,6.523754466,0.00151334,187.3432421,0.13
Berry,KID,2016,2,1.657,1900,4.17,5454,7676,345,15,0.17,0.25,3399.244065,674.99275,0.952380952,1,1.657,1,1,-4.882352941,12.06,662.93275,0.070624103,0.020257205,0.531484774,0.377633918,4.154050268,2,9.340909439,0.25
Cereal Grain,KID,2016,1734,2,146,3.1,71,182,345,15,0.17,0.74,212.7096774,31.4,0.952380952,1,2,1,1,-4.882352941,12.06,19.34,0.248576488,0.584341017,0.120193732,0.046888764,2.614650314,0.000779326,125039.1442,0.74
Hay/Silage,KID,2016,2019,2,142,5.43,121,263,345,15,0.17,0.51,142,12.06,0.984359194,1,2,1,1,-4.882352941,12.06,0,0.219610026,0.544210481,0.161758351,0.074421142,4.66056111,0.000971166,51747.56134,0.51
Herb,KID,2016,11,1,368,0.06,758,606,345,15,0.17,0.41,30170,86.2,0.952380952,1,1,1,1,-4.882352941,12.06,74.14,0.238205723,0.008286377,0.334769639,0.418738261,0.06,0.22172949,169.668203,0.41
Orchard,KID,2016,2782,2,1364,18.6,1717,3232,345,15,0.17,0.13,1364,20046.4,0.20985085,1,2,1,1,-4.882352941,12.06,20034.34,0.777549184,0.033739354,0.123240139,0.065471324,18.47418184,0.002765028,3365.276385,0.13
Vegetable,KID,2016,664,1,255,16.19,5353,3838,345,15,0.17,0.3,619.4286597,477.55,0.952380952,1,1,1,1,-4.882352941,12.06,465.49,0.082020831,0.00149573,0.38270737,0.533776069,16.19,0.00502008,5845.253731,0.3
Vineyard,KID,2016,4410,2,703,6.71,2222,2929,345,15,0.17,0.13,864.7242921,276.3,0.952380952,1,2,1,1,-4.882352941,12.06,264.24,0.093328618,0.1329136,0.439979916,0.333777867,6.523754466,0.001744287,162.5385988,0.13
Cereal Grain,KRD,2016,1470,2,146,3.1,71,182,345,15,0.17,0.74,212.7096774,31.4,0.952380952,1,2,1,1,-4.882352941,12.06,19.34,0.248576488,0.584341017,0.120193732,0.046888764,2.614650314,0.000919287,106002.0427,0.74
Hay/Silage,KRD,2016,27527,2,142,5.43,121,263,345,15,0.17,0.51,142,12.06,0.984359194,1,2,1,1,-4.882352941,12.06,0,0.219610026,0.544210481,0.161758351,0.074421142,4.66056111,7.12E-05,705525.0724,0.51
Herb,KRD,2016,5,1,368,0.06,758,606,345,15,0.17,0.41,30170,86.2,0.952380952,1,1,1,1,-4.882352941,12.06,74.14,0.238205723,0.008286377,0.334769639,0.418738261,0.06,0.487804878,77.12191046,0.41
Orchard,KRD,2016,823,2,1364,18.6,1717,3232,345,15,0.17,0.13,1364,20046.4,0.20985085,1,2,1,1,-4.882352941,12.06,20034.34,0.777549184,0.033739354,0.123240139,0.065471324,18.47418184,0.009346668,995.5508501,0.13
Seed,KRD,2016,173,2,8180,0.38,253,455,345,15,0.17,0.74,8180,2025.4,0.348410758,1,2,1,1,-4.882352941,12.06,2013.34,0.598099215,0.223258259,0.114805578,0.063836948,0.361553697,0.007811279,78562.45139,0.74
Vegetable,KRD,2016,17,1.824,255,16.19,5353,3838,345,15,0.17,0.3,620.2302656,478.168,0.952380952,1,1.824,1,1,-4.882352941,12.06,466.108,0.078182204,0.048882216,0.36452255,0.50841303,16.03361721,0.196078431,149.7650178,0.3
Vineyard,KRD,2016,14,2,703,6.71,2222,2929,345,15,0.17,0.13,864.7242921,276.3,0.952380952,1,2,1,1,-4.882352941,12.06,264.24,0.093328618,0.1329136,0.439979916,0.333777867,6.523754466,0.549450549,0.515995552,0.13
Hay/Silage,Moxee-Selah,2016,192,2,142,5.43,121,263,345,15,0.17,0.51,142,12.06,0.984359194,1,2,1,1,-4.882352941,12.06,0,0.219610026,0.544210481,0.161758351,0.074421142,4.66056111,0.010212418,4921.016235,0.51
Herb,Moxee-Selah,2016,3329,1,368,0.06,758,606,345,15,0.17,0.41,30170,86.2,0.952380952,1,1,1,1,-4.882352941,12.06,74.14,0.238205723,0.008286377,0.334769639,0.418738261,0.06,0.00073266,51347.76798,0.41
Orchard,Moxee-Selah,2016,160,2,1364,18.6,1717,3232,345,15,0.17,0.13,1364,20046.4,0.20985085,1,2,1,1,-4.882352941,12.06,20034.34,0.777549184,0.033739354,0.123240139,0.065471324,18.47418184,0.048076923,193.5457303,0.13
Vegetable,Moxee-Selah,2016,2,1,255,16.19,5353,3838,345,15,0.17,0.3,619.4286597,477.55,0.952380952,1,1,1,1,-4.882352941,12.06,465.49,0.082020831,0.00149573,0.38270737,0.533776069,16.19,1.666666667,17.60618594,0.3
Vineyard,Moxee-Selah,2016,49,2,703,6.71,2222,2929,345,15,0.17,0.13,864.7242921,276.3,0.952380952,1,2,1,1,-4.882352941,12.06,264.24,0.093328618,0.1329136,0.439979916,0.333777867,6.523754466,0.156985871,1.805984431,0.13
Berry,Naches-Selah,2016,5,2,1900,4.17,5454,7676,345,15,0.17,0.25,3400.539568,675.25,0.952380952,1,2,1,1,-4.882352941,12.06,663.19,0.067858005,0.058850536,0.510539622,0.362751837,4.120303582,0.8,23.35816322,0.25
Hay/Silage,Naches-Selah,2016,626,2,142,5.43,121,263,345,15,0.17,0.51,142,12.06,0.984359194,1,2,1,1,-4.882352941,12.06,0,0.219610026,0.544210481,0.161758351,0.074421142,4.66056111,0.003132243,16044.56335,0.51
Orchard,Naches-Selah,2016,4352,2,1364,18.6,1717,3232,345,15,0.17,0.13,1364,20046.4,0.20985085,1,2,1,1,-4.882352941,12.06,20034.34,0.777549184,0.033739354,0.123240139,0.065471324,18.47418184,0.001767534,5264.443863,0.13
Vineyard,Naches-Selah,2016,15,2,703,6.71,2222,2929,345,15,0.17,0.13,864.7242921,276.3,0.952380952,1,2,1,1,-4.882352941,12.06,264.24,0.093328618,0.1329136,0.439979916,0.333777867,6.523754466,0.512820513,0.552852377,0.13
Cereal Grain,Not In I.D.,2016,59,2,146,3.1,71,182,345,15,0.17,0.74,212.7096774,31.4,0.952380952,1,2,1,1,-4.882352941,12.06,19.34,0.248576488,0.584341017,0.120193732,0.046888764,2.614650314,0.02290426,4254.503753,0.74
Hay/Silage,Not In I.D.,2016,1388,2,142,5.43,121,263,345,15,0.17,0.51,142,12.06,0.984359194,1,2,1,1,-4.882352941,12.06,0,0.219610026,0.544210481,0.161758351,0.074421142,4.66056111,0.001412669,35574.84653,0.51
Herb,Not In I.D.,2016,241,1,368,0.06,758,606,345,15,0.17,0.41,30170,86.2,0.952380952,1,1,1,1,-4.882352941,12.06,74.14,0.238205723,0.008286377,0.334769639,0.418738261,0.06,0.010120433,3717.276084,0.41
Orchard,Not In I.D.,2016,2694,2,1364,18.6,1717,3232,345,15,0.17,0.13,1364,20046.4,0.20985085,1,2,1,1,-4.882352941,12.06,20034.34,0.777549184,0.033739354,0.123240139,0.065471324,18.47418184,0.002855348,3258.826234,0.13
Vegetable,Not In I.D.,2016,9,1,255,16.19,5353,3838,345,15,0.17,0.3,619.4286597,477.55,0.952380952,1,1,1,1,-4.882352941,12.06,465.49,0.082020831,0.00149573,0.38270737,0.533776069,16.19,0.37037037,79.22783672,0.3
Vineyard,Not In I.D.,2016,2,2.497,703,6.71,2222,2929,345,15,0.17,0.13,865.8908718,276.67275,0.952380952,1,2.497,1,1,-4.882352941,12.06,264.61275,0.068788866,0.361246552,0.324097508,0.245867075,6.129517701,3.846153846,0.073757875,0.13
Cereal Grain,Olsen,2016,49,2,146,3.1,71,182,345,15,0.17,0.74,212.7096774,31.4,0.952380952,1,2,1,1,-4.882352941,12.06,19.34,0.248576488,0.584341017,0.120193732,0.046888764,2.614650314,0.027578599,3533.401422,0.74
Hay/Silage,Olsen,2016,361,2,142,5.43,121,263,345,15,0.17,0.51,142,12.06,0.984359194,1,2,1,1,-4.882352941,12.06,0,0.219610026,0.544210481,0.161758351,0.074421142,4.66056111,0.005431535,9252.535733,0.51
Cereal Grain,Packwood,2016,21,2.493,146,3.1,71,182,345,15,0.17,0.74,215.2144355,31.76975,0.952380952,1,2.493,1,1,-4.882352941,12.06,19.70975,0.09751131,0.837010075,0.047103194,0.018375422,2.163356131,0.064350064,1515.802456,0.74
Hay/Silage,Packwood,2016,378,2,142,5.43,121,263,345,15,0.17,0.51,142,12.06,0.984359194,1,2,1,1,-4.882352941,12.06,0,0.219610026,0.544210481,0.161758351,0.074421142,4.66056111,0.00518726,9688.250712,0.51
Berry,Roza,2016,1097,2,1900,4.17,5454,7676,345,15,0.17,0.25,3400.539568,675.25,0.952380952,1,2,1,1,-4.882352941,12.06,663.19,0.067858005,0.058850536,0.510539622,0.362751837,4.120303582,0.003646308,5124.781011,0.25
Cereal Grain,Roza,2016,4409,2,146,3.1,71,182,345,15,0.17,0.74,212.7096774,31.4,0.952380952,1,2,1,1,-4.882352941,12.06,19.34,0.248576488,0.584341017,0.120193732,0.046888764,2.614650314,0.000306498,317934.0178,0.74
Hay/Silage,Roza,2016,4584,2,142,5.43,121,263,345,15,0.17,0.51,142,12.06,0.984359194,1,2,1,1,-4.882352941,12.06,0,0.219610026,0.544210481,0.161758351,0.074421142,4.66056111,0.000427745,117489.2626,0.51
Herb,Roza,2016,6955,1,368,0.06,758,606,345,15,0.17,0.41,30170,86.2,0.952380952,1,1,1,1,-4.882352941,12.06,74.14,0.238205723,0.008286377,0.334769639,0.418738261,0.06,0.000350686,107276.5774,0.41
Orchard,Roza,2016,27978,2,1364,18.6,1717,3232,345,15,0.17,0.13,1364,20046.4,0.20985085,1,2,1,1,-4.882352941,12.06,20034.34,0.777549184,0.033739354,0.123240139,0.065471324,18.47418184,0.000274941,33843.89026,0.13
Vegetable,Roza,2016,316,1,255,16.19,5353,3838,345,15,0.17,0.3,619.4286597,477.55,0.952380952,1,1,1,1,-4.882352941,12.06,465.49,0.082020831,0.00149573,0.38270737,0.533776069,16.19,0.010548523,2781.777378,0.3
Vineyard,Roza,2016,18424,2,703,6.71,2222,2929,345,15,0.17,0.13,864.7242921,276.3,0.952380952,1,2,1,1,-4.882352941,12.06,264.24,0.093328618,0.1329136,0.439979916,0.333777867,6.523754466,0.000417516,679.0501461,0.13
Berry,SVID,2016,26,2,1900,4.17,5454,7676,345,15,0.17,0.25,3400.539568,675.25,0.952380952,1,2,1,1,-4.882352941,12.06,663.19,0.067858005,0.058850536,0.510539622,0.362751837,4.120303582,0.153846154,121.4624487,0.25
Cereal Grain,SVID,2016,16209,2,146,3.1,71,182,345,15,0.17,0.74,212.7096774,31.4,0.952380952,1,2,1,1,-4.882352941,12.06,19.34,0.248576488,0.584341017,0.120193732,0.046888764,2.614650314,8.34E-05,1168834.768,0.74
Hay/Silage,SVID,2016,9706,2,142,5.43,121,263,345,15,0.17,0.51,142,12.06,0.984359194,1,2,1,1,-4.882352941,12.06,0,0.219610026,0.544210481,0.161758351,0.074421142,4.66056111,0.000202018,248767.6228,0.51
Herb,SVID,2016,7438,1,368,0.06,758,606,345,15,0.17,0.41,30170,86.2,0.952380952,1,1,1,1,-4.882352941,12.06,74.14,0.238205723,0.008286377,0.334769639,0.418738261,0.06,0.000327914,114726.554,0.41
Orchard,SVID,2016,7485,2,1364,18.6,1717,3232,345,15,0.17,0.13,1364,20046.4,0.20985085,1,2,1,1,-4.882352941,12.06,20034.34,0.777549184,0.033739354,0.123240139,0.065471324,18.47418184,0.001027696,9054.311194,0.13
Vegetable,SVID,2016,1353,1,255,16.19,5353,3838,345,15,0.17,0.3,619.4286597,477.55,0.952380952,1,1,1,1,-4.882352941,12.06,465.49,0.082020831,0.00149573,0.38270737,0.533776069,16.19,0.002463661,11910.58479,0.3
Vineyard,SVID,2016,9399,2,703,6.71,2222,2929,345,15,0.17,0.13,864.7242921,276.3,0.952380952,1,2,1,1,-4.882352941,12.06,264.24,0.093328618,0.1329136,0.439979916,0.333777867,6.523754466,0.000818418,346.4172994,0.13
Hay/Silage,Terrace Heights,2016,14,2,142,5.43,121,263,345,15,0.17,0.51,142,12.06,0.984359194,1,2,1,1,-4.882352941,12.06,0,0.219610026,0.544210481,0.161758351,0.074421142,4.66056111,0.140056022,358.8241004,0.51
Orchard,Terrace Heights,2016,44,2,1364,18.6,1717,3232,345,15,0.17,0.13,1364,20046.4,0.20985085,1,2,1,1,-4.882352941,12.06,20034.34,0.777549184,0.033739354,0.123240139,0.065471324,18.47418184,0.174825175,53.22507583,0.13
Vineyard,Terrace Heights,2016,11,2,703,6.71,2222,2929,345,15,0.17,0.13,864.7242921,276.3,0.952380952,1,2,1,1,-4.882352941,12.06,264.24,0.093328618,0.1329136,0.439979916,0.333777867,6.523754466,0.699300699,0.405425076,0.13
Hay/Silage,Throp Mill,2016,66,2,142,5.43,121,263,345,15,0.17,0.51,142,12.06,0.984359194,1,2,1,1,-4.882352941,12.06,0,0.219610026,0.544210481,0.161758351,0.074421142,4.66056111,0.029708853,1691.599331,0.51
Hay/Silage,Union Gap,2016,21,2,142,5.43,121,263,345,15,0.17,0.51,142,12.06,0.984359194,1,2,1,1,-4.882352941,12.06,0,0.219610026,0.544210481,0.161758351,0.074421142,4.66056111,0.093370682,538.2361507,0.51
Orchard,Union Gap,2016,1781,2,1364,18.6,1717,3232,345,15,0.17,0.13,1364,20046.4,0.20985085,1,2,1,1,-4.882352941,12.06,20034.34,0.777549184,0.033739354,0.123240139,0.065471324,18.47418184,0.004319095,2154.40591,0.13
Vineyard,Union Gap,2016,56,2,703,6.71,2222,2929,345,15,0.17,0.13,864.7242921,276.3,0.952380952,1,2,1,1,-4.882352941,12.06,264.24,0.093328618,0.1329136,0.439979916,0.333777867,6.523754466,0.137362637,2.063982207,0.13
Cereal Grain,Wenas,2016,15,2.507,146,3.1,71,182,345,15,0.17,0.74,215.2855645,31.78025,0.952380952,1,2.507,1,1,-4.882352941,12.06,19.72025,0.094854862,0.841452096,0.04581871,0.017874332,2.151285479,0.09009009,1082.746214,0.74
Hay/Silage,Wenas,2016,920,2,142,5.43,121,263,345,15,0.17,0.51,142,12.06,0.984359194,1,2,1,1,-4.882352941,12.06,0,0.219610026,0.544210481,0.161758351,0.074421142,4.66056111,0.002131287,23579.86946,0.51
Cereal Grain,West Side,2016,379,2,146,3.1,71,182,345,15,0.17,0.74,212.7096774,31.4,0.952380952,1,2,1,1,-4.882352941,12.06,19.34,0.248576488,0.584341017,0.120193732,0.046888764,2.614650314,0.003565571,27329.77835,0.74
Hay/Silage,West Side,2016,3103,2,142,5.43,121,263,345,15,0.17,0.51,142,12.06,0.984359194,1,2,1,1,-4.882352941,12.06,0,0.219610026,0.544210481,0.161758351,0.074421142,4.66056111,0.0006319,79530.79883,0.51
Berry,Yakima-Tieton,2016,13,2,1900,4.17,5454,7676,345,15,0.17,0.25,3400.539568,675.25,0.952380952,1,2,1,1,-4.882352941,12.06,663.19,0.067858005,0.058850536,0.510539622,0.362751837,4.120303582,0.307692308,60.73122437,0.25
Cereal Grain,Yakima-Tieton,2016,3,2.041,146,3.1,71,182,345,15,0.17,0.74,212.9179839,31.43075,0.952380952,1,2.041,1,1,-4.882352941,12.06,19.37075,0.231445256,0.612999838,0.111901157,0.043653748,2.577161343,0.45045045,216.3483725,0.74
Hay/Silage,Yakima-Tieton,2016,1704,2,142,5.43,121,263,345,15,0.17,0.51,142,12.06,0.984359194,1,2,1,1,-4.882352941,12.06,0,0.219610026,0.544210481,0.161758351,0.074421142,4.66056111,0.001150695,43674.01908,0.51
Orchard,Yakima-Tieton,2016,15126,2,1364,18.6,1717,3232,345,15,0.17,0.13,1364,20046.4,0.20985085,1,2,1,1,-4.882352941,12.06,20034.34,0.777549184,0.033739354,0.123240139,0.065471324,18.47418184,0.000508549,18297.32948,0.13
Vegetable,Yakima-Tieton,2016,12,1,255,16.19,5353,3838,345,15,0.17,0.3,619.4286597,477.55,0.952380952,1,1,1,1,-4.882352941,12.06,465.49,0.082020831,0.00149573,0.38270737,0.533776069,16.19,0.277777778,105.6371156,0.3
Vineyard,Yakima-Tieton,2016,69,2,703,6.71,2222,2929,345,15,0.17,0.13,864.7242921,276.3,0.952380952,1,2,1,1,-4.882352941,12.06,264.24,0.093328618,0.1329136,0.439979916,0.333777867,6.523754466,0.11148272,2.543120934,0.13
Berry,Yakima-Wapato,2016,23,2,1900,4.17,5454,7676,345,15,0.17,0.25,3400.539568,675.25,0.952380952,1,2,1,1,-4.882352941,12.06,663.19,0.067858005,0.058850536,0.510539622,0.362751837,4.120303582,0.173913043,107.4475508,0.25
Cereal Grain,Yakima-Wapato,2016,32787,2,146,3.1,71,182,345,15,0.17,0.74,212.7096774,31.4,0.952380952,1,2,1,1,-4.882352941,12.06,19.34,0.248576488,0.584341017,0.120193732,0.046888764,2.614650314,4.12E-05,2364278.213,0.74
Hay/Silage,Yakima-Wapato,2016,15994,2,142,5.43,121,263,345,15,0.17,0.51,142,12.06,0.984359194,1,2,1,1,-4.882352941,12.06,0,0.219610026,0.544210481,0.161758351,0.074421142,4.66056111,0.000122595,409930.9045,0.51
Herb,Yakima-Wapato,2016,23495,1,368,0.06,758,606,345,15,0.17,0.41,30170,86.2,0.952380952,1,1,1,1,-4.882352941,12.06,74.14,0.238205723,0.008286377,0.334769639,0.418738261,0.06,0.00010381,362395.8572,0.41
Oilseed,Yakima-Wapato,2016,1109,2,314,1,253,455,345,15,0.17,0.74,1137.15,54.15,0.952380952,1,2,1,1,-4.882352941,12.06,42.09,0.200379317,0.44419401,0.228416859,0.127009814,0.891525101,0.001218531,84803.73192,0.74
Orchard,Yakima-Wapato,2016,10905,2,1364,18.6,1717,3232,345,15,0.17,0.13,1364,20046.4,0.20985085,1,2,1,1,-4.882352941,12.06,20034.34,0.777549184,0.033739354,0.123240139,0.065471324,18.47418184,0.000705393,13191.35118,0.13
Seed,Yakima-Wapato,2016,1376,2,8180,0.38,253,455,345,15,0.17,0.74,8180,2025.4,0.348410758,1,2,1,1,-4.882352941,12.06,2013.34,0.598099215,0.223258259,0.114805578,0.063836948,0.361553697,0.000982087,624866.6654,0.74
Vegetable,Yakima-Wapato,2016,4951,1,255,16.19,5353,3838,345,15,0.17,0.3,619.4286597,477.55,0.952380952,1,1,1,1,-4.882352941,12.06,465.49,0.082020831,0.00149573,0.38270737,0.533776069,16.19,0.000673265,43584.11329,0.3
Vineyard,Yakima-Wapato,2016,2539,2,703,6.71,2222,2929,345,15,0.17,0.13,864.7242921,276.3,0.952380952,1,2,1,1,-4.882352941,12.06,264.24,0.093328618,0.1329136,0.439979916,0.333777867,6.523754466,0.00302966,93.57947899,0.13
Cereal Grain,BLALOCK IRRIGATION DISTRICT NO. 3,2016,29,2,146,3,71,182,231,15,0.17,0.74,179.9,25.7,0.952380952,1,2,1,1,-4.882352941,25.7,0,0.184077404,0.63449843,0.130510664,0.050913501,2.469902463,0.046598322,1426.169523,0.74
Hay/Silage,BLALOCK IRRIGATION DISTRICT NO. 3,2016,37,2,142,5,253,455,231,15,0.17,0.51,203.49,48.45,0.952380952,1,2,1,1,-4.882352941,25.7,22.75,0.149257155,0.472592673,0.243020238,0.135129934,4.412883016,0.052994171,742.1953113,0.51
Vegetable,BLALOCK IRRIGATION DISTRICT NO. 3,2016,37,2,255,16,5353,3838,231,15,0.17,0.3,620.2875,472.6,0.952380952,1,2,1,1,-4.882352941,25.7,446.9,0.065272516,0.082084369,0.356048773,0.496594342,15.73151549,0.09009009,278.6124611,0.3
Cereal Grain,BLALOCK ORCHARDS IRRIGATION DISTRICT NO. 12,2016,18,2,146,3,71,182,231,15,0.17,0.74,179.9,25.7,0.952380952,1,2,1,1,-4.882352941,25.7,0,0.184077404,0.63449843,0.130510664,0.050913501,2.469902463,0.075075075,885.2086692,0.74
Hay/Silage,BLALOCK ORCHARDS IRRIGATION DISTRICT NO. 12,2016,6,2,142,5,253,455,231,15,0.17,0.51,203.49,48.45,0.952380952,1,2,1,1,-4.882352941,25.7,22.75,0.149257155,0.472592673,0.243020238,0.135129934,4.412883016,0.326797386,120.3559964,0.51
Hay/Silage,BRADEN IRRIGATION DISTRICT NO. 20,2016,15,2,142,5,253,455,231,15,0.17,0.51,203.49,48.45,0.952380952,1,2,1,1,-4.882352941,48.45,0,0.149257155,0.472592673,0.243020238,0.135129934,4.412883016,0.130718954,300.8899911,0.51
Cereal Grain,CONSOLIDATED IRRIGATION DISTRICT NO. 14,2016,2,2,146,3,71,182,231,15,0.17,0.74,179.9,25.7,0.952380952,1,2,1,1,-4.882352941,25.7,0,0.184077404,0.63449843,0.130510664,0.050913501,2.469902463,0.675675676,98.3565188,0.74
Hay/Silage,CONSOLIDATED IRRIGATION DISTRICT NO. 14,2016,7,2,142,5,253,455,231,15,0.17,0.51,203.49,48.45,0.952380952,1,2,1,1,-4.882352941,25.7,22.75,0.149257155,0.472592673,0.243020238,0.135129934,4.412883016,0.280112045,140.4153292,0.51
Vegetable,CONSOLIDATED IRRIGATION DISTRICT NO. 14,2016,24,2,255,16,5353,3838,231,15,0.17,0.3,620.2875,472.6,0.952380952,1,2,1,1,-4.882352941,25.7,446.9,0.065272516,0.082084369,0.356048773,0.496594342,15.73151549,0.138888889,180.7215964,0.3
Cereal Grain,EAST SIDE IRRIGATION DISTRICT NO. 6,2016,178,3,146,3,71,182,231,15,0.17,0.74,185.15,26.45,0.952380952,1,3,1,1,-4.882352941,26.45,0,0.025440623,0.949558493,0.017984826,0.007016058,1.65555046,0.007591862,8779.305933,0.74
Hay/Silage,EAST SIDE IRRIGATION DISTRICT NO. 6,2016,265,3,142,5,253,455,231,15,0.17,0.51,206.64,49.2,0.952380952,1,3,1,1,-4.882352941,26.45,22.75,0.026440467,0.906750643,0.042935092,0.023873798,3.10380711,0.007399186,5329.989744,0.51
Vegetable,EAST SIDE IRRIGATION DISTRICT NO. 6,2016,121,2,255,16,5353,3838,231,15,0.17,0.3,620.2875,472.6,0.952380952,1,2,1,1,-4.882352941,26.45,446.15,0.065272516,0.082084369,0.356048773,0.496594342,15.73151549,0.027548209,911.1380484,0.3
Cereal Grain,GARDENA FARMS DISTRICT NO. 13,2016,1432,3,146,3,71,182,231,15,0.17,0.74,185.15,26.45,0.952380952,1,3,1,1,-4.882352941,26.45,0,0.025440623,0.949558493,0.017984826,0.007016058,1.65555046,0.000943681,70629.02302,0.74
Hay/Silage,GARDENA FARMS DISTRICT NO. 13,2016,755,3,142,5,253,455,231,15,0.17,0.51,206.64,49.2,0.952380952,1,3,1,1,-4.882352941,26.45,22.75,0.026440467,0.906750643,0.042935092,0.023873798,3.10380711,0.002597065,15185.44248,0.51
Orchard,GARDENA FARMS DISTRICT NO. 13,2016,7,3,4772,19,1717,3232,231,15,0.17,0.13,4772,85443,0.057627829,1,3,1,1,-4.882352941,26.45,85416.55,0.854755326,0.09586932,0.032245129,0.017130225,18.61371532,1.098901099,35.57653541,0.13
Vegetable,GARDENA FARMS DISTRICT NO. 13,2016,160,3,255,16,5353,3838,231,15,0.17,0.3,621.271875,473.35,0.952380952,1,3,1,1,-4.882352941,26.45,446.9,0.036112101,0.492664326,0.196774679,0.274448894,13.93677855,0.020833333,1206.094906,0.3
Vineyard,GARDENA FARMS DISTRICT NO. 13,2016,4,2,703,7,2222,2929,231,15,0.17,0.13,811.8,270.6,0.952380952,1,2,1,1,-4.882352941,26.45,244.15,0.076727492,0.135347244,0.448035935,0.33988933,6.8019409,1.923076923,0.119023876,0.13
Hay/Silage,HUDSON BAY IRRIGATION DISTRICT NO.,2016,62,2,142,5,253,455,231,15,0.17,0.51,203.49,48.45,0.952380952,1,2,1,1,-4.882352941,48.45,0,0.149257155,0.472592673,0.243020238,0.135129934,4.412883016,0.031625553,1243.67863,0.51
Vegetable,HUDSON BAY IRRIGATION DISTRICT NO.,2016,16,2,255,16,5353,3838,231,15,0.17,0.3,620.2875,472.6,0.952380952,1,2,1,1,-4.882352941,48.45,424.15,0.065272516,0.082084369,0.356048773,0.496594342,15.73151549,0.208333333,120.4810643,0.3
Hay/Silage,HYDRO-IRRIGATION DISTRICT NO. 9,2016,27,2,142,5,253,455,231,15,0.17,0.51,203.49,48.45,0.952380952,1,2,1,1,-4.882352941,48.45,0,0.149257155,0.472592673,0.243020238,0.135129934,4.412883016,0.072621641,541.601984,0.51
Vegetable,HYDRO-IRRIGATION DISTRICT NO. 9,2016,15,2,255,16,5353,3838,231,15,0.17,0.3,620.2875,472.6,0.952380952,1,2,1,1,-4.882352941,48.45,424.15,0.065272516,0.082084369,0.356048773,0.496594342,15.73151549,0.222222222,112.9509977,0.3
Berry,Irrigated area outside irrigation districts,2016,29,2,1900,4,5454,7676,231,15,0.17,0.25,3515.1375,669.55,0.952380952,1,2,1,1,-4.882352941,25.7,643.85,0.060377307,0.059322828,0.514636844,0.365663021,3.95193787,0.137931034,119.5825774,0.25
Cereal Grain,Irrigated area outside irrigation districts,2016,14083,2,146,3,71,182,231,15,0.17,0.74,179.9,25.7,0.952380952,1,2,1,1,-4.882352941,25.7,0,0.184077404,0.63449843,0.130510664,0.050913501,2.469902463,9.60E-05,692577.4271,0.74
Hay/Silage,Irrigated area outside irrigation districts,2016,7703,2,142,5,253,455,231,15,0.17,0.51,203.49,48.45,0.952380952,1,2,1,1,-4.882352941,25.7,22.75,0.149257155,0.472592673,0.243020238,0.135129934,4.412883016,0.000254548,154517.0401,0.51
Oilseed,Irrigated area outside irrigation districts,2016,165,2,385,1,882,705,288,15,0.17,0.74,2000.25,95.25,0.952380952,1,2,1,1,-4.882352941,25.7,69.55,0.134234791,0.309912338,0.246928969,0.308923902,0.929712574,0.008190008,12114.72032,0.74
Orchard,Irrigated area outside irrigation districts,2016,1287,2,1364,19,1717,3232,231,15,0.17,0.13,1364,20706,0.20103411,1,2,1,1,-4.882352941,25.7,20680.3,0.78208282,0.033051733,0.120728456,0.064136992,18.87412957,0.005976929,1598.488692,0.13
Vegetable,Irrigated area outside irrigation districts,2016,3601,2,255,16,5353,3838,231,15,0.17,0.3,620.2875,472.6,0.952380952,1,2,1,1,-4.882352941,25.7,446.9,0.065272516,0.082084369,0.356048773,0.496594342,15.73151549,0.000925669,27115.76952,0.3
Vineyard,Irrigated area outside irrigation districts,2016,1792,2,703,7,2222,2929,231,15,0.17,0.13,811.8,270.6,0.952380952,1,2,1,1,-4.882352941,25.7,244.9,0.076727492,0.135347244,0.448035935,0.33988933,6.8019409,0.004292582,53.32269629,0.13
Cereal Grain,LOWDEN IRRIGATION DISTRICT NO. 2,2016,55,3,146,3,71,182,231,15,0.17,0.74,185.15,26.45,0.952380952,1,3,1,1,-4.882352941,26.45,0,0.025440623,0.949558493,0.017984826,0.007016058,1.65555046,0.024570025,2712.70689,0.74
Hay/Silage,LOWDEN IRRIGATION DISTRICT NO. 2,2016,46,3,142,5,253,455,231,15,0.17,0.51,206.64,49.2,0.952380952,1,3,1,1,-4.882352941,26.45,22.75,0.026440467,0.906750643,0.042935092,0.023873798,3.10380711,0.042625746,925.2057668,0.51
Vegetable,LOWDEN IRRIGATION DISTRICT NO. 2,2016,18,3,255,16,5353,3838,231,15,0.17,0.3,621.271875,473.35,0.952380952,1,3,1,1,-4.882352941,26.45,446.9,0.036112101,0.492664326,0.196774679,0.274448894,13.93677855,0.185185185,135.685677,0.3
Cereal Grain,MUD CREEK IRRIGATION DISTRICT NO. 7,2016,30,3,146,3,71,182,231,15,0.17,0.74,185.15,26.45,0.952380952,1,3,1,1,-4.882352941,26.45,0,0.025440623,0.949558493,0.017984826,0.007016058,1.65555046,0.045045045,1479.658303,0.74
Hay/Silage,ORCHARD IRRIGATION DISTRICT NO. 10,2016,2,2,142,5,253,455,231,15,0.17,0.51,203.49,48.45,0.952380952,1,2,1,1,-4.882352941,48.45,0,0.149257155,0.472592673,0.243020238,0.135129934,4.412883016,0.980392157,40.11866548,0.51
Cereal Grain,TOUCHET IRRIGATION DISTRICT NO. 16,2016,671,2,146,3,71,182,231,15,0.17,0.74,179.9,25.7,0.952380952,1,2,1,1,-4.882352941,25.7,0,0.184077404,0.63449843,0.130510664,0.050913501,2.469902463,0.002013936,32998.61206,0.74
Hay/Silage,TOUCHET IRRIGATION DISTRICT NO. 16,2016,612,2,142,5,253,455,231,15,0.17,0.51,203.49,48.45,0.952380952,1,2,1,1,-4.882352941,25.7,22.75,0.149257155,0.472592673,0.243020238,0.135129934,4.412883016,0.003203896,12276.31164,0.51
Vegetable,TOUCHET IRRIGATION DISTRICT NO. 16,2016,107,2,255,16,5353,3838,231,15,0.17,0.3,620.2875,472.6,0.952380952,1,2,1,1,-4.882352941,25.7,446.9,0.065272516,0.082084369,0.356048773,0.496594342,15.73151549,0.031152648,805.7171172,0.3
Cereal Grain,TWO RIVERS IRRIGATION DISTRICT NO. 19,2016,1124,3,146,3,71,182,231,15,0.17,0.74,185.15,26.45,0.952380952,1,3,1,1,-4.882352941,26.45,0,0.025440623,0.949558493,0.017984826,0.007016058,1.65555046,0.00120227,55437.86443,0.74
Hay/Silage,TWO RIVERS IRRIGATION DISTRICT NO. 19,2016,2,2,142,5,253,455,231,15,0.17,0.51,203.49,48.45,0.952380952,1,2,1,1,-4.882352941,26.45,22,0.149257155,0.472592673,0.243020238,0.135129934,4.412883016,0.980392157,40.11866548,0.51
Orchard,TWO RIVERS IRRIGATION DISTRICT NO. 19,2016,455,2,1364,19,1717,3232,231,15,0.17,0.13,1364,20706,0.20103411,1,2,1,1,-4.882352941,26.45,20679.55,0.78208282,0.033051733,0.120728456,0.064136992,18.87412957,0.016906171,565.1222649,0.13
Vegetable,TWO RIVERS IRRIGATION DISTRICT NO. 19,2016,2032,2,255,16,5353,3838,231,15,0.17,0.3,620.2875,472.6,0.952380952,1,2,1,1,-4.882352941,26.45,446.15,0.065272516,0.082084369,0.356048773,0.496594342,15.73151549,0.00164042,15301.09516,0.3
Vegetable,WALLA WALLA WATER & POWER DISTRICT NO. 18,2016,34,1,255,16,5353,3838,231,15,0.17,0.3,619.303125,471.85,0.952380952,1,1,1,1,-4.882352941,471.85,0,0.070931541,0.001513798,0.387330518,0.540224143,16,0.098039216,255.7493555,0.3
Hay/Silage,WATER DISTRIBUTION DISTRICT NO.Ê 1,2016,8,2,142,5,253,455,231,15,0.17,0.51,203.49,48.45,0.952380952,1,2,1,1,-4.882352941,48.45,0,0.149257155,0.472592673,0.243020238,0.135129934,4.412883016,0.245098039,160.4746619,0.51
Cereal Grain,WEST SIDE IRRIGATION DISTRICT NO. 5,2016,236,2,146,3,71,182,231,15,0.17,0.74,179.9,25.7,0.952380952,1,2,1,1,-4.882352941,25.7,0,0.184077404,0.63449843,0.130510664,0.050913501,2.469902463,0.005726065,11606.06922,0.74
Hay/Silage,WEST SIDE IRRIGATION DISTRICT NO. 5,2016,258,2,142,5,253,455,231,15,0.17,0.51,203.49,48.45,0.952380952,1,2,1,1,-4.882352941,25.7,22.75,0.149257155,0.472592673,0.243020238,0.135129934,4.412883016,0.007599939,5175.307847,0.51
Vegetable,WEST SIDE IRRIGATION DISTRICT NO. 5,2016,113,2,255,16,5353,3838,231,15,0.17,0.3,620.2875,472.6,0.952380952,1,2,1,1,-4.882352941,25.7,446.9,0.065272516,0.082084369,0.356048773,0.496594342,15.73151549,0.029498525,850.8975163,0.3