g,i,hr,xland,p,y,xwater,omegaland,omegawater,omegasupply,omegalabor,theta,sigma,omegaland_init,omegasupply_init,omegalabor_init,omegawater_unit,mprof_init,f_adjustment,mprof,lambdaland,lambdacrop,rho,betaland,betawater,betasupply,betalabor,tau,gamma,delta,xlandcalib,xwatercalib,diffland,diffwater,percdiffland,percdiffwater,status,xratio_labor,xratio_supply,,pc,pimarginal
TRC02-CC-WAs,Alfalfa,San Joaquin River,160.8228498,281,6.7,4.134965358,0.306290873,206.74826789999997,0.13122437452970753,0.081460253,1.86,0.17,739.7198673,484.1807412,381.4811931,50,1675.287002,8.644818018,1675.287002,385.7163598,1289.570643,-4.882352941,0.007860775,0.992137544,0.012009505230521716,0.015242615484271678,2.543266983132194,0.003343023,225381.00820774617,160.82260778537903,664.9952019867183,0.000242015,0.001710711,1.5048522101605422e-06,2.5725098661935224e-06,GOOD,1.939072961544676,1.5277763122781245,,281,1027.284099
TRC02-CC-WAs,Almonds & Pistachios,San Joaquin River,173.7257829,4883,1.2,4.125499535,0.287448101,206.2749768,0.311217018,0.03090217,0.4,0.17,2039.310074,2110.873995,639.9084906,50,5652.64423,26.965043945664668,5652.64423,385.7163598,5266.92787,-4.882352941,0.02637807,0.9736200948713701,0.025350764710969052,0.080450407,0.5741367948986098,0.014390495,30044.787474528137,173.72576916747818,716.7048729352097,1.3732521836118394e-05,0.000763636,7.90471144057132e-08,1.0654810181241163e-06,GOOD,3.0498974152879694,0.9610545813701002,,4883,5007.983112
TRC02-CC-WAs,Citrus & Subtropical,San Joaquin River,268.0468524,933,3.6,3.247465856,0.183365181,162.3732928,0.094855843,0.7506750003126099,0.13,0.17,2549.235389,1743.692937,5418.931559,50,3195.74045,19.617723303371225,3195.74045,385.7163598,2810.02409,-4.882352941,0.058907246212131316,0.9410834844771221,0.081902114,0.029113953,2.0362492143992172,0.028697624,44.685401224817895,268.04684259378627,870.4720959212705,9.806213711271994e-06,0.000905056,3.6583953974726824e-08,1.039728975035198e-06,GOOD,0.49423381869050864,1.3903572019867076,,933,2830.46938
TRC02-CC-WAs,Corn,San Joaquin River,276.3050338,59,27.1,2.415829265,0.234536008,120.7914633,1.320694044672553,0.033525185,0.3,0.17,423.9938724,1022.014707,159.5840787,50,1477.228776,12.515382455355429,1477.228776,385.7163598,1091.512416,-4.882352941,0.14154713132592708,0.8583910534399068,0.059649214,0.374386554,18.453710581229604,0.012063961656761294,3228.373448930482,276.3049917391421,667.5049988098725,4.2060857879278046e-05,0.000787911,1.5222617301182897e-07,1.1803807507676348e-06,GOOD,2.644960375498291,0.4214088525991567,,59,1305.499693
TRC02-CC-WAs,Cucurbits,San Joaquin River,326.5079816,203,12,2.299627126,0.087908733,114.98135629999999,0.5954029958862788,4.8590594140887005,0.05,0.17,920.9338517,2396.72349,6846.813993,50,2320.0483831340002,20.00834540048819,2320.0483831340002,385.7163598,1934.332023,-4.882352941,0.25706394645507785,0.7428382916827645,0.098776054,0.034576504,9.176584256961515,0.061254245,6.509159700168842e-05,326.5079772040457,750.8458506498804,4.395954306346539e-06,0.000760693,1.346354317222161e-08,1.0131136999049862e-06,GOOD,0.13450545739469513,0.38424701518246485,,203,2166.043383
TRC02-CC-WAs,Dry Beans,San Joaquin River,12.64501867,1752,1.3,2.212101358,0.272510229,110.6050679,0.8579188204514863,0.0413722,1.68,0.17,521.9411016,903.6303871,214.6292221,50,2166.1327210739996,19.459906781997343,2166.1327210739996,385.7163598,1780.416361,-4.882352941,0.28872973696067933,0.7111916700994851,0.16272707643588152,0.7410177533837519,1.0183426341729915,0.047072931,20859.705898637603,12.645012759619597,27.972033972964784,5.910380403761906e-06,2.89988775712402e-05,4.674078036582215e-07,1.036708575997111e-06,GOOD,2.5664753522934403,0.5635965250716192,,1752,2031.758578
TRC02-CC-WAs,Grain,San Joaquin River,529.1175685,164,2.5,0.466656841,0.351483763,23.33284205,0.6729928083090427,0.036299510576689786,0.74,0.17,345.3012994,477.8051109,110.9675411,50,385.7163598,16.079804662496404,385.7163598,385.7163598,0,-4.882352941,0.9969937457477995,0.001458566,0.7205097397924388,3.1023777916232085,2.5294268245072735,0.002553972,35.62909030107439,529.1188627439412,246.91669612432352,-0.001294244,-0.000363091,2.4460422755518217e-06,1.4705001811332655e-06,GOOD,3.1117324505343373,0.7226823065494933,,164,398.0507936
TRC02-CC-WAs,Pasture,San Joaquin River,1345.535872,276,5,4.600187047,0.350906068,46.00187047,0.10289172336777223,0.068524209,0.51,0.17,328.209843,177.7241242,145.0367898,10,1333.302143,28.144454633191646,1333.302143,385.7163598,947.5857833,-4.882352941,0.016561843137045708,0.983433872,0.03058538,0.03747849,2.1739416021473135,0.001457252,91556.03609929382,1345.535020586896,6189.681831976693,0.000851413,0.034857672,6.327687886969323e-07,5.6315455626746695e-06,GOOD,2.262942000342034,1.8467377139832826,,276,1167.860469
TRC02-CC-WAs,Safflower,San Joaquin River,34.51428908,574,1.3,2.40565496,0.396694215,24.0565496,0.4537037030434028,0.032158708,0.74,0.17,212.2655769,227.006242,60.43672676,10,721.2095661029999,28.437548127244778,721.2095661029999,385.7163598,335.4932063,-4.882352941,0.2921276931477399,0.7076548363173354,0.2731583626653132,1.0260094628345773,1.0173338142640564,0.039153387984294866,2220.9724056843143,34.51424719,83.02901624064513,4.188954789441368e-05,0.000454476,1.2136871136855439e-06,5.473665275500595e-06,GOOD,3.5121951355556216,0.9350649358914657,,574,687.4456855
TRC02-CC-WAs,Tomato Processing,San Joaquin River,429.1841032,101,43.3,2.379660861,0.124471553,118.9830431,2.283636824869254,0.28639447182202826,0.74,0.17,657.2463564,2815.18314,996.9547547,50,4253.470529742999,34.758124275395524,4253.470529742999,385.7163598,3867.75417,-4.882352941,0.34156133537662675,0.658380692,0.079742572,0.22517565855206298,34.94636489727694,0.003148652,318026.82348847116,429.1840585575527,1021.311501923709,4.464244727842015e-05,0.001110625,1.040170102889779e-07,1.0874483504473003e-06,GOOD,0.6592539471827814,0.23346486717761028,,101,4087.466206
TRC02-CC-WAs,Truck Crops,San Joaquin River,205.7094683,5380.668006,9.092879264,2.667732673,0.139554281,133.38663365000002,1.1244727167916924,1.262909809962677,0.288158927,0.17,7441.94487,27484.23099,27982.75263,50,48791.42239791063,346.8454955,48791.42239791063,385.7163598,48405.70604,-4.882352941,0.7523721360992319,0.24761528181047324,0.26505122983488133,0.2501025481885101,8.582954079,0.016869943963976175,89258.35985517707,205.70946753376398,548.7773467850315,7.66236013305388e-07,0.000522944,3.724845626395448e-09,9.52925336823696e-07,GOOD,0.332418674,0.35228740820875265,,5380.668006,48567.39772
BUT-001,Alfalfa,North Coast,10605.70113,236,6.3,2.331077971,0.306290873,116.5538986,0.13122437452970753,0.081460253,1.86,0.17,739.7198673,484.1807412,381.4811931,50,1369.581372,12.079991215397628,1369.581372,855.1104161,514.4709556,-4.882352941,0.1586903630951053,0.8412681146726797,0.24244337772351657,0.3077121923354258,4.394230372170037,5.069296239937986e-05,5931711.419850639,10605.71326679367,24722.705052521724,-0.012136794,0.011218631,1.1443650467948244e-06,4.5377825641902096e-07,GOOD,1.939072961544676,1.5277763122781245,,236,1214.584799
BUT-001,Grain,North Coast,4195.162496,281,4.4,1.227063393,0.351483763,61.35316965,0.6729928083090427,0.036299510576689786,0.74,0.17,345.3012994,477.8051109,110.9675411,50,1174.0960322270003,18.89966003150927,1174.0960322270003,855.1104161,318.9856161,-4.882352941,0.8753670213087402,0.12418628352693944,0.6326122580367598,2.723907966,4.326978924518959,0.000322121,256652.47048661634,4195.170231170686,5147.7318851044765,-0.007735171,-0.001558576,1.8438310061396491e-06,3.0276962266656856e-07,GOOD,3.1117324505343373,0.7226823065494933,,281,1160.054995
BUT-001,Onions & Garlic,North Coast,240.0443817,204,28,1.699157349,0.178481578,84.95786745000001,0.8220938475297447,0.4158621200492846,0.41,0.17,887.6914461,1905.136225,1355.002253,50,5626.208158949999,63.409293161450336,5626.208158949999,855.1104161,4771.097743,-4.882352941,0.832603722,0.16729927652334717,0.3879487418369527,0.5454568060366722,27.052387788543573,0.010160722667077954,40968.977823845926,240.0443938905695,407.8726398308687,-1.22E-05,0.000535421,5.0784648264615986e-08,1.312714049157247e-06,GOOD,0.6551217479671209,0.46594644170006466,,204,5566.226778
BUT-001,Pasture,North Coast,3815.731408,197,4.5,3.069359746,0.350906068,30.69359746,0.10289172336777223,0.068524209,0.51,0.17,328.209843,177.7241242,145.0367898,10,855.1104161,26.897002455235135,855.1104161,855.1104161,0,-4.882352941,0.10453064655885982,0.8954271873375361,0.19304068726730328,0.23654679042095242,2.854335186,0.000513869,96.11275884,3815.711615,11711.702438034432,0.019793369669969252,0.1499472286704986,5.187306849866528e-06,1.280303266622243e-05,GOOD,2.262942000342034,1.8467377139832826,,197,791.7679855
BUT-001,Potatoes,North Coast,86.98386867,218,22.6,2.70089927,0.150675135,135.0449635,1.4974640784942694,0.060261523,0.41,0.17,793.9256634,2502.863999,502.0871398,50,4791.034066890001,34.56088261,4791.034066890001,855.1104161,3935.923651,-4.882352941,0.2171862721906731,0.782787876,0.068892978,0.34342595481356025,16.62500357222312,0.028039962,12247.037083133862,86.98387008921694,234.93437019790778,-1.42E-06,0.000297195,1.6315863510859667e-08,1.2650098616951047e-06,GOOD,1.5812507454985842,0.31720687248646934,,218,4560.348756
BUT-001,Truck Crops,North Coast,1400.077263,5796.485366,4.228743052,1.856129243,0.139554281,92.80646215,1.1244727167916924,1.262909809962677,0.250364991,0.17,7441.94487,27484.23099,27982.75263,50,24418.085248677173,248.9774552801085,24418.085248677173,855.1104161,23562.97483,-4.882352941,0.9277370814693979,0.072231918,0.3268300919300066,0.3083971308765546,4.1675391862387485,0.00285282,152164.34018244696,1400.0772707770755,2598.7205709434097,-7.78E-06,0.00377937,5.5547474114218105e-09,1.4543174968879359e-06,GOOD,0.332418674,0.35228740820875265,,5796.485366,24337.05949
COA-001,Alfalfa,Colorado River,47.55345072,266,7.5,6.349688555,0.306290873,317.4844278,0.13122437452970753,0.081460253,1.86,0.17,739.7198673,484.1807412,381.4811931,50,1676.8508425119999,5.9720415889256735,1676.8508425119999,1676.850843,0,-4.882352941,0.000635703,0.9993641608812999,0.000971212,0.001232675,1.7208507367560886,0.011305896847902829,15.824769029901331,47.55201586430461,301.9401027444088,0.001434856,0.009499043,3.017353469976251e-05,3.14590351352582e-05,GOOD,1.939072961544676,1.5277763122781245,,266,-21.44621278
COA-001,Citrus & Subtropical,Colorado River,6183.173311,2724.815777,3.903706125,5.904544846,0.183365181,295.2272423,0.094855843,0.7506750003126099,0.13,0.17,2549.235389,1743.692937,5418.931559,50,10340.966538213534,34.23420000288456,10340.966538213534,1676.850843,8664.115696,-4.882352941,0.005978657,0.9940210517756842,0.008312469,0.002954855,1.375912408725792,0.001244071,3178.0550981305796,6183.1733248763485,36508.77978543266,-1.39E-05,0.044319957138213795,2.244211545173173e-09,1.2139519205076461e-06,GOOD,0.49423381869050864,1.3903572019867076,,2724.815777,8892.66865
COA-001,Corn,Colorado River,1014.780906,532,16.2,3.708931611,0.234536008,185.4465806,1.320694044672553,0.033525185,0.3,0.17,423.9938724,1022.014707,159.5840787,50,8432.073658,44.05174240858283,8432.073658,1676.850843,6755.222816,-4.882352941,0.070275768,0.9297188542634985,0.029614830910955247,0.18587662267519087,9.446268688150058,0.003284781,73366.87571152282,1014.7809471766511,3763.7486132634285,-4.12E-05,0.004367239,4.0576887998814145e-08,1.1603416095106349e-06,GOOD,2.644960375498291,0.4214088525991567,,532,7929.00256
COA-001,Cucurbits,Colorado River,376.5089441,419,15.7,2.811221224,0.087908733,140.5610612,0.5954029958862788,4.8590594140887005,0.05,0.17,920.9338517,2396.72349,6846.813993,50,6436.768678233999,44.266156359409244,6436.768678233999,1676.850843,4759.917836,-4.882352941,0.22751797691315612,0.7724508353632622,0.087423104,0.030602409550219752,11.64494758560549,0.053119588,0.000184698,376.50894894942456,1058.4487000916693,-4.85E-06,0.001234588,1.287997173010971e-08,1.1664114097680579e-06,GOOD,0.13450545739469513,0.38424701518246485,,419,6177.60939
COA-001,Dry Beans,Colorado River,119.1069023,1399,13.2,2.712448276,0.272510229,135.6224138,0.8579188204514863,0.0413722,1.68,0.17,521.9411016,903.6303871,214.6292221,50,18330.31538,128.86014519108093,18330.31538,1676.850843,16653.46453,-4.882352941,0.5086377699115833,0.49134586705084393,0.2866664796423461,1.3054062997235805,11.510635452861788,0.004997511,1837592.8583045395,119.10691744714089,323.07099891421365,-1.51E-05,0.000312889,1.2717265408701774e-07,9.684831502204981e-07,GOOD,2.5664753522934403,0.5635965250716192,,1399,18097.75942
COA-001,Grain,Colorado River,22.89881662,227,8.7,2.463802738,0.351483763,123.1901369,0.6729928083090427,0.036299510576689786,0.74,0.17,345.3012994,477.8051109,110.9675411,50,1850.759065,15.150982570806882,1850.759065,1676.850843,173.9082225,-4.882352941,0.15542182836928578,0.8445278523595813,0.11232060541405492,0.48363114685808484,6.021204280226563,0.059014026,764.4644628248096,22.89894768391537,56.41845184182589,-0.000131064,-0.000284757,5.723610854815281e-06,5.047248514003522e-06,GOOD,3.1117324505343373,0.7226823065494933,,227,1670.323027
COA-001,Lettuce,Colorado River,4898.447006,1018,12,1.345998595,0.164570286,67.29992975,0.680529189,1.2720462492145637,0.25,0.17,2859.243032,5814.317411,7949.261967,50,12147.743305605001,170.44900602654963,12147.743305605001,1676.850843,10470.89246,-4.882352941,0.9768485442679719,0.023087753083450974,0.4803740811219584,0.35135933358186455,11.95624685714439,0.000816585,234861.06188430128,4898.447209036436,6593.295247125643,-0.000203036,0.007540632,4.144914409183332e-08,1.1436805735627574e-06,GOOD,0.35968660202607483,0.49175901826412594,,1018,12123.29724
COA-001,Onions & Garlic,Colorado River,252.8758648,233,19.3,3.522556052,0.178481578,176.1278026,0.8220938475297447,0.4158621200492846,0.41,0.17,887.6914461,1905.136225,1355.002253,50,4319.938224,24.20162137116877,4319.938224,1676.850843,2643.087381,-4.882352941,0.049832311,0.9501601280750784,0.023219188,0.032646231,10.528098760729835,0.009645145,23909.87199197798,252.8759031858701,890.7684783307964,-3.84E-05,0.000929625,1.5179728655834045e-07,1.0436204578587737e-06,GOOD,0.6551217479671209,0.46594644170006466,,233,3875.063505
COA-001,Pasture,Colorado River,1257.375693,1504,4.5,8.233264788,0.350906068,82.33264788,0.10289172336777223,0.068524209,0.51,0.17,328.209843,177.7241242,145.0367898,10,6684.971366,77.63242574349765,6684.971366,1676.850843,5008.120523,-4.882352941,0.002742908,0.9972569501420256,0.005065432,0.006207042,1.3477276138821606,0.001559426,452045.99893903197,1257.3756083854437,10352.244474462537,8.461455627184478e-05,0.062544001,6.729456974785401e-08,6.041552027738548e-06,GOOD,2.262942000342034,1.8467377139832826,,1504,6089.611187
COA-001,Tomato Processing,Colorado River,138.0530542,99,49,3.924449153,0.124471553,196.2224577,2.283636824869254,0.28639447182202826,0.74,0.17,657.2463564,2815.18314,996.9547547,50,4653.931115142999,23.443579149252464,4653.931115142999,1676.850843,2977.080273,-4.882352941,0.029056129,0.9709393640528461,0.006783585,0.019155367498841967,23.940004853738703,0.009788638,78741.19586152308,138.05308298333094,541.7816686807323,-2.88E-05,0.000522944,2.0849470599495984e-07,9.652283313264677e-07,GOOD,0.6592539471827814,0.23346486717761028,,99,4078.240439
COA-001,Truck Crops,Colorado River,8685.421267,167,44,1.168233956,0.139554281,58.4116978,1.1244727167916924,1.262909809962677,0.41,0.17,7441.94487,27484.23099,27982.75263,50,7288.632796,117.87813324140895,7288.632796,1676.850843,5611.781953,-4.882352941,0.9830582060778736,0.016831744,0.346319028,0.32678690578896447,43.91902105533613,0.000280818,1743538.326979829,8685.422407869683,10146.593307671135,-0.00114087,0.010738602806668496,1.3135455929125812e-07,1.0583445217429124e-06,GOOD,0.332418674,0.35228740820875265,,167,7277.234534
COA-001,Vineyard,Colorado River,292.8316786,2169.868244,6.89108619,4.088997246,0.302297005,204.4498623,0.1329510358537938,0.3058799853780738,0.13,0.17,2773.231975,2743.166444,4105.247296,50,14747.49237164195,69.38001108639334,14747.49237164195,1676.850843,13070.64153,-4.882352941,0.069312842,0.9306847869402991,0.10451647740864478,0.068905692,4.000291709,0.026268701,227.06049153669267,292.8316808760284,1197.3865314773507,-2.28E-06,0.00139586,7.77248010783931e-09,1.1657538668549786e-06,GOOD,0.9941259073363267,1.5078948555200695,,2169.868244,14116.01304
IMP-001,Alfalfa,Colorado River,133154.8505,250,7.4,6.349688555,0.306290873,317.4844278,0.13122437452970753,0.081460253,1.86,0.17,739.7198673,484.1807412,381.4811931,50,1531.8508425119999,5.537983428327066,1531.8508425119999,77.97136572,1453.879477,-4.882352941,0.000580775,0.9994190892024991,0.000887294,0.001126165,1.671884916732632,4.037662965962704e-06,210376956.74540997,133154.85386718463,845491.8151633133,-0.003367185,0.015099273,2.528773544171387e-08,1.7858567254644033e-08,GOOD,1.939072961544676,1.5277763122781245,,250,-166.4462128
IMP-001,Citrus & Subtropical,Colorado River,8969.53428,3257.846743,3.054421647,5.62841404,0.183365181,281.420702,0.094855843,0.7506750003126099,0.13,0.17,2549.235389,1743.692937,5418.931559,50,9668.730654769646,33.593599447903784,9668.730654769646,77.97136572,9590.759289,-4.882352941,0.007398555,0.9926010600881972,0.010286634372546606,0.003656616,1.1247234292758816,0.000857604,5103.260722307527,8969.534283325582,50484.25083860991,-3.33E-06,0.001835203,3.707641695916391e-10,3.6351996575674493e-08,GOOD,0.49423381869050864,1.3903572019867076,,3257.846743,8365.856488
IMP-001,Corn,Colorado River,48057.08006,544,12,3.708931611,0.234536008,185.4465806,1.320694044672553,0.033525185,0.3,0.17,423.9938724,1022.014707,159.5840787,50,6341.6736584929995,33.36695609895442,6341.6736584929995,77.97136572,6263.702293,-4.882352941,0.05379128,0.9462032473558862,0.022668121553455975,0.1422758039516083,6.634056111691731,6.936196142528043e-05,3221645.3538217926,48057.08016940405,178240.4172182709,-0.000109404,0.006148621,2.2765438279281123e-09,3.449622016608779e-08,GOOD,2.644960375498291,0.4214088525991567,,544,5838.60256
IMP-001,Cucurbits,Colorado River,4143.317278,516,18.5,2.811221224,0.087908733,140.5610612,0.5954029958862788,4.8590594140887005,0.05,0.17,920.9338517,2396.72349,6846.813993,50,9404.468678,64.23615958635524,9404.468678,77.97136572,9326.497313,-4.882352941,0.3008558956016171,0.6991158775757256,0.11560297988496862,0.04046676,14.509664279556063,0.00482705,0.003982458,4143.317279265489,11647.781053799392,-1.27E-06,0.00041588,3.0542874791791067e-10,3.570466354778746e-08,GOOD,0.13450545739469513,0.38424701518246485,,516,9145.30939
IMP-001,Grain,Colorado River,32523.20442,202,8.8,2.463802738,0.351483763,123.1901369,0.6729928083090427,0.036299510576689786,0.74,0.17,345.3012994,477.8051109,110.9675411,50,1653.4590649770003,13.637341950410814,1653.4590649770003,77.97136572,1575.487699,-4.882352941,0.14119522600173026,0.8587536071178972,0.10203929160070742,0.43936176661011367,5.980949763678693,4.155037535355354e-05,9818666.488,32523.205345890994,80130.75930547225,-0.000925891,0.000793057,2.846862762666655e-08,9.897041401262034e-09,GOOD,3.1117324505343373,0.7226823065494933,,202,1473.023027
IMP-001,Lettuce,Colorado River,32540.28917,1278,9.6,1.381042075,0.164570286,69.05210375,0.680529189,1.2720462492145637,0.25,0.17,2859.243032,5814.317411,7949.261967,50,12198.79113,166.90130402687572,12198.79113,77.97136572,12120.81977,-4.882352941,0.973290528,0.026646267,0.4786243944840362,0.35007956276316926,9.558085373087188,0.000122925,1806015.108042908,32540.289218328457,44939.50693081504,-4.83E-05,0.001545622,1.4851882957129642e-09,3.439338435944409e-08,GOOD,0.35968660202607483,0.49175901826412594,,1278,12171.31899
IMP-001,Onions & Garlic,Colorado River,10995.11091,230,26.9,3.522556052,0.178481578,176.1278026,0.8220938475297447,0.4158621200492846,0.41,0.17,887.6914461,1905.136225,1355.002253,50,6010.038223799999,33.29747857933714,6010.038223799999,77.97136572,5932.066858,-4.882352941,0.068001813,0.931990771,0.031685202600205166,0.044549466,15.603019170162069,0.000221828,2333177.293266138,10995.110947610672,38730.89318908076,-3.76E-05,0.001289351,3.4206724281642523e-09,3.328998690956067e-08,GOOD,0.6551217479671209,0.46594644170006466,,230,5565.163505
IMP-001,Pasture,Colorado River,95317.93026,46,3.5,8.233264788,0.350906068,82.33264788,0.10289172336777223,0.068524209,0.51,0.17,328.209843,177.7241242,145.0367898,10,77.97136571499999,1.8467524445483334,77.97136571499999,77.97136572,0,-4.882352941,3.222204394768203e-05,0.9999676359888504,5.950566377981118e-05,7.291661658607651e-05,0.4876940689180235,2.057099129594015e-05,2400.9208890823165,95317.92578885471,784777.4350365197,0.004471145,0.3238381779519841,4.690770421728483e-08,4.1264953585883936e-07,GOOD,2.262942000342034,1.8467377139832826,,46,-517.3888127
IMP-001,Potatoes,Colorado River,724.3365153,758,10.9,5.581382827,0.150675135,279.0691414,1.4974640784942694,0.060261523,0.41,0.17,793.9256634,2502.863999,502.0871398,50,7982.409889039999,28.1238028,7982.409889039999,77.97136572,7904.438523,-4.882352941,0.00642354,0.9935760013045858,0.002037591,0.010157227068012172,3.9037248585566138,0.003367253,204808.84424375524,724.3365163463503,4042.799246943081,-1.05E-06,0.000140521,1.4445638546258459e-09,3.475843039691228e-08,GOOD,1.5812507454985842,0.31720687248646934,,758,6702.899886
IMP-001,Safflower,Colorado River,32.80834473,565,1.1,2.346040268,0.396694215,23.460402679999998,0.4537037030434028,0.032158708,0.74,0.17,212.2655769,227.006242,60.43672676,10,597.1057130229999,24.264073078374278,597.1057130229999,77.97136572,519.1343473,-4.882352941,0.2836891045881152,0.7160558420907431,0.26526773439479323,0.9963714931445081,0.8566965640384044,0.041189257,3265.4505068241638,32.80834762347436,76.96970643218741,-2.89E-06,-8.57E-06,8.819324423339995e-08,1.1133188843925683e-07,GOOD,3.5121951355556216,0.9350649358914657,,565,565.578394
IMP-001,Sunflowers,Colorado River,1062.630009,3640,0.6,5.544757405,0.386904762,277.2378703,0.3895547862245365,0.081201103,0.74,0.17,734.0697039,736.5793439,336.2917618,50,1905.8097487979999,7.476897522514785,1905.8097487979999,77.97136572,1827.838383,-4.882352941,0.001602217,0.9983973074759065,0.001596758,0.003497377,0.16509200437863797,0.001271704,372185.1772899039,1062.6300211441578,5892.025440822306,-1.21E-05,0.000170356,1.142839721533942e-08,2.8912919278785386e-08,GOOD,2.182835824495322,0.9965928458037955,,3640,645.9256053
IMP-001,Truck Crops,Colorado River,11365.46977,214,26.7,1.168233956,0.139554281,58.4116978,1.1244727167916924,1.262909809962677,0.41,0.17,7441.94487,27484.23099,27982.75263,50,5654.432796,91.66195940592847,5654.432796,77.97136572,5576.46143,-4.882352941,0.9782683458904847,0.02159049,0.3446316201064224,0.3251946668145872,26.63690356980763,0.0002146,2267179.9125254652,11365.46983203976,13277.527307294687,-6.20E-05,0.000403911,5.458618227508262e-09,3.0420634739844965e-08,GOOD,0.332418674,0.35228740820875265,,214,5643.034534
OXN-001,Alfalfa,South Coast,3.69060304,278,8.6,4.861060872,0.306290873,243.05304360000002,0.13122437452970753,0.081460253,1.86,0.17,739.7198673,484.1807412,381.4811931,50,2147.082227,9.342578301807267,2147.082227,653.8706967,1493.21153,-4.882352941,0.003905229,0.9960941189220363,0.005966317,0.007572524,2.823400545231333,0.14567657447172927,5988.651371868896,3.6905999715382998,17.94024099595634,3.0684617002840753e-06,5.0358719114740325e-06,8.314255602748528e-07,2.807024999846581e-07,GOOD,1.939072961544676,1.5277763122781245,,278,1208.785384
OXN-001,Citrus & Subtropical,South Coast,53523.7377,2882.844727,2.155987975,2.970039496,0.183365181,148.5019748,0.094855843,0.7506750003126099,0.13,0.17,2549.235389,1743.692937,5418.931559,50,6066.190332746158,39.677446805355416,6066.190332746158,653.8706967,5412.319636,-4.882352941,0.1672968831881621,0.8326892481733118,0.23260242641059015,0.082683777,1.5023120466194682,0.000143718,17185.45964480856,53523.737290492856,158967.51059293997,0.000409507,0.10434960422571748,7.650944409653882e-09,6.564205185026689e-07,GOOD,0.49423381869050864,1.3903572019867076,,2882.844727,5773.292939
OXN-001,Corn,South Coast,46.27233384,787,7.8,2.879812638,0.234536008,143.9906319,1.320694044672553,0.033525185,0.3,0.17,423.9938724,1022.014707,159.5840787,50,5993.729607142999,40.355283084353324,5993.729607142999,653.8706967,5339.85891,-4.882352941,0.19225038576359152,0.8077289192935646,0.081016014,0.5084946525189603,5.591621264469783,0.072037286,2644.498001330203,46.27233305629824,133.25558381189546,7.837017648171241e-07,6.797029161020873e-05,1.693672438323513e-08,5.100743623340609e-07,GOOD,2.644960375498291,0.4214088525991567,,787,5722.345203
OXN-001,Cucurbits,South Coast,163.6229866,648,26,2.078707055,0.087908733,103.9353528,0.5954029958862788,4.8590594140887005,0.05,0.17,920.9338517,2396.72349,6846.813993,50,16743.094386684003,152.95381990076046,16743.094386684003,653.8706967,16089.22369,-4.882352941,0.8189272363702007,0.18102960684303354,0.3146703462268745,0.11015018250094746,24.98960823635574,0.12223221452920234,0.000271308,163.6229865224955,340.12406003095197,7.750449526611192e-08,0.000196575,4.736773046172469e-10,5.779494836851158e-07,GOOD,0.13450545739469513,0.38424701518246485,,648,16626.40648
OXN-001,Dry Beans,South Coast,1153.442278,1216,1.3,1.559609211,0.272510229,77.98046055,0.8579188204514863,0.0413722,1.68,0.17,521.9411016,903.6303871,214.6292221,50,1501.9573284239998,19.095291666677827,1501.9573284239998,653.8706967,848.0866317,-4.882352941,0.6872930947628273,0.31243710811603603,0.3873559999140485,1.763920787510276,1.2165268551616213,0.000516054,906517.6653474283,1153.4421505877747,1798.9178251410945,0.000127412,0.001375985,1.1046259335290592e-07,7.648951254766955e-07,GOOD,2.5664753522934403,0.5635965250716192,,1216,1458.009154
OXN-001,Grain,South Coast,1561.766914,299,2.4,1.255570104,0.351483763,62.7785052,0.6729928083090427,0.036299510576689786,0.74,0.17,345.3012994,477.8051109,110.9675411,50,653.8706967,10.72392974335122,653.8706967,653.8706967,0,-4.882352941,0.773735138,0.22555606494065275,0.5591646943853565,2.407656737882051,2.3206933777768524,0.000865271,105.16440526796887,1561.769731037677,1960.9100446874188,-0.002817038,-0.002198053,1.8037503879435614e-06,1.120936245643522e-06,GOOD,3.1117324505343373,0.7226823065494933,,299,637.7164096
OXN-001,Lettuce,South Coast,3348.397015,288,18.2,1.825590372,0.164570286,91.2795186,0.680529189,1.2720462492145637,0.25,0.17,2859.243032,5814.317411,7949.261967,50,5149.363717,54.12186857898579,5149.363717,653.8706967,4495.49302,-4.882352941,0.7490533233737833,0.25083144358266585,0.36835372692977253,0.26942444462065473,17.216527232729707,0.001194601,68927.45655,3348.396995385861,6112.7973965555575,1.9614139091572724e-05,0.003955662,5.8577698533675e-09,6.471111613634994e-07,GOOD,0.35968660202607483,0.49175901826412594,,288,5072.843844
OXN-001,Onions & Garlic,South Coast,1.224945,583,19.4,2.418056426,0.178481578,120.90282130000001,0.8220938475297447,0.4158621200492846,0.41,0.17,887.6914461,1905.136225,1355.002253,50,11188.463205099999,88.48285398401798,11188.463205099999,653.8706967,10534.59251,-4.882352941,0.5539521908000421,0.4460153556410893,0.2581120521752349,0.36290612752713963,17.227454393407342,1.991129716,461.60521993800626,1.2249449901938068,2.962007237,9.806193190797785e-09,-2.11E-05,8.00541509275746e-09,7.126494626484271e-06,GOOD,0.6551217479671209,0.46594644170006466,,583,11016.43372
OXN-001,Other Deciduous,South Coast,136.1933044,1633,1.5,2.23900313,0.215021845,111.95015649999999,0.54254216,0.5586272122329681,0.13,0.17,2284.866179,4950.948854,6009.195442,50,2336.64669,20.671588057907577,2336.64669,653.8706967,1682.775993,-4.882352941,0.2896805137119508,0.7102341845192855,0.18236598127354312,0.17972129124741312,1.175085234,0.056480807,13.597345188952271,136.19330248250975,304.9370493476509,1.9174902377017133e-06,0.000185489,1.4079181396979993e-08,6.082858066178978e-07,GOOD,0.6204120841421951,0.6295417628777134,,1633,2197.527058
OXN-001,Pasture,South Coast,1349.313843,195,5,5.664931619,0.350906068,56.64931619,0.10289172336777223,0.068524209,0.51,0.17,328.209843,177.7241242,145.0367898,10,917.6546974,16.192632814747615,917.6546974,653.8706967,263.7840007,-4.882352941,0.003394775,0.9966039485298989,0.00626926,0.00768218,1.5797575240587092,0.001453171,25582.98072638661,1349.311705157232,7643.732948950211,0.002137843,0.037704215,1.5843925259271478e-06,4.932672185113542e-06,GOOD,2.262942000342034,1.8467377139832826,,195,653.5631755
OXN-001,Tomato Processing,South Coast,25.24296742,100,56.3,2.605312983,0.124471553,130.2656492,2.283636824869254,0.28639447182202826,0.74,0.17,657.2463564,2815.18314,996.9547547,50,5498.887923642999,40.89558270212302,5498.887923642999,653.8706967,4845.017227,-4.882352941,0.2824351197767307,0.7175277998137419,0.065938678,0.18619646753585137,43.66565405492286,0.053533776,23431.18074965864,25.24296645566663,65.76580630495647,9.64333370490067e-07,2.4443815547670056e-05,3.820206057573191e-08,3.7167956778416385e-07,GOOD,0.6592539471827814,0.23346486717761028,,100,5287.92271
OXN-001,Truck Crops,South Coast,26183.57673,1692.883183,30.32103122,1.75058992,0.139554281,87.529496,1.1244727167916924,1.262909809962677,0.332200568,0.17,7441.94487,27484.23099,27982.75263,50,51241.478840890966,552.4741863441485,51241.478840890966,653.8706967,50587.60814,-4.882352941,0.9743652838204288,0.025619200750880318,0.3432566204856845,0.3238972160948942,30.17082631158308,0.000114966,21684457.400768407,26183.576714289728,45836.676403469995,1.5710273146396503e-05,0.029089614567055833,6.000048545085269e-10,6.346358066996027e-07,GOOD,0.332418674,0.35228740820875265,,1692.883183,51174.20865
OXN-001,Vineyard,South Coast,63.34356618,1738.113027,10.76352971,2.882762464,0.302297005,144.1381232,0.1329510358537938,0.3058799853780738,0.13,0.17,2773.231975,2743.166444,4105.247296,50,18563.286225846536,122.92500989854489,18563.286225846536,653.8706967,17909.41553,-4.882352941,0.42286553981942754,0.5771229666709414,0.6376367720704319,0.420381588,9.038245674957292,0.12143786900865156,67.29887771798217,63.343566041099265,182.60435834886763,1.3890073802258485e-07,9.657073621838208e-05,2.1928152517949195e-09,5.288520275198092e-07,GOOD,0.9941259073363267,1.5078948555200695,,1738.113027,18291.97411
PAL-001,Alfalfa,Colorado River,42604.28853,265.3445115,7.495903197,6.349688555,0.306290873,317.4844278,0.13122437452970753,0.081460253,1.86,0.17,739.7198673,484.1807412,381.4811931,50,1670.8476145712534,5.954070898735227,1670.8476145712534,1670.847615,0,-4.882352941,0.000633429,0.9993664348803335,0.000967738,0.001228266,1.718850237870014,1.2619255646613436e-05,14177.793944761375,42604.27007902236,270523.6838677908,0.018450977637257893,0.27940506796585396,4.330779429461791e-07,1.0328292717049892e-06,GOOD,1.939072961544676,1.5277763122781245,,265.3445115,-27.44944072
PAL-001,Almonds & Pistachios,Colorado River,6.07320167,4727,0.9,5.171405369,0.287448101,258.5702685,0.311217018,0.03090217,0.4,0.17,2039.310074,2110.873995,639.9084906,50,3995.048938,15.628534987014953,3995.048938,1670.847615,2324.201324,-4.882352941,0.005043011,0.9949564927418211,0.004846609,0.015380665508316052,0.3085286589183734,0.4116444893225486,463.5204954740859,6.073201855644501,31.407004960141766,-1.86E-07,-1.72E-05,3.0567814268045204e-08,5.488232156066795e-07,GOOD,3.0498974152879694,0.9610545813701002,,4727,2916.498758
PAL-001,Citrus & Subtropical,Colorado River,1640.820837,2916.780377,4.105669592,5.958172293,0.183365181,297.9086147,0.094855843,0.7506750003126099,0.13,0.17,2549.235389,1743.692937,5418.931559,50,11676.741628083197,38.19584138591847,11676.741628083197,1670.847615,10005.89401,-4.882352941,0.006398556,0.9936011679867198,0.008896279,0.003162383,1.466465874296531,0.004688085,973.9610473450343,1640.8208382362411,9776.288233578252,-1.24E-06,0.005015212,7.5342846988353e-10,5.129973180066925e-07,GOOD,0.49423381869050864,1.3903572019867076,,2916.780377,10199.31675
PAL-001,Corn,Colorado River,1884.269545,532,16.2,3.708931611,0.234536008,185.4465806,1.320694044672553,0.033525185,0.3,0.17,423.9938724,1022.014707,159.5840787,50,8432.073658,44.05174240858283,8432.073658,1670.847615,6761.226044,-4.882352941,0.070275768,0.9297188542634989,0.029614831,0.18587662267519095,9.446268688150058,0.001769032,136350.43596385536,1884.2695777302786,6988.623431,-3.27E-05,0.00344768,1.7370274093467165e-08,4.933272655768903e-07,GOOD,2.644960375498291,0.4214088525991567,,532,7929.00256
PAL-001,Cotton,Colorado River,5779.451511,1967.748474,1.184861305,5.971693969,0.148539114,298.5846985,1.334590964860844,0.041198802,0.68,0.17,378.6944542,1135.122209,199.4393382,50,2032.252318825399,7.420000090533224,2032.252318825399,1670.847615,361.4047043,-4.882352941,0.001104789,0.9988949260314269,0.000368575,0.002097769,0.30219485855053685,0.000254451,326512.2225541648,5779.452119475828,34513.09944675387,-0.000608476,0.016285612771753222,1.0528262530534468e-07,4.7186735900753405e-07,GOOD,1.8987951731454202,0.3336155801462545,,1967.748474,546.928253
PAL-001,Cucurbits,Colorado River,2077.947803,431.8238778,16.07017379,2.811221224,0.087908733,140.5610612,0.5954029958862788,4.8590594140887005,0.05,0.17,920.9338517,2396.72349,6846.813993,50,6797.953441151722,46.69661121703995,6797.953441151722,1670.847615,5127.105827,-4.882352941,0.237255542,0.7627136635895776,0.091164734,0.031912165,12.019450876445777,0.009624881,0.001097981,2077.947813630516,5841.568021790342,-1.06E-05,0.002944367,5.115872510840857e-09,5.040369185607533e-07,GOOD,0.13450545739469513,0.38424701518246485,,431.8238778,6538.794153
PAL-001,Grain,Colorado River,6336.032053,223.2562994,8.714974803,2.463802738,0.351483763,123.1901369,0.6729928083090427,0.036299510576689786,0.74,0.17,345.3012994,477.8051109,110.9675411,50,1821.532088859024,14.92675987306986,1821.532088859024,1670.847615,150.6844743,-4.882352941,0.15334418770521416,0.846605369,0.11081913126676261,0.47716608498314345,6.0162037916124875,0.00021328,183334.84050965702,6336.049937347884,15610.768814899166,-0.017884348,-0.035694662,2.822641636708769e-06,2.2865461685907612e-06,GOOD,3.1117324505343373,0.7226823065494933,,223.2562994,1641.096051
PAL-001,Lettuce,Colorado River,400.6384079,1060.984835,11.60321691,1.435814447,0.164570286,71.79072235,0.680529189,1.2720462492145637,0.25,0.17,2859.243032,5814.317411,7949.261967,50,12238.08969173056,161.16854782471492,12238.08969173056,1670.847615,10567.24208,-4.882352941,0.9667722322591188,0.033165188,0.4754189638207618,0.34773501915444566,11.537149419572343,0.009984065,19385.77118590217,400.6384148055595,575.2421634113804,-6.91E-06,0.000250675,1.7236389066581225e-08,4.357719675615173e-07,GOOD,0.35968660202607483,0.49175901826412594,,1060.984835,12205.64188
PAL-001,Onions & Garlic,Colorado River,2839.00425,233,19.3,3.522556052,0.178481578,176.1278026,0.8220938475297447,0.4158621200492846,0.41,0.17,887.6914461,1905.136225,1355.002253,50,4319.938224,24.20162137116877,4319.938224,1670.847615,2649.090609,-4.882352941,0.049832311,0.9501601280750784,0.023219188,0.032646231,10.528098760729835,0.000859113,269042.6537382191,2839.0044341487023,10000.547036225991,-0.000184149,0.004566265,6.48638346962432e-08,4.566013367661323e-07,GOOD,0.6551217479671209,0.46594644170006466,,233,3875.063505
PAL-001,Pasture,Colorado River,6332.361101,1504,4.5,8.233264788,0.350906068,82.33264788,0.10289172336777223,0.068524209,0.51,0.17,328.209843,177.7241242,145.0367898,10,6684.971366,77.63242574349765,6684.971366,1670.847615,5014.123751,-4.882352941,0.002742908,0.9972569501420255,0.005065432,0.006207042,1.3477276138821608,0.000309645,2279310.449943874,6332.360921085237,52135.87131692474,0.000179915,0.13436083946726285,2.841195569815556e-08,2.5771218512155254e-06,GOOD,2.262942000342034,1.8467377139832826,,1504,6089.611187
PAL-001,Potatoes,Colorado River,98.96826613,298,17.1,5.581382827,0.150675135,279.0691414,1.4974640784942694,0.060261523,0.41,0.17,793.9256634,2502.863999,502.0871398,50,4816.009889,17.34565542896076,4816.009889,1670.847615,3145.162274,-4.882352941,0.003885448,0.9961140915300991,0.001232491,0.006143868,5.549931192485019,0.024644509655651802,11134.964775608203,98.9682676,552.3795273202263,-1.47E-06,0.000253676,1.4864390860432823e-08,4.5924150401167394e-07,GOOD,1.5812507454985842,0.31720687248646934,,298,3536.499886
PAL-001,Truck Crops,Colorado River,13.44655686,167,44,1.168233956,0.139554281,58.4116978,1.1244727167916924,1.262909809962677,0.41,0.17,7441.94487,27484.23099,27982.75263,50,7288.632796,117.87813324140895,7288.632796,1670.847615,5617.785181,-4.882352941,0.9830582060778736,0.016831744,0.346319028,0.32678690578896447,43.91902105533613,0.1813865375083018,2702.190930579257,13.446557615206393,15.708749232080548,-7.55E-07,-2.49E-05,5.616355185079728e-08,1.5861850594283256e-06,GOOD,0.332418674,0.35228740820875265,,167,7277.234534
PITC-001,Alfalfa,Sacramento River,11449.00908,270.8925257,5.127288681,3.537610105,0.306290873,176.8805053,0.13122437452970753,0.081460253,1.86,0.17,739.7198673,484.1807412,381.4811931,50,1211.3989458011117,7.450518071,1211.3989458011117,885.1550848,326.243861,-4.882352941,0.014142738011279181,0.9858530783747468,0.021606940124387762,0.027423800879881582,2.2040663480478915,4.695903417015637e-05,4061992.125848209,11449.012992508306,40502.12186740553,-0.003912508,0.008346239,3.4173335687515023e-07,2.0606914215456493e-07,GOOD,1.939072961544676,1.5277763122781245,,270.8925257,762.6909425
PITC-001,Grain,Sacramento River,7620.468902,262.2560376,4.522295734,0.78906264,0.351483763,39.453132000000004,0.6729928083090427,0.036299510576689786,0.74,0.17,345.3012994,477.8051109,110.9675411,50,1145.5954299312236,27.955775505330326,1145.5954299312236,885.1550848,260.4403452,-4.882352941,0.9887756648411035,0.010707219184608123,0.7145706781273774,3.0768053225847254,4.543711859,0.000177332,380735.13821119675,7620.478579532454,6013.032021624812,-0.009677532,-0.004711775,1.2699392358977965e-06,7.835944438719412e-07,GOOD,3.1117324505343373,0.7226823065494933,,262.2560376,1153.807591
PITC-001,Other Deciduous,Sacramento River,1.36562306,2243,2.1,3.327741402,0.215021845,166.3870701,0.54254216,0.5586272122329681,0.13,0.17,2284.866179,4950.948854,6009.195442,50,4543.009776034001,26.815673346888065,4543.009776034001,885.1550848,3657.854691,-4.882352941,0.071560704,0.9284284568651077,0.045050452,0.044397126,1.2326705808993559,5.632819126756465,0.29634621714552356,1.365623065563806,4.544506620105526,-5.56E-09,-6.62E-05,4.074188568898117e-09,1.4572491180653593e-05,GOOD,0.6204120841421951,0.6295417628777134,,2243,4155.290667
PITC-001,Pasture,Sacramento River,26259.10953,210.6180412,4.394243707,3.965593094,0.350906068,39.65593094,0.10289172336777223,0.068524209,0.51,0.17,328.209843,177.7241242,145.0367898,10,885.1550847787668,21.84370156644097,885.1550847787668,885.1550848,0,-4.882352941,0.026076664566958122,0.9739131733965458,0.048156759910693105,0.059009979,2.1010294579557587,7.467063235656834e-05,661.4290136945482,26259.096079280705,104132.62957058536,0.013450719,0.31383617223764304,5.122305948996972e-07,3.013802951979911e-06,GOOD,2.262942000342034,1.8467377139832826,,210.6180412,767.7253943
PITC-001,Rice,Sacramento River,830.7421106,2075,0.7,4.534377778,0.381523094,226.71888889999997,0.7787889472798347,0.016559817107172286,0.2,0.17,851.2633133,1216.2235,177.3500304,50,1224.77501,6.074578518206564,1224.77501,885.1550848,339.6199251,-4.882352941,0.00335654,0.9966417488560915,0.002349321,0.016111073335481545,0.22568056873713316,0.006018715,380.63137035668075,830.7420712545191,3766.8963131213077,3.934548090001044e-05,0.002252432,4.73618471941832e-08,5.979540226723748e-07,GOOD,4.7999050645054355,0.699923421,,2075,423.2940365
PITL-001,Alfalfa,North Lahontan,12240.51342,272.9172529,4.236408742,3.118751952,0.306290873,155.9375976,0.13122437452970753,0.081460253,1.86,0.17,739.7198673,484.1807412,381.4811931,50,999.5867086901848,7.031392406374186,999.5867086901848,999.5867087,0,-4.882352941,0.024241112930666085,0.9757501971825069,0.037034998,0.047005287,2.0372396441119354,4.392253740955831e-05,4073.380474940802,12240.528782630625,38175.15202506617,-0.015362631,-0.026902959,1.2550642361480204e-06,7.047248408545488e-07,GOOD,1.939072961544676,1.5277763122781245,,272.9172529,669.3393736
PITL-001,Grain,North Lahontan,1127.481694,282.4400582,4.566174039,1.205704965,0.351483763,60.28524825,0.6729928083090427,0.036299510576689786,0.74,0.17,345.3012994,477.8051109,110.9675411,50,1228.434414953489,20.057754459426747,1228.434414953489,999.5867087,228.8477063,-4.882352941,0.8906501613330982,0.10891544286859324,0.6436571129208817,2.7714650090938444,4.5035318588407405,0.001198557,49507.370779466306,1127.482671647145,1359.410807474304,-0.000977647,-0.000531072,8.671068897763112e-07,3.906634387065206e-07,GOOD,3.1117324505343373,0.7226823065494933,,282.4400582,1215.923462
PITL-001,Pasture,Sacramento River,18031.60607,242.2624556,4.548356115,3.904573674,0.350906068,39.045736739999995,0.10289172336777223,0.068524209,0.51,0.17,328.209843,177.7241242,145.0367898,10,1062.1541982181761,26.406119412177006,1062.1541982181761,999.5867087,62.56748953,-4.882352941,0.033998444867586686,0.9659905131197539,0.06278621,0.076936509,2.2924879731827263,0.000108742,81437.49737583492,18031.58998919775,70405.49767424725,0.016080802251963178,0.23668661335250363,8.918119766778588e-07,3.3617519297416855e-06,GOOD,2.262942000342034,1.8467377139832826,,242.2624556,948.9166436
PITL-001,Rice,Sacramento River,947.9047988,2075,0.7,4.487278047,0.381523094,224.36390235000002,0.7787889472798347,0.016559817107172286,0.2,0.17,851.2633133,1216.2235,177.3500304,50,1227.129996,6.138054360056141,1227.129996,999.5867087,227.5432877,-4.882352941,0.003575241,0.9964229401608771,0.002502395,0.017160815930722325,0.22852733435826722,0.005274791,291.1480669448336,947.9046393153878,4253.509316028848,0.000159485,0.003078272,1.682496093938532e-07,7.237012753052818e-07,GOOD,4.7999050645054355,0.699923421,,2075,444.5399146
PITW-001,Alfalfa,Sacramento River,7234.639302,282.5067727,5.355428082,3.537610105,0.306290873,176.8805053,0.13122437452970753,0.081460253,1.86,0.17,739.7198673,484.1807412,381.4811931,50,1335.399468884771,8.115676650355924,1335.399468884771,790.1383481,545.2611208,-4.882352941,0.015567511962618085,0.98442831,0.023783676017594246,0.030186541525236022,2.3421196075455355,7.431392031576788e-05,4288314.132978435,7234.640473511541,25593.326301883662,-0.001171512,0.006798902,1.6193088454580614e-07,2.656512794059688e-07,GOOD,1.939072961544676,1.5277763122781245,,282.5067727,886.6914656
PITW-001,Cucurbits,Sacramento River,6.16748882,203,12,1.97136542,0.087908733,98.568271,0.5954029958862788,4.8590594140887005,0.05,0.17,920.9338517,2396.72349,6846.813993,50,2336.461468,23.307557018376357,2336.461468,790.1383481,1546.32312,-4.882352941,0.46296137435757295,0.5368637974015756,0.17789152624166912,0.062270831414042035,10.336798954200365,3.242810904681948,9.829098235964066e-07,6.167488864710447,12.158395121559183,-4.47E-08,-2.09E-05,7.249376238083463e-09,1.7217412669656594e-06,GOOD,0.13450545739469513,0.38424701518246485,,203,2236.143548
PITW-001,Grain,Sacramento River,3233.507817,263.9872398,3.913107119,0.78906264,0.351483763,39.453132000000004,0.6729928083090427,0.036299510576689786,0.74,0.17,345.3012994,477.8051109,110.9675411,50,992.6064172635403,24.34959607811347,992.6064172635403,790.1383481,202.4680691,-4.882352941,0.9870686496314929,0.012335590552891147,0.7133370484383809,3.0714935479634247,3.9344270685485108,0.000417921,125640.89485450074,3233.511987664326,2551.4425266807702,-0.004170664,-0.002312138,1.2898265790743624e-06,9.062090109079244e-07,GOOD,3.1117324505343373,0.7226823065494933,,263.9872398,1000.818579
PITW-001,Onions & Garlic,Sacramento River,38.25808339,210,24.6,2.113494575,0.178481578,105.67472874999999,0.8220938475297447,0.4158621200492846,0.41,0.17,887.6914461,1905.136225,1355.002253,50,5059.491297649999,46.19340853325118,5059.491297649999,790.1383481,4269.35295,-4.882352941,0.5535084536401376,0.44641983804858876,0.2579052944245273,0.362615426,21.88628135188798,0.063751871,5842.953731897779,38.25808414839572,80.85824700853253,-7.58E-07,4.686130083086937e-06,1.9823149698789823e-08,5.7954877639238695e-08,GOOD,0.6551217479671209,0.46594644170006466,,210,4941.240597
PITW-001,Pasture,Sacramento River,22599.88772,168.2760421,4.935285232,3.965593094,0.350906068,39.65593094,0.10289172336777223,0.068524209,0.51,0.17,328.209843,177.7241242,145.0367898,10,790.1383481305404,19.601128323452784,790.1383481305404,790.1383481,0,-4.882352941,0.023343899392611032,0.9766459100568833,0.043110059,0.05282589,2.3092648607771435,8.676079890389341e-05,569.2585054024539,22599.88262855603,89621.76046850187,0.005091444,0.19819910552178044,2.252862505417465e-07,2.211501605949801e-06,GOOD,2.262942000342034,1.8467377139832826,,168.2760421,672.7086576
PITW-001,Rice,Sacramento River,5202.418039,2075,0.7,4.534377778,0.381523094,226.71888889999997,0.7787889472798347,0.016559817107172286,0.2,0.17,851.2633133,1216.2235,177.3500304,50,1224.77501,6.074578518206564,1224.77501,790.1383481,434.6366617,-4.882352941,0.00335654,0.9966417488560915,0.002349321,0.016111073335481545,0.22568056873713313,0.000961092,3049.7921687776384,5202.417887167066,23589.717506908393,0.000151833,0.011241,2.9185069980199687e-08,4.7652093255909874e-07,GOOD,4.7999050645054355,0.699923421,,2075,423.2940365
PITW-001,Truck Crops,Sacramento River,247.8605903,5126.213948,6.664762919,2.662234731,0.139554281,133.1117366,1.1244727167916924,1.262909809962677,0.267123888,0.17,7441.94487,27484.23099,27982.75263,50,34030.93339227599,242.6998203516746,34030.93339227599,790.1383481,33240.79504,-4.882352941,0.6820384301110262,0.3179452168670194,0.2402735508425799,0.22672231087351244,6.1672979759860995,0.015103576271611322,52092.682090187314,247.86059058884194,659.8628464884142,-2.89E-07,0.000225454,1.1653402880884459e-09,3.416684720323739e-07,GOOD,0.332418674,0.35228740820875265,,5126.213948,33808.09901
RUSC-001,Citrus & Subtropical,North Coast,78.33645949,1816,2.15,2.262567308,0.183365181,113.12836539999999,0.094855843,0.7506750003126099,0.13,0.17,2549.235389,1743.692937,5418.931559,50,3790.5853769419996,32.671339504250284,3790.5853769419996,433.7722432,3356.813134,-4.882352941,0.3834988766436734,0.6164502474751739,0.5332004250953433,0.189538114,1.7775120049945456,0.098195754,15.600244173806264,78.33646014307762,177.24134059166053,-6.53E-07,0.000171675,8.336828402496028e-09,9.685929531929716e-07,GOOD,0.49423381869050864,1.3903572019867076,,1816,3647.410563
RUSC-001,Grain,North Coast,448.7604491,183.7499255,2.747312536,1.177694445,0.351483763,58.884722249999996,0.6729928083090427,0.036299510576689786,0.74,0.17,345.3012994,477.8051109,110.9675411,50,444.98295344221606,8.035018261303195,444.98295344221606,433.7722432,11.21071028,-4.882352941,0.7720852642040467,0.22687569244488043,0.5579723595878554,2.402522771203109,2.673326139579517,0.003011298,994.0359981262206,448.77601746133075,528.5204251438084,-0.015568361,-0.017737103,3.469191940145071e-05,3.3561046016426326e-05,GOOD,3.1117324505343373,0.7226823065494933,,183.7499255,434.4094874
RUSC-001,Other Deciduous,North Coast,286.3930215,728.5,2.55,2.875298636,0.215021845,143.7649318,0.54254216,0.5586272122329681,0.13,0.17,2284.866179,4950.948854,6009.195442,50,1713.0069143340002,12.229471880888294,1713.0069143340002,433.7722432,1279.234671,-4.882352941,0.064247688,0.9357265061324654,0.040446602869739216,0.039860042,1.4776346460747392,0.026859270704358604,21.73713057736551,286.3930223906004,823.4645669144455,-8.91E-07,0.000897164,3.109714054575686e-09,1.0894985427542461e-06,GOOD,0.6204120841421951,0.6295417628777134,,728.5,1442.991696
RUSC-001,Pasture,North Coast,375.2993297,110.6671957,4.203404533,3.071076249,0.350906068,30.71076249,0.10289172336777223,0.068524209,0.51,0.17,328.209843,177.7241242,145.0367898,10,433.7722431647781,14.106127729636908,433.7722431647781,433.7722432,0,-4.882352941,0.055752351,0.9442033322470468,0.10295996876007772,0.1261643361138358,2.3602486739750663,0.005224588,9.453247651071282,375.28384722744727,1152.5190613332686,0.015482472552719173,0.053796374021658266,4.1253664282041943e-05,4.6675031137441986e-05,GOOD,2.262942000342034,1.8467377139832826,,110.6671957,370.3415768
RUSC-001,Truck Crops,North Coast,69.14333235,1200,16.8,1.856129243,0.139554281,92.80646215,1.1244727167916924,1.262909809962677,0.41,0.17,7441.94487,27484.23099,27982.75263,50,20066.23803,204.77385706227182,20066.23803,433.7722432,19632.46579,-4.882352941,0.9134220713594893,0.086540786,0.3217870941199048,0.3036385541908276,16.50699801,0.035274904,48557.605864153316,69.14333283769487,128.3388434504965,-4.88E-07,0.000117683,7.053389819490626e-09,9.169686692604477e-07,GOOD,0.332418674,0.35228740820875265,,1200,19985.21227
RUSC-001,Vineyard,North Coast,10064.76241,2408.53804,8.95903493,2.332914718,0.1875,116.6457359,0.13322355658393814,0.065286739,0.13,0.17,7370.795962,6213.04167,4349.368869,50,21461.074505669738,175.4936499374421,21461.074505669738,433.7722432,21027.30226,-4.882352941,0.7462848828358388,0.2537057738852459,0.8853495454486886,1.2647153555782087,8.447202757025254,0.000764281,12554.734298581672,10064.762422070757,23480.208218391257,-1.21E-05,0.024141070891346317,1.1993087170409216e-09,1.0281444630430951e-06,GOOD,1.6946817290099252,1.1863425962541438,,2408.53804,21305.66587
RUSL-001,Citrus & Subtropical,North Coast,227.1893031,2319,1.7,2.347473006,0.183365181,117.3736503,0.094855843,0.7506750003126099,0.13,0.17,2549.235389,1743.692937,5418.931559,50,3824.2400920419996,31.80225610464751,3824.2400920419996,382.3013701,3441.938722,-4.882352941,0.3356879082436518,0.6642679504823591,0.46672610084641436,0.1659083167794891,1.3678916199114572,0.033858582,46.39067779448597,227.18930098173485,533.3203818158813,2.118265143735698e-06,0.000374463,9.32378908175672e-09,7.021352842032973e-07,GOOD,0.49423381869050864,1.3903572019867076,,2319,3665.739628
RUSL-001,Corn,North Coast,6.36589876,68,18.6,2.492780338,0.234536008,124.63901690000002,1.320694044672553,0.033525185,0.3,0.17,423.9938724,1022.014707,159.5840787,50,1139.2812221430002,9.596742807229711,1139.2812221430002,382.3013701,756.9798521,-4.882352941,0.095638157,0.9043076898929568,0.040302766,0.2529591361003938,11.749115907648592,0.523623366,51.588341583918606,6.3658980651917645,15.868786430708695,6.948082358348984e-07,8.319178874671707e-07,1.0914534805371274e-07,5.2424793003965985e-08,GOOD,2.644960375498291,0.4214088525991567,,68,952.5135541
RUSL-001,Grain,North Coast,4749.686308,163.0910854,2.698614674,1.137356561,0.351483763,56.86782805,0.6729928083090427,0.036299510576689786,0.74,0.17,345.3012994,477.8051109,110.9675411,50,382.30137008602713,7.249599807938927,382.30137008602713,382.3013701,0,-4.882352941,0.7811533881136611,0.21762316238596252,0.5645257322909322,2.4307403466381228,2.6400812089739687,0.000284514,319.8287345650829,4749.688638595284,5402.085241792066,-0.002330595,0.001643304,4.906840436414993e-07,3.0419792139991937e-07,GOOD,3.1117324505343373,0.7226823065494933,,163.0910854,374.3802228
RUSL-001,Other Deciduous,North Coast,1687.272552,561.8262717,3.578798445,2.876362374,0.215021845,143.8181187,0.54254216,0.5586272122329681,0.13,0.17,2284.866179,4950.948854,6009.195442,50,1865.9417149541075,13.231759899694325,1865.9417149541075,382.3013701,1483.640345,-4.882352941,0.0694431,0.9305312931940456,0.043717332,0.043083338,2.1043350315937857,0.004559019,148.52288676872243,1687.2724995363008,4853.203515583848,5.246369914857496e-05,0.003767672,3.109379044090262e-08,7.76326188290045e-07,GOOD,0.6204120841421951,0.6295417628777134,,561.8262717,1595.673771
RUSL-001,Pasture,North Coast,4016.349143,169.5024202,4.633788724,3.06976302,0.350906068,30.6976302,0.10289172336777223,0.068524209,0.51,0.17,328.209843,177.7241242,145.0367898,10,754.0447868084698,23.827664843188433,754.0447868084698,382.3013701,371.7434167,-4.882352941,0.093268467,0.9066888698160779,0.17224239506492978,0.21106113070665514,2.8741210045003833,0.000488201,107274.59200855622,4016.346971803174,12329.18892524899,0.002171197,0.051149341101336177,5.40589662105368e-07,4.14862074157776e-06,GOOD,2.262942000342034,1.8467377139832826,,169.5024202,690.6816314
RUSL-001,Truck Crops,North Coast,581.071652,1361.026247,16.35629565,1.848759822,0.139554281,92.4379911,1.1244727167916924,1.262909809962677,0.404410024,0.17,7441.94487,27484.23099,27982.75263,50,22167.954185576928,227.0102738982119,22167.954185576928,382.3013701,21785.65282,-4.882352941,0.92266736,0.077298679,0.32504409280154306,0.3067118606992781,16.10270857512214,0.004255478,431845.6293030328,581.0716504355036,1074.261183866778,1.5644964150851592e-06,0.000740054,2.6924328689935116e-09,6.88895297603533e-07,GOOD,0.332418674,0.35228740820875265,,1361.026247,22087.9251
RUSL-001,Vineyard,San Francisco Bay,1622.283638,2511.67217,8.780344377,2.422511618,0.1875,121.1255809,0.13322355658393814,0.065286739,0.13,0.17,7370.795962,6213.04167,4349.368869,50,21931.764844802892,172.74947769924557,21931.764844802892,382.3013701,21549.46347,-4.882352941,0.7065968923777433,0.2933944510819547,0.8382659918085218,1.197456843287754,8.186721300184265,0.004741654,2073.8798740657767,1622.2836354337192,3929.998222498058,2.566280954852118e-06,0.002738248,1.581894124270344e-09,6.967551091930633e-07,GOOD,1.6946817290099252,1.1863425962541438,,2511.67217,21759.53248
RUSU-001,Alfalfa,North Coast,59.74146224,268,6.3,2.331077971,0.306290873,116.5538986,0.13122437452970753,0.081460253,1.86,0.17,739.7198673,484.1807412,381.4811931,50,1571.1813717119999,13.717956125960018,1571.1813717119999,42.11041614,1529.070956,-4.882352941,0.17788969944191718,0.8220697258953087,0.27177566900563616,0.34494110632513064,4.488901149843888,0.008999351,99268.56871798394,59.74146965750613,139.26196028942562,-7.42E-06,4.629356669738627e-05,1.2416010346497675e-07,3.324206496320869e-07,GOOD,1.939072961544676,1.5277763122781245,,268,1416.184799
RUSU-001,Citrus & Subtropical,North Coast,22.6604879,1313,2.6,2.262567308,0.183365181,113.12836539999999,0.094855843,0.7506750003126099,0.13,0.17,2549.235389,1743.692937,5418.931559,50,3299.985377,28.566084110134625,3299.985377,42.11041614,3257.874961,-4.882352941,0.3513025332236912,0.6486439339375623,0.4884360071437337,0.17362559251079418,2.1131550043831235,0.3394590498780784,4.379703190029343,22.660488000965177,51.27086089852838,-1.01E-07,1.820734118496148e-05,4.455560621528829e-09,3.5512051875227303e-07,GOOD,0.49423381869050864,1.3903572019867076,,1313,3156.810563
RUSU-001,Grain,North Coast,790.4355595,209,2.8,1.227063393,0.351483763,61.35316965,0.6729928083090427,0.036299510576689786,0.74,0.17,345.3012994,477.8051109,110.9675411,50,522.8960322269999,8.945390691070221,522.8960322269999,42.11041614,480.7856161,-4.882352941,0.7578212593013435,0.24131075155559617,0.5476640156241366,2.358137004272787,2.7067280196667993,0.001709629,72858.89839,790.4358691431797,969.9144171,-0.000309643,0.000122464,3.917374111706774e-07,1.262630173090139e-07,GOOD,3.1117324505343373,0.7226823065494933,,209,508.8549954
RUSU-001,Other Deciduous,North Coast,1036.376478,938.4029559,1.49567879,2.875298636,0.215021845,143.7649318,0.54254216,0.5586272122329681,0.13,0.17,2284.866179,4950.948854,6009.195442,50,1258.8813119469355,9.239865903102048,1258.8813119469355,42.11041614,1216.770896,-4.882352941,0.048035539,0.9519382085871912,0.030240377665067892,0.029801828629558644,0.8212171698212062,0.00742231,74.82033851398731,1036.3764809640995,2979.890328156872,-2.96E-06,0.001545419,2.8600606870869984e-09,5.186158013725482e-07,GOOD,0.6204120841421951,0.6295417628777134,,938.4029559,988.8660941
RUSU-001,Pasture,North Coast,2495.207389,21,3.5,3.069359746,0.350906068,30.69359746,0.10289172336777223,0.068524209,0.51,0.17,328.209843,177.7241242,145.0367898,10,42.11041614,2.230039120654013,42.11041614,42.11041614,0,-4.882352941,0.005760723,0.99419246,0.010638543624231379,0.013036181049130879,1.3620019312735145,0.00078582,62.85066751346229,2495.2071591768904,7658.657552297021,0.000229823,0.031565421,9.210581483589656e-08,4.121517515278342e-06,GOOD,2.262942000342034,1.8467377139832826,,21,-21.2320145
RUSU-001,Truck Crops,North Coast,32.87781604,1419.731455,14.12726327,1.856129243,0.139554281,92.80646215,1.1244727167916924,1.262909809962677,0.376060486,0.17,7441.94487,27484.23099,27982.75263,50,19963.15806867016,203.72682920959335,19963.15806867016,42.11041614,19921.04765,-4.882352941,0.9130139150088714,0.086948768,0.3216433057770017,0.30350287539777965,13.879672935681159,0.080879664,17243.409532215937,32.877816144156505,61.02545347586257,-1.04E-07,2.2321955889026412e-05,3.1679873601041583e-09,3.657809397993154e-07,GOOD,0.332418674,0.35228740820875265,,1419.731455,19882.13231
RUSU-001,Vineyard,North Coast,10741.56722,1754.529636,9.603030678,2.243317817,0.1875,112.1658909,0.13322355658393814,0.065286739,0.13,0.17,7370.795962,6213.04167,4349.368869,50,16736.179840094177,142.48074655493738,16736.179840094177,42.11041614,16694.06942,-4.882352941,0.7428028879370819,0.2571851869552211,0.8812187065803536,1.2588144824427798,9.048077579716393,0.000716125,10637.787533819072,10741.567229549388,24096.73774939037,-9.55E-06,0.011377738788723946,8.890124470502124e-10,4.7216903527930236e-07,GOOD,1.6946817290099252,1.1863425962541438,,1754.529636,16596.79217
SAL-001,Alfalfa,Central Coast,197.993401,175,3.5,3.906073496,0.306290873,195.30367479999998,0.13122437452970753,0.081460253,1.86,0.17,739.7198673,484.1807412,381.4811931,50,416.53159546200004,2.976670319424986,416.53159546200004,58.95207501,357.5795205,-4.882352941,0.002747737,0.9972498997444884,0.004197928,0.005328063,1.1317593056288116,0.002715416,76986.83819826723,197.99341733591726,773.3765750439625,-1.63E-05,0.000200985,8.250738241426791e-08,2.5987984592344214e-07,GOOD,1.939072961544676,1.5277763122781245,,175,-150.8894833
SAL-001,Citrus & Subtropical,Central Coast,1749.722248,2635.287634,7.191094325,2.625655965,0.183365181,131.28279824999998,0.094855843,0.7506750003126099,0.13,0.17,2549.235389,1743.692937,5418.931559,50,18818.632893692073,136.76078993498635,18818.632893692073,58.95207501,18759.68082,-4.882352941,0.5627028887276229,0.4372820742453062,0.7823580139211754,0.27810679748403344,6.401298623,0.004396302,1947.2215725504711,1749.7222492942703,4594.167550812743,-1.29E-06,0.001106742,7.397004333868238e-10,2.409014010495263e-07,GOOD,0.49423381869050864,1.3903572019867076,,2635.287634,18604.86959
SAL-001,Corn,Central Coast,1.71309198,73,23.1,2.274255141,0.234536008,113.7127571,1.320694044672553,0.033525185,0.3,0.17,423.9938724,1022.014707,159.5840787,50,1571.7074819930003,14.01487660740552,1571.7074819930003,58.95207501,1512.755407,-4.882352941,0.2001576789722707,0.799760164,0.084348218,0.5294091297333634,16.85645299096288,1.9457993921221517,27.738930014790935,1.7130920254614053,3.8960140607911744,-4.55E-08,-5.82E-06,2.6537632443369183e-08,1.4933927095035724e-06,GOOD,2.644960375498291,0.4214088525991567,,73,1426.099422
SAL-001,Cucurbits,Central Coast,72.68695577,730,10.9,1.662176564,0.087908733,83.10882819999999,0.5954029958862788,4.8590594140887005,0.05,0.17,920.9338517,2396.72349,6846.813993,50,7872.9209112339995,90.13055861232974,7872.9209112339995,58.95207501,7813.968836,-4.882352941,0.8878829837667068,0.11201750851062568,0.341166386,0.11942510684450758,10.660871059656879,0.27515253305263027,5.8534701415008146e-05,72.68695585147725,120.81853140582383,-8.15E-08,2.2983574723411948e-05,1.1209336328019995e-09,1.9023216127330758e-07,GOOD,0.13450545739469513,0.38424701518246485,,730,7813.316082
SAL-001,Dry Beans,Central Coast,80.95236037,2394,1.5,1.506154421,0.272510229,75.30772105,0.8579188204514863,0.0413722,1.68,0.17,521.9411016,903.6303871,214.6292221,50,3514.8300679239996,44.899606797438516,3514.8300679239996,58.95207501,3455.877993,-4.882352941,0.8632520082281063,0.1366031708496174,0.4865258320984575,2.215515001935249,1.461878229826111,0.007352943,259192.73475823627,80.95236769896641,121.92674285947646,-7.33E-06,1.2602184227716862e-05,9.05343140724094e-08,1.033586449504068e-07,GOOD,2.5664753522934403,0.5635965250716192,,2394,3476.403142
SAL-001,Grain,Central Coast,5006.391312,140,1.8,0.851962382,0.351483763,42.5981191,0.6729928083090427,0.036299510576689786,0.74,0.17,345.3012994,477.8051109,110.9675411,50,208.4510828,5.511044023690352,208.4510828,58.95207501,149.4990078,-4.882352941,0.91225617,0.085125432,0.6592713931014069,2.8386971273969204,1.8358202893133886,0.000269925,143724.31541719305,5006.3970635264295,4265.2607362869385,-0.005751526,-0.003668891,1.148836771107012e-06,8.601805835638196e-07,GOOD,3.1117324505343373,0.7226823065494933,,140,214.6472289
SAL-001,Lettuce,Central Coast,97956.61311,606,23.7,1.270016503,0.164570286,63.50082515,0.680529189,1.2720462492145637,0.25,0.17,2859.243032,5814.317411,7949.261967,50,14297.742410204999,212.20597539852076,14297.742410204999,58.95207501,14238.79034,-4.882352941,0.985879567,0.014065809211774173,0.48481516791243123,0.3546076714010809,23.65279379223386,4.0834404875842483e-05,6386662.3499180125,97956.61345907481,124406.48552045025,-0.000349075,0.029707235895330086,3.5635654885484472e-09,2.387916407831257e-07,GOOD,0.35968660202607483,0.49175901826412594,,606,14279.43576
SAL-001,Onions & Garlic,Central Coast,1557.478879,631,33.1,1.590455311,0.178481578,79.52276555,0.8220938475297447,0.4158621200492846,0.41,0.17,887.6914461,1905.136225,1355.002253,50,20805.743260850002,247.54020658295724,20805.743260850002,58.95207501,20746.79119,-4.882352941,0.9644488224663971,0.035520793,0.4493814970300351,0.6318313983990175,32.88139216277194,0.001566008,1155861.6661307504,1557.4788845470493,2477.0999699088593,-5.55E-06,0.000584967,3.561556702656476e-09,2.361498873337115e-07,GOOD,0.6551217479671209,0.46594644170006466,,631,20758.20616
SAL-001,Other Deciduous,Central Coast,296.9712025,2104,1.2,2.717713319,0.215021845,135.885666,0.54254216,0.5586272122329681,0.13,0.17,2284.866179,4950.948854,6009.195442,50,2388.0111801839994,17.578713171192735,2388.0111801839994,58.95207501,2329.059105,-4.882352941,0.11764967787644755,0.882316423,0.074065386,0.072991282,0.7830094638513334,0.025902537443197683,41.03472323886939,296.97120416107936,807.0823976899107,-1.66E-06,0.000194704,5.59340211544132e-09,2.412439411002279e-07,GOOD,0.6204120841421951,0.6295417628777134,,2104,2154.185525
SAL-001,Pasture,Central Coast,1068.227969,29,3.5,4.185193859,0.350906068,41.85193859,0.10289172336777223,0.068524209,0.51,0.17,328.209843,177.7241242,145.0367898,10,58.95207501,2.2719478488792673,58.95207501,58.95207501,0,-4.882352941,0.001304235,0.9986881753895983,0.002408581,0.002951409,1.0023975828530907,0.001835549,26.90711850412851,1068.221833556038,4470.7063314974075,0.006135444,0.034804373434781155,5.743571728148884e-06,7.784922539023659e-06,GOOD,2.262942000342034,1.8467377139832826,,29,-74.18079837
SAL-001,Truck Crops,Central Coast,25440.51392,1890.3054,16.19311968,1.094970985,0.139554281,54.74854925,1.1244727167916924,1.262909809962677,0.362090938,0.17,7441.94487,27484.23099,27982.75263,50,30554.23751803527,523.3429564448272,30554.23751803527,58.95207501,30495.28544,-4.882352941,0.9971907438626537,0.002782626,0.3512977426451324,0.3314848252662452,16.189815571609003,0.000108557,17748882.561428055,25440.51398506326,27856.617928622254,-6.51E-05,0.006657266,2.5574663136541305e-09,2.389832385992799e-07,GOOD,0.332418674,0.35228740820875265,,1890.3054,30547.46656
SAL-001,Vineyard,Central Coast,37720.10359,1593.541349,9.866655543,2.457170381,0.277321429,122.8585191,0.12968494119191362,0.08113329,0.13,0.17,3571.632089,2442.416792,1931.85509,50,15599.44810077455,121.27276227379078,15599.44810077455,58.95207501,15540.49603,-4.882352941,0.6117453344284026,0.3882413464311948,0.8945767481649336,1.1310006021851169,8.936248949,0.000203931,34774.594283539685,37720.10362745394,92684.69886381312,-3.75E-05,0.022445786657044664,9.92943659450301e-10,2.421735356150858e-07,GOOD,1.8488095266666669,1.4623352199339625,,1593.541349,15420.55113
SAN-001,Alfalfa,South Coast,107.3808907,258.2619912,7.5,4.861060872,0.306290873,243.05304360000002,0.13122437452970753,0.081460253,1.86,0.17,739.7198673,484.1807412,381.4811931,50,1693.2471606620002,7.569117686025576,1693.2471606620002,236.2706967,1456.976464,-4.882352941,0.003082431,0.9969169163367435,0.004709265,0.005977059,2.3587606237099146,0.005006798,170016.9084858984,107.38080872422435,521.9843193,8.197577564317271e-05,0.000726895,7.634112094692535e-07,1.392559593489873e-06,GOOD,1.939072961544676,1.5277763122781245,,258.2619912,754.9503184
SAN-001,Citrus & Subtropical,South Coast,15015.51796,3026.035337,2.930409815,2.797830654,0.183365181,139.8915327,0.094855843,0.7506750003126099,0.13,0.17,2549.235389,1743.692937,5418.931559,50,8726.945861723632,60.07535471658183,8726.945861723632,236.2706967,8490.675165,-4.882352941,0.2911344869227187,0.708848737,0.4047809306397069,0.14388850922431723,2.2834105417988906,0.000512291,7563.250611866801,15015.517901196785,42010.852194293824,5.880321441509295e-05,0.024239881720859557,3.916162903719969e-09,5.76990621912867e-07,GOOD,0.49423381869050864,1.3903572019867076,,3026.035337,8475.101938
SAN-001,Cucurbits,South Coast,10.92531371,1566,9.6,2.078707055,0.087908733,103.9353528,0.5954029958862788,4.8590594140887005,0.05,0.17,920.9338517,2396.72349,6846.813993,50,14928.694386683997,136.48187006529395,14928.694386683997,236.2706967,14692.42369,-4.882352941,0.8012931401079972,0.19865950020405537,0.30789449737268254,0.1077783003174577,9.187306966563069,1.8306110497947432,1.6542849726521102e-05,10.925313704941509,22.710521135638484,5.058490515352787e-09,5.551426742300691e-06,4.6300643163433586e-10,2.444428884805435e-07,GOOD,0.13450545739469513,0.38424701518246485,,1566,14812.00648
SAN-001,Grain,South Coast,917.2682179,200,1.5,1.255570104,0.351483763,62.7785052,0.6729928083090427,0.036299510576689786,0.74,0.17,345.3012994,477.8051109,110.9675411,50,236.27069667700005,4.483248220464557,236.27069667700005,236.2706967,0,-4.882352941,0.5529361290273456,0.44566339971644053,0.3995971571000303,1.7205892957672326,1.3947487960130274,0.001473235,61.76591765515093,917.2685098459069,1151.6941057911326,-0.000291946,0.000445953,3.1827757819853284e-07,3.8721505138385425e-07,GOOD,3.1117324505343373,0.7226823065494933,,200,220.1164096
SAN-001,Pasture,South Coast,976.6085396,2367,5,5.664931619,0.350906068,56.64931619,0.10289172336777223,0.068524209,0.51,0.17,328.209843,177.7241242,145.0367898,10,11777.6547,196.55365062824413,11777.6547,236.2706967,11541.384,-4.882352941,0.041873305650337075,0.9581254675159432,0.077329013,0.094756862,2.613037198538336,0.002007748,809103.3159615498,976.6085080306274,5532.404771064265,3.1569372595185996e-05,0.015824301188331447,3.232551356566696e-08,2.8602852793924545e-06,GOOD,2.262942000342034,1.8467377139832826,,2367,11513.56318
SAN-001,Tomato Processing,South Coast,543.5765933,97,54.6,2.605312983,0.124471553,130.2656492,2.283636824869254,0.28639447182202826,0.74,0.17,657.2463564,2815.18314,996.9547547,50,5165.087923642999,38.47090321616056,5165.087923642999,236.2706967,4928.817227,-4.882352941,0.2699183646296432,0.730043908,0.063016455,0.17794474729921353,41.96872105805918,0.002486037,513288.7118160206,543.5765750336922,1416.1862965127464,1.8266307847625285e-05,0.000859267,3.3603926425036677e-08,6.067465384140021e-07,GOOD,0.6592539471827814,0.23346486717761028,,97,4954.12271
SAN-001,Truck Crops,South Coast,618.3148002,1343.711541,21.73061337,1.75058992,0.139554281,87.529496,1.1244727167916924,1.262909809962677,0.323923291,0.17,7441.94487,27484.23099,27982.75263,50,29111.190975612903,314.2816791529282,29111.190975612903,236.2706967,28874.92028,-4.882352941,0.9557404044859014,0.044232807,0.3366953100167231,0.3177059583943904,21.543425758795063,0.004992846,263901.71752593684,618.3147996312782,1082.4150504104746,5.687218163075158e-07,0.000606206,9.197933093685565e-10,5.600496036303892e-07,GOOD,0.332418674,0.35228740820875265,,1343.711541,29043.92079
SAN-001,Vineyard,South Coast,324.5589359,2214.150684,6.880699574,2.882762464,0.302297005,144.1381232,0.1329510358537938,0.3058799853780738,0.13,0.17,2773.231975,2743.166444,4105.247296,50,15089.96068856461,100.10304606014567,15089.96068856461,236.2706967,14853.68999,-4.882352941,0.3732794594574715,0.6267080595366873,0.5628661765872336,0.3710867813231724,5.6341121360273405,0.023700804,285.9916368383819,324.55893513345785,935.6257900093246,7.665421435376629e-07,0.000527759,2.361796452813866e-09,5.640702568095757e-07,GOOD,0.9941259073363267,1.5078948555200695,,2214.150684,14818.64857
SCOT-001,Alfalfa,North Coast,8938.152275,236,6.3,2.331077971,0.306290873,116.5538986,0.13122437452970753,0.081460253,1.86,0.17,739.7198673,484.1807412,381.4811931,50,1369.581372,12.079991215397628,1369.581372,855.1104161,514.4709556,-4.882352941,0.15869036309510537,0.8412681146726796,0.24244337772351665,0.3077121923354259,4.394230372170038,6.0150508971067005e-05,4999060.342367151,8938.158786487205,20835.524064014262,-0.006511487,0.005805682,7.285048413419374e-07,2.786433466669772e-07,GOOD,1.939072961544676,1.5277763122781245,,236,1214.584799
SCOT-001,Dry Beans,North Coast,33.31078567,1748,2.2,2.18,0.272510229,109.00000000000001,0.8579188204514863,0.0413722,1.68,0.17,521.9411016,903.6303871,214.6292221,50,3735.737789,33.33699691888987,3735.737789,855.1104161,2880.627373,-4.882352941,0.4327514911631943,0.5671802023068971,0.24389723663913782,1.1106460357385706,1.8641851677990156,0.017869230138698653,88902.44468906462,33.31079040829035,72.61750879466177,-4.74E-06,3.965938233818633e-06,1.4224492923236075e-07,5.461407425083867e-08,GOOD,2.5664753522934403,0.5635965250716192,,1748,3606.808199
SCOT-001,Grain,North Coast,2528.723281,281,4.4,1.227063393,0.351483763,61.35316965,0.6729928083090427,0.036299510576689786,0.74,0.17,345.3012994,477.8051109,110.9675411,50,1174.0960322270003,18.89966003150927,1174.0960322270003,855.1104161,318.9856161,-4.882352941,0.8753670213087402,0.1241862835269395,0.6326122580367598,2.723907966,4.326978924518959,0.000534401,154702.72673930583,2528.7262335451055,3102.9044097481205,-0.002952545,-0.000640606,1.1676030855795255e-06,2.0645376591700808e-07,GOOD,3.1117324505343373,0.7226823065494933,,281,1160.054995
SCOT-001,Other Deciduous,North Coast,3.81429559,728,2.6,2.875298636,0.215021845,143.7649318,0.54254216,0.5586272122329681,0.13,0.17,2284.866179,4950.948854,6009.195442,50,1748.1319143340002,12.460707269110777,1748.1319143340002,855.1104161,893.0214982,-4.882352941,0.065478664,0.9344955645132204,0.041221553,0.040623754,1.5119914777600567,2.016704660350587,0.2021144597826466,3.814295623860452,10.967288467339692,-3.39E-08,-4.96E-05,8.877249133140552e-09,4.518923340228597e-06,GOOD,0.6204120841421951,0.6295417628777134,,728,1478.116696
SCOT-001,Pasture,North Coast,13197.86566,197,4.5,3.069359746,0.350906068,30.69359746,0.10289172336777223,0.068524209,0.51,0.17,328.209843,177.7241242,145.0367898,10,855.1104161,26.897002455235135,855.1104161,855.1104161,0,-4.882352941,0.1045306465588598,0.8954271873375361,0.19304068726730322,0.23654679042095236,2.854335186,0.000148568,332.4351595545878,13197.856291171538,40508.773828499936,0.009368828,0.2237614197874791,7.098745132587798e-07,5.523746157647702e-06,GOOD,2.262942000342034,1.8467377139832826,,197,791.7679855
SCOT-001,Truck Crops,North Coast,1.45959754,5809,4.2,1.856129243,0.139554281,92.80646215,1.1244727167916924,1.262909809962677,0.25,0.17,7441.94487,27484.23099,27982.75263,50,24304.03803,247.81902826557018,24304.03803,855.1104161,23448.92762,-4.882352941,0.9274225986415786,0.072546265,0.326719304,0.30829259091178807,4.138939913337993,2.740481461759657,156.71868339345295,1.4595975455488805,2.709285725377092,-5.55E-09,-8.40E-05,3.8016510128002936e-09,3.102329846571159e-05,GOOD,0.332418674,0.35228740820875265,,5809,24223.01227
SHA-001,Alfalfa,North Coast,3456.544286,236,6.3,2.331077971,0.306290873,116.5538986,0.13122437452970753,0.081460253,1.86,0.17,739.7198673,484.1807412,381.4811931,50,1369.581372,12.079991215397628,1369.581372,855.1104161,514.4709556,-4.882352941,0.15869036309510542,0.8412681146726798,0.24244337772351673,0.307712192,4.394230372170038,0.000155541,1933226.5696691074,3456.5453667370743,8057.473301253174,-0.001080737,0.000939627,3.126640323673106e-07,1.166156193501707e-07,GOOD,1.939072961544676,1.5277763122781245,,236,1214.584799
SHA-001,Corn,North Coast,145.3059177,68,18.6,2.492780338,0.234536008,124.63901690000002,1.320694044672553,0.033525185,0.3,0.17,423.9938724,1022.014707,159.5840787,50,1139.2812221430002,9.596742807229711,1139.2812221430002,855.1104161,284.170806,-4.882352941,0.095638157,0.9043076898929566,0.040302766,0.2529591361003936,11.749115907648589,0.022940107230975722,442.2766718937558,145.3059280710902,362.21562955380296,-1.04E-05,0.000105084,7.137417627678913e-08,2.9011385551856654e-07,GOOD,2.644960375498291,0.4214088525991567,,68,952.5135541
SHA-001,Grain,North Coast,8131.180593,281,4.4,1.227063393,0.351483763,61.35316965,0.6729928083090427,0.036299510576689786,0.74,0.17,345.3012994,477.8051109,110.9675411,50,1174.0960322270003,18.89966003150927,1174.0960322270003,855.1104161,318.9856161,-4.882352941,0.8753670213087402,0.1241862835269395,0.6326122580367598,2.723907966,4.326978924518959,0.000166194,497450.95432085975,8131.184664112896,9977.474882954983,-0.004071113,-0.000835413,5.006791878877558e-07,8.372987463885201e-08,GOOD,3.1117324505343373,0.7226823065494933,,281,1160.054995
SHA-001,Other Deciduous,North Coast,35.17068077,728,2.6,2.875298636,0.215021845,143.7649318,0.54254216,0.5586272122329681,0.13,0.17,2284.866179,4950.948854,6009.195442,50,1748.1319143340002,12.460707269110777,1748.1319143340002,855.1104161,893.0214982,-4.882352941,0.065478664,0.9344955645132204,0.041221553397909075,0.040623754,1.511991477760057,0.218713642,1.8636476844251235,35.17068088834075,101.12619576260751,-1.18E-07,1.4682564923873542e-05,3.3647557551186277e-09,1.4519049867723447e-07,GOOD,0.6204120841421951,0.6295417628777134,,728,1478.116696
SHA-001,Pasture,North Coast,38386.2456,197,4.5,3.069359746,0.350906068,30.69359746,0.10289172336777223,0.068524209,0.51,0.17,328.209843,177.7241242,145.0367898,10,855.1104161,26.897002455235135,855.1104161,855.1104161,0,-4.882352941,0.10453064655885981,0.8954271873375359,0.19304068726730325,0.2365467904209524,2.854335186,5.108038785969447e-05,966.8940425279031,38386.240537498146,117820.93821427731,0.005062502,0.2588304323144257,1.318832247485656e-07,2.1968070161110934e-06,GOOD,2.262942000342034,1.8467377139832826,,197,791.7679855
SHA-001,Truck Crops,North Coast,107.1797968,5448.01081,5.029103863,1.856129243,0.139554281,92.80646215,1.1244727167916924,1.262909809962677,0.260528303,0.17,7441.94487,27484.23099,27982.75263,50,27304.850241421755,278.2995783950216,27304.850241421755,855.1104161,26449.73983,-4.882352941,0.934879421,0.065092642,0.3293462483138484,0.3107713780122184,4.963696984749256,0.035812296,15900.666563335448,107.17979695033111,198.93950229757252,-1.50E-07,5.280170532273587e-05,1.402606727181608e-09,2.6541582088281017e-07,GOOD,0.332418674,0.35228740820875265,,5448.01081,27223.82449
SHA-001,Vineyard,North Coast,3.75211621,1724.89191,9.969203427,2.243317817,0.1875,112.1658909,0.13322355658393814,0.065286739,0.13,0.17,7370.795962,6213.04167,4349.368869,50,17083.17626050258,145.41509816441808,17083.17626050258,855.1104161,16228.06584,-4.882352941,0.7467037990533263,0.25328445670720195,0.8858465236017556,1.2654252852379708,9.402910837576645,2.0501251192077796,3.612140447594045,3.7521162130357206,8.417213125793433,-3.04E-09,-2.40E-05,8.090689077605628e-10,2.848985035822293e-06,GOOD,1.6946817290099252,1.1863425962541438,,1724.89191,16943.78859
TUL-001,Alfalfa,North Coast,14874.45803,251.354906,6.347984081,2.331077971,0.306290873,116.5538986,0.13122437452970753,0.081460253,1.86,0.17,739.7198673,484.1807412,381.4811931,50,1478.3783136812513,12.963947432273255,1478.3783136812513,1056.816793,421.5615205,-4.882352941,0.1691616205575777,0.830797374,0.2584411168344474,0.32801672455427894,4.480700995253029,3.6144806588435445e-05,6817714.7674352545,14874.43807174886,34673.43979157392,0.019958251,0.081652723,1.3417800567448286e-06,2.354901369551775e-06,GOOD,1.939072961544676,1.5277763122781245,,251.354906,1323.381741
TUL-001,Grain,North Coast,15787.9891,254.3456275,4.4,1.227063393,0.351483763,61.35316965,0.6729928083090427,0.036299510576689786,0.74,0.17,345.3012994,477.8051109,110.9675411,50,1056.8167932270003,17.106924876337704,1056.8167932270003,1056.816793,0,-4.882352941,0.8634288841481761,0.13608163339158386,0.6239847775376591,2.6867596775325326,4.319728080766643,8.559363341284238e-05,1063.1128558270093,15788.019027355234,19372.88096226627,-0.029927355,-0.017488573,1.89557739393595e-06,9.027355857630731e-07,GOOD,3.1117324505343373,0.7226823065494933,,254.3456275,1042.775756
TUL-001,Lettuce,North Coast,379.0195663,3402,4.2,2.314196388,0.164570286,115.7098194,0.680529189,1.2720462492145637,0.25,0.17,2859.243032,5814.317411,7949.261967,50,14171.733415955003,116.64008260284022,14171.733415955003,1056.816793,13114.91662,-4.882352941,0.6706701680432221,0.3292923421918651,0.3298081034159713,0.24123107382372316,3.8765307983621344,0.010553544871174108,22761.175894915148,379.0195641353107,877.1249062588464,2.164689306027867e-06,0.000805054,5.7112864308289595e-09,9.178318794160249e-07,GOOD,0.35968660202607483,0.49175901826412594,,3402,14018.50761
TUL-001,Onions & Garlic,North Coast,1836.694853,209.021811,25.15430712,1.699157349,0.178481578,84.95786745000001,0.8220938475297447,0.4158621200492846,0.41,0.17,887.6914461,1905.136225,1355.002253,50,5172.006987622593,58.36717564972526,5172.006987622593,1056.816793,4115.190194,-4.882352941,0.8205416868788789,0.17935432254834094,0.38232847926778224,0.5375547041879811,24.236999408662168,0.001327942,270380.1342878131,1836.6948292830953,3120.830566704147,2.3716904706816422e-05,0.002990641,1.2912817100825415e-08,9.582828506852992e-07,GOOD,0.6551217479671209,0.46594644170006466,,209.021811,5112.025606
TUL-001,Pasture,North Coast,2116.81984,244.9575383,4.673759197,3.069359746,0.350906068,30.69359746,0.10289172336777223,0.068524209,0.51,0.17,328.209843,177.7241242,145.0367898,10,1113.4829636391046,34.73619821900644,1113.4829636391046,1056.816793,56.66617041,-4.882352941,0.13193636480511342,0.8680227595791707,0.24365186073145959,0.29856434128993975,3.1041657238422893,0.000926288,8663.656224690278,2116.8102130876223,6497.2208383011375,0.009626912,0.060768129023017536,4.547818475579692e-06,9.352854424976314e-06,GOOD,2.262942000342034,1.8467377139832826,,244.9575383,1050.140533
TUL-001,Potatoes,North Coast,4929.676369,215.6758334,23.14230555,2.70089927,0.150675135,135.0449635,1.4974640784942694,0.060261523,0.41,0.17,793.9256634,2502.863999,502.0871398,50,4855.470103183696,35.01289330035467,4855.470103183696,1056.816793,3798.65331,-4.882352941,0.21946614184610092,0.7805080817735229,0.069616168,0.3470310004058451,17.059108082648358,0.000494764,669875.8432,4929.676153,13314.545890068655,0.000216319,0.013416299694654299,4.388091912365847e-08,1.007641288453106e-06,GOOD,1.5812507454985842,0.31720687248646934,,215.6758334,4624.784792